0,1,2
0.0,0.0,0.0
0.0,0.0,0.0
0.0,0.0,0.0
0.0,0.0,0.0
0.0,0.0,0.0
0.0,0.0,0.0
0.0,0.0,0.0
0.0,0.0,0.0
0.0,0.0,0.0
0.0,0.0,0.0
0.0,0.0,0.0
0.0,0.0,0.0
0.0,0.0,0.0
0.0,0.0,0.0
0.0,0.0,0.0
0.0,0.0,0.0
0.0,0.0,0.0
0.0,0.0,0.0
0.0,0.0,0.0
0.0,0.0,0.0
0.0,0.0,0.0
0.0,0.0,0.0
0.0,0.0,0.0
0.0,0.0,0.0
0.0,0.0,0.0
0.0,0.0,0.0
0.0,0.0,0.0
0.0,0.0,0.0
0.0,0.0,0.0
0.0,0.0,0.0
0.0,0.0,0.0
0.0,0.0,0.0
0.0,0.0,0.0
0.0,0.0,0.0
0.0,0.0,0.0
0.0,0.0,0.0
0.0,0.0,0.0
0.0,0.0,0.0
0.0,0.0,0.0
0.0,0.0,0.0
0.0,0.0,0.0
0.0,0.0,0.0
0.0,0.0,0.0
0.0,0.0,0.0
0.0,0.0,0.0
0.0,0.0,0.0
0.0,0.0,0.0
0.0,0.0,0.0
0.0,0.0,0.0
0.0,0.0,0.0
0.0,0.0,0.0
0.0,0.0,0.0
0.0,0.0,0.0
0.0,0.0,0.0
0.0,0.0,0.0
0.0,0.0,0.0
0.0,0.0,0.0
0.0,0.0,0.0
0.0,0.0,0.0
0.0,0.0,0.0
0.0,0.0,0.0
0.0,0.0,0.0
0.0,0.0,0.0
0.0,0.0,0.0
0.0,0.0,0.0
0.0,0.0,0.0
0.0,0.0,0.0
0.0,0.0,0.0
0.0,0.0,0.0
0.0,0.0,0.0
0.0,0.0,0.0
0.0,0.0,0.0
0.0,0.0,0.0
0.0,0.0,0.0
0.0,0.0,0.0
0.0,0.0,0.0
0.0,0.0,0.0
0.0,0.0,0.0
0.0,0.0,0.0
0.0,0.0,0.0
0.0,0.0,0.0
0.0,0.0,0.0
0.0,0.0,0.0
0.0,0.0,0.0
0.0,0.0,0.0
0.0,0.0,0.0
0.0,0.0,0.0
0.0,0.0,0.0
0.0,0.0,0.0
0.0,0.0,0.0
0.0,0.0,0.0
0.0,0.0,0.0
0.0,0.0,0.0
0.0,0.0,0.0
0.0,0.0,0.0
0.0,0.0,0.0
0.0,0.0,0.0
0.0,0.0,0.0
0.0,0.0,0.0
0.0,0.0,0.0
0.0,0.0,0.0
0.0,0.0,0.0
0.0,0.0,0.0
0.0,0.0,0.0
0.0,0.0,0.0
0.0,0.0,0.0
0.0,0.0,0.0
0.0,0.0,0.0
0.0,0.0,0.0
0.0,0.0,0.0
0.0,0.0,0.0
0.0,0.0,0.0
0.0,0.0,0.0
0.0,0.0,0.0
0.0,0.0,0.0
0.0,0.0,0.0
0.0,0.0,0.0
0.0,0.0,0.0
0.0,0.0,0.0
0.0,0.0,0.0
0.0,0.0,0.0
0.0,0.0,0.0
0.0,0.0,0.0
0.0,0.0,0.0
0.0,0.0,0.0
0.0,0.0,0.0
0.0,0.0,0.0
0.0,0.0,0.0
0.0,0.0,0.0
0.0,0.0,0.0
0.0,0.0,0.0
0.0,0.0,0.0
0.0,0.0,0.0
0.0,0.0,0.0
0.0,0.0,0.0
0.0,0.0,0.0
0.0,0.0,0.0
0.0,0.0,0.0
0.0,0.0,0.0
0.0,0.0,0.0
0.0,0.0,0.0
0.0,0.0,0.0
0.0,0.0,0.0
0.0,0.0,0.0
0.0,0.0,0.0
0.0,0.0,0.0
0.0,0.0,0.0
0.0,0.0,0.0
0.0,0.0,0.0
0.0,0.0,0.0
0.0,0.0,0.0
0.0,0.0,0.0
0.0,0.0,0.0
0.0,0.0,0.0
0.0,0.0,0.0
0.0,0.0,0.0
0.0,0.0,0.0
0.0,0.0,0.0
0.0,0.0,0.0
0.0,0.0,0.0
0.0,0.0,0.0
0.0,0.0,0.0
0.0,0.0,0.0
0.0,0.0,0.0
0.0,0.0,0.0
0.0,0.0,0.0
0.0,0.0,0.0
0.0,0.0,0.0
0.0,0.0,0.0
0.0,0.0,0.0
0.0,0.0,0.0
0.0,0.0,0.0
0.0,0.0,0.0
0.0,0.0,0.0
0.0,0.0,0.0
0.0,0.0,0.0
0.0,0.0,0.0
0.0,0.0,0.0
0.0,0.0,0.0
0.0,0.0,0.0
0.0,0.0,0.0
0.0,0.0,0.0
0.0,0.0,0.0
0.0,0.0,0.0
0.0,0.0,0.0
0.0,0.0,0.0
0.0,0.0,0.0
0.0,0.0,0.0
0.0,0.0,0.0
0.0,0.0,0.0
0.0,0.0,0.0
0.0,0.0,0.0
0.0,0.0,0.0
0.0,0.0,0.0
0.0,0.0,0.0
0.0,0.0,0.0
0.0,0.0,0.0
0.0,0.0,0.0
0.0,0.0,0.0
0.0,0.0,0.0
0.0,0.0,0.0
0.0,0.0,0.0
0.0,0.0,0.0
0.0,0.0,0.0
0.0,0.0,0.0
0.0,0.0,0.0
0.0,0.0,0.0
0.0,0.0,0.0
0.0,0.0,0.0
0.0,0.0,0.0
0.0,0.0,0.0
0.0,0.0,0.0
0.0,0.0,0.0
0.0,0.0,0.0
0.0,0.0,0.0
0.0,0.0,0.0
0.0,0.0,0.0
0.0,0.0,0.0
0.0,0.0,0.0
0.0,0.0,0.0
0.0,0.0,0.0
0.0,0.0,0.0
0.0,0.0,0.0
0.0,0.0,0.0
0.0,0.0,0.0
0.0,0.0,0.0
0.0,0.0,0.0
0.0,0.0,0.0
0.0,0.0,0.0
0.0,0.0,0.0
0.0,0.0,0.0
0.0,0.0,0.0
0.0,0.0,0.0
0.0,0.0,0.0
0.0,0.0,0.0
0.0,0.0,0.0
0.0,0.0,0.0
0.0,0.0,0.0
7.401068874213008e-06,5.230671884046509e-05,1.5296722783858715e-05
1.925640654669808e-05,8.43418064315865e-05,1.5722573894910357e-05
2.376995396291363e-05,0.00011498146916416931,1.0255472622314822e-05
3.0432548470032787e-05,0.0001481448433126136,1.2414076866803794e-05
4.346943494363175e-05,0.00018318212207117256,3.209848053826538e-05
6.095431642652107e-05,0.00021376016150502302,6.800398303367861e-05
8.363130640839035e-05,0.0002451456552445735,0.00011982775650206518
0.00011091578969513378,0.000273380102007497,0.00018456793576338934
0.00013879629677953305,0.00029783700650334643,0.0002586968229167543
0.00016232119199307416,0.00031248392570426786,0.00031998340882228785
0.00018649678511835943,0.0003186671032773034,0.00036361191863819553
0.00021041029503666002,0.00031788831449844357,0.0003863681709097627
0.0002329586749685757,0.00031265615423972334,0.0003910389376994911
0.0002538536607683956,0.00031412553018762374,0.00038997306186738394
0.00027028347491395995,0.00031462978181283195,0.000393680166137438
0.0002824055037095691,0.0003059326446981134,0.0003887585312632966
0.0002901625710483385,0.00029121893124327644,0.00036427843549268174
0.0002930226108839318,0.00027908734707287854,0.0003163235396509727
0.00030587569705800566,0.0002652845103245319,0.00025539053499554096
0.0003382280095765331,0.00025999754153113546,0.0002044590099050068
0.00038573925664340733,0.00026190577225726876,0.00018090715023866207
0.00044480469871292186,0.00026366180714895514,0.00017210748527523196
0.0005108471827173092,0.0002714230997127286,0.00018633727585222533
0.0005942163111673017,0.00028569524164980394,0.00022331992336244405
0.000692622353365861,0.0003057956405774841,0.00027972545927278705
0.0007946173501940447,0.00032620917156840726,0.0003384927918780826
0.0008985041894187199,0.0003499848081162913,0.00038617022698424935
0.0009925621599745312,0.00036993188653281487,0.0004218300479318971
0.001078465723019663,0.0003891469164908064,0.00043516281015266225
0.0011602523516756212,0.00040984253769422914,0.00041985044023481387
0.0012388298244082499,0.00042969402599424733,0.000381722795300966
0.0013144004281543523,0.00044673136795526333,0.0003384480762655507
0.0013966644212943938,0.0004662478313818615,0.0003060386277152823
0.0014799524116849302,0.0004876925231853407,0.00029317121100654666
0.0015521595128082364,0.0005079382048838046,0.00029212069463863935
0.0016278649768041603,0.0005365390251406946,0.00030147789265049977
0.001714065903041166,0.0005754847580906045,0.0003191263110824932
0.0018028339096419956,0.0006179908755847056,0.0003469486135254827
0.0018854770995726112,0.0006639009253714598,0.00037455672743187847
0.001962458178333703,0.0007116279625447911,0.0004014871646809208
0.002034363747937845,0.0007624572865136282,0.0004197224383997959
0.002093696035676619,0.0008158138739197862,0.00042731166753780573
0.002153836667832293,0.0008630783788836953,0.0004306271773864892
0.0022147012831821365,0.0009085149665304681,0.00042794200161984836
0.0022746322848573503,0.0009502524607340482,0.0004318164073859177
0.0023374711834117947,0.0009832686834590906,0.00044520234933961454
0.0024027447264036664,0.0010136843772290997,0.0004701016321188302
0.002466943204293415,0.0010405115058988192,0.0004970369426161588
0.002539969289383573,0.0010730158486823155,0.0005352100379717759
0.0026126339000308112,0.00111515788973716,0.0005864421756897549
0.0026912897060501527,0.0011663720190861163,0.0006509061353764785
0.0027801581576851107,0.001224893204208843,0.0007311871897469237
0.00287953459710501,0.0012921892511204808,0.0008329658664203421
0.002982265694121937,0.0013643460752658806,0.0009492446337915519
0.003084650390946088,0.0014442114680726012,0.0010737838567390424
0.003181748454852655,0.0015265634422483338,0.0012055332139819972
0.0032757967285570564,0.0016143999798822733,0.0013343256827542719
0.0033666099788538656,0.001708492439294448,0.0014442450246446414
0.00345825902156722,0.0018037434583614736,0.0015389032150197339
0.003555928152544465,0.0019059906852715916,0.0016198679927912276
0.003656201998658894,0.0020102854812510816,0.001693736885162152
0.0037605754395896294,0.0021179013898094683,0.0017704024832624196
0.003874511216640188,0.0022266104407836877,0.0018570608992169316
0.0039957801791576705,0.0023368021634955095,0.001954464777987915
0.004121609907406917,0.002448350449868982,0.0020688113426021656
0.004255014598786798,0.002562910690310562,0.0022073598762795623
0.004397311697030969,0.0026756138942262923,0.0023630699172579148
0.004543983039226204,0.0027830249101279832,0.0025292795660188353
0.004684751341737388,0.0028876827264174344,0.0027018636282047336
0.00481960994574802,0.002988500182049668,0.0028741824406795153
0.004948665587544741,0.0030855756266851735,0.0030387745257124494
0.005073155598015508,0.0031867962595283103,0.0031864741692271803
0.005202309610277858,0.0032881515558874784,0.003321146773574063
0.005330759102156548,0.0033891065231917944,0.0034557724912879567
0.00546532520111278,0.003492342587624689,0.0035918457255260817
0.00560335461468967,0.0035953249535201014,0.0037312637968008005
0.005733414595444736,0.003694328824821962,0.003863852615142637
0.005857622600651129,0.0037814143358159105,0.003979363480842747
0.005982660821483664,0.0038581333524735527,0.004067570277495557
0.006106579587012725,0.003923799957144093,0.004102987889898792
0.006231948501304411,0.003981942552868194,0.004099512801575844
0.006373877816081695,0.004024520970299045,0.004065285252562175
0.006577273321135133,0.004077794976992212,0.003983645717806047
0.006857144462865257,0.004173028431200143,0.0038881687517377667
0.007147941648774184,0.004285170801616233,0.0038047075828344288
0.007350818283855527,0.004422134388153636,0.003745152815452089
0.007425446683098872,0.004546900203514682,0.0036617508988069365
0.0073863563001905184,0.00461625684797471,0.0034481907843857745
0.007308624321316555,0.004599577679117616,0.0030132665941873427
0.00724064204460128,0.004508723619963305,0.0023456338556055245
0.007160633957430249,0.004332704155649697,0.001546927508221699
0.007085131191536165,0.004087926379241351,0.0006806525744601144
0.006980399825027957,0.0038222874525036758,-0.00016072247849912072
0.006840373059828698,0.0035049509895609798,-0.0008820366555384162
0.006728255190012736,0.0031910819061904258,-0.0014575490246536422
0.006646614145201827,0.0029091673312588357,-0.0018888498066346607
0.006571679671156162,0.002668681273425369,-0.0022040325654747416
0.006503538896715442,0.0024907043711856415,-0.0024384571251140005
0.006448646503901324,0.002365826484189699,-0.002598007023861362
0.0064019729056515135,0.0022745664834860394,-0.002681761098378476
0.0063609398431228,0.002197663103787994,-0.0026940558736836422
0.006313408710474836,0.002130487738454425,-0.0026236332695702457
0.006252709251765293,0.0020769828545004667,-0.002485993049004202
0.0061844361359008875,0.0020401733910628233,-0.0022917712760167925
0.006102865690073487,0.0020192681787272655,-0.0020633472890978608
0.0060072593653193885,0.002008026451577696,-0.0018233649748201368
0.005896663329511836,0.0019863795079254677,-0.001576462506791108
0.0057787103267855485,0.0019517037252989066,-0.0013389192847892831
0.005653713263602634,0.0019067208420071456,-0.0011599650999773346
0.005471998519272457,0.0018474148386973324,-0.0010035070172406777
0.0052599270712780566,0.0017950363172268464,-0.0008747146984404439
0.00505443671319651,0.0017577764713540118,-0.0007992628471167601
0.004838121882709924,0.0017357903714276845,-0.0007781754975554313
0.004593088589511278,0.0017193769973980065,-0.0008099442830484044
0.004352452435808179,0.0016946767700525861,-0.0008873935058123458
0.004124129530584237,0.001664435157981919,-0.0009904918108441533
0.0039051497242094334,0.0016480199932781942,-0.0011096174475251795
0.003707178071509743,0.0016395963723898049,-0.0012376563358202264
0.0035273758012782284,0.0016315152167133192,-0.0013460765718608205
0.003367419098250791,0.0016233445629253804,-0.0014179542818872465
0.0032334282379051092,0.001616953252100323,-0.0014450994913976897
0.0031248684091253914,0.0016050643340091016,-0.0014181536360643489
0.0030371429593300863,0.0015827444917821246,-0.001335210048521829
0.0029666726597924187,0.0015583418573479882,-0.0012067960221517672
0.002912340099117584,0.001531795646478116,-0.0010528611211017165
0.0028727444490988683,0.0014972250416314785,-0.0008752935551046487
0.0028344677412372515,0.0014673312941904794,-0.0006804698000838227
0.0027992654801308587,0.0014490533373230233,-0.00048264182288549614
0.002769798396654007,0.0014281487228986708,-0.00029336077870190504
0.0027350813967245563,0.0014187555137670825,-0.00010620839225766984
0.0026993832515691866,0.0014121067789819278,7.693679866761766e-05
0.00266569277843486,0.0014008891987808084,0.0002486519255390859
0.0026288713220078857,0.0013969617822441446,0.00042170918088858605
0.0025961679250301514,0.0014013848768583536,0.0006003544495640783
0.002576008840437925,0.0014105920759354845,0.0007824742262453773
0.0025598185055396416,0.0014249958040779553,0.0009659681229485168
0.0025422692373597987,0.0014399875579414482,0.0011527511205473985
0.0025231714065410537,0.0014416159782201453,0.0013320711709537102
0.0025063337203987002,0.001438712216740472,0.0014949607466825808
0.0024890988008247714,0.001442290967288913,0.0016381114913711257
0.0024772026038920383,0.0014464919362740629,0.0017591024958877547
0.0024717765483865395,0.0014523013056248824,0.0018687127552700236
0.0024747657028290266,0.0014596174865248556,0.001976143395246811
0.002488130423917828,0.0014717754480133907,0.0020902129942473356
0.0025085448101847922,0.0014920403466037926,0.0022089227999966972
0.002530739037709323,0.0015183732877273688,0.0023315096517305864
0.002557583950974996,0.0015514786841128625,0.002453841449446618
0.0025852291633382328,0.001594022204118157,0.0025675550066851767
0.0026147370025643574,0.0016406148603659559,0.0026707611998389507
0.0026541392222504496,0.0016893353015845875,0.0027660669047341753
0.0027082297432626094,0.0017434899824199724,0.002855277296518839
0.002778352779388475,0.0018048743683588477,0.002946978954860482
0.0028567744980448465,0.001871379081100191,0.0030485840781825395
0.002941401320730898,0.0019513879414318096,0.003168558906660573
0.0030274973468316095,0.0020501085396668283,0.0032946164277544007
0.0031125338410428797,0.002159646806342706,0.0034256964312898014
0.0031952625568389278,0.0022777843200842457,0.003552457602974092
0.0032737072423568293,0.0024109343623117258,0.003675405603408018
0.0033461857074311633,0.002558636161521729,0.003785216900273811
0.0034173350181176025,0.002715285283131183,0.003879045224945347
0.0034838244094605084,0.002898234058029994,0.003957935582322772
0.003563177860628767,0.0030847865708716607,0.0040226990329579465
0.003644825046685521,0.003269133299313677,0.004084758572502779
0.0037316655553908907,0.003460834810186864,0.004144699716936712
0.0038261419376194898,0.0036539242595077636,0.0041984079169971695
0.003921101790467526,0.00384488121632889,0.004241220279686136
0.004010556994180949,0.004031644830544978,0.004265703451249647
0.004100912459230754,0.004212777797877257,0.0042517575910493025
0.004190531596301383,0.00437705255950419,0.004186694239609028
0.004273211275606649,0.004524748578475225,0.004067781341543143
0.0043519972177883,0.004646670453513048,0.0038917814356381696
0.004457120805843297,0.004758691692284312,0.0036718130524520318
0.004639939672252466,0.004899879986133607,0.003457049567866923
0.00487478296548349,0.005049474862704799,0.0033041390515060596
0.005072452281259585,0.0051809814350126295,0.0031974560158828306
0.005191599912090097,0.005289654277265002,0.003101561880183346
0.005246821427586615,0.005323724156922141,0.002953209394182628
0.005261212953216735,0.005277012642217856,0.0026931085400810784
0.0052405790393856115,0.005175223577433032,0.0023094493353319496
0.005177129514007746,0.005058180199101257,0.0018400965997859599
0.005075082206017227,0.00490226237698385,0.0013199404706914848
0.004944993135162499,0.004697166049249479,0.000773588859023033
0.004804701251928127,0.0044596249041230695,0.00023775411172422824
0.004660327715890117,0.004198274708119842,-0.0002613866896883274
0.004502711377375098,0.003932084097713386,-0.0007339028772872564
0.004340353131575288,0.003675622232281163,-0.0011983635464112479
0.004206700261686389,0.0034347627457623846,-0.001645430125122668
0.004098600966365825,0.0032348640739768915,-0.0020370810531136307
0.004004458535413744,0.0030626181978264813,-0.0023392783448858635
0.003926615962697673,0.00290223750061428,-0.0025496308981914476
0.0038800964238096263,0.0027337437712788137,-0.0026690966753279617
0.0038608335511251027,0.002570412258424894,-0.0026904923563963795
0.003857882115472928,0.00242113781935969,-0.0026276930563843325
0.0038724508285814746,0.002274699595066056,-0.0024942030314686016
0.0038940261560031367,0.002119139610374078,-0.0022978698175083138
0.0039115068077662475,0.0019475643544025801,-0.0020588617257240403
0.00391945019136889,0.0017641914097774978,-0.0018115707582869497
0.003904151352715002,0.0015811559550421104,-0.0015860516366675826
0.003867296197448667,0.0014093144660873697,-0.0014071843825033139
0.003812918640181641,0.001246143565094016,-0.0012828604844326303
0.003738256539842565,0.0011048088068233103,-0.0012011156059079265
0.003648625582159377,0.0009924130656811636,-0.0011385694583347784
0.0035493988961425795,0.0008767868956834626,-0.0010880961247065508
0.003439665655576101,0.000757018686313121,-0.0010304548512670413
0.0033227785264958033,0.000645895460174071,-0.0009540998777837478
0.0032076351772681376,0.0005502063662520222,-0.000859464679198309
0.0031053030775398745,0.0004803357613470859,-0.0007432099616155599
0.003013224963929507,0.00042355358266346697,-0.0006057623853342923
0.0029351390711343595,0.00036936449332526807,-0.00044259914673554863
0.0028689814966043692,0.0003296147721321361,-0.0002485249040084798
0.002811248548766642,0.00029725919669377907,-3.604989781788054e-05
0.0027586910446562502,0.0002801492378671906,0.00018480484739384422
0.002704790874157982,0.0002711811701741717,0.00039321854522849823
0.002653356124935978,0.0002613334491076087,0.0005742776331951816
0.00260431950674246,0.0002460756002617476,0.0007270608690773557
0.0025576424040934555,0.0002185061371198428,0.0008460643996855675
0.002515329775704992,0.0001813204529283141,0.0009334593743095153
0.002482551476225266,0.0001371239010213996,0.0009985816148499853
0.0024592244636929953,9.562448750898131e-05,0.0010575457031248142
0.0024400116955925573,6.443127658507916e-05,0.0011100128507204076
0.0024286039086247367,2.5373041764736176e-05,0.001150404672490253
0.0024331108549429208,-4.411652747715213e-06,0.0012026419524710594
0.002449852959227821,-2.8640306479063045e-05,0.0012730244808833702
0.002477363677505055,-4.537080026984469e-05,0.0013670915120103217
0.0025159965575229865,-4.3256497910219965e-05,0.0014855416977233545
0.0025630899739085876,-3.117544017462293e-05,0.0016205234601181472
0.0026131089569432168,-1.0820649680693403e-05,0.0017686740011175614
0.0026685903547306994,1.239079631365768e-05,0.0019156514193786301
0.002733901536143504,4.247892722316534e-05,0.0020520494683144747
0.0028039842014795087,8.243554705602868e-05,0.002181356012486651
0.002872307890345769,0.00012513530538213447,0.002312871065962197
0.0029410664206590354,0.000167949713430272,0.002434521089213971
0.0030081692682643545,0.00021275458477001968,0.002542082013703559
0.0030748549485336042,0.00026250546981946177,0.002635163567027122
0.0031302195605588876,0.0003169036449368628,0.002711885341920201
0.0031790385260519966,0.0003730163242892523,0.00277015581483728
0.003225335981809016,0.00042806422660157195,0.002812846486967773
0.0032703519153092727,0.0004801909600705288,0.0028477552968853327
0.0033169042859884407,0.0005296546774583227,0.0028778824017086126
0.0033642671291335803,0.0005767056080796455,0.0029092034269698067
0.0034241081477148346,0.0006243381792142305,0.0029429673871740596
0.003492398178579105,0.0006727301726711125,0.002987172497919926
0.0035629142958580836,0.0007242282283296903,0.003051237111133331
0.0036393486494728945,0.0007706279495651214,0.0031310566737257632
0.0037222394349016763,0.000817004408553425,0.0032144874831006947
0.0038024410629943495,0.0008631554147388411,0.0032938799008504147
0.003881476684755815,0.0009098511232101231,0.0033550225270622606
0.003963149607414391,0.0009635057698418818,0.0033979818838125015
0.004044328629818659,0.0010189666985404913,0.0034255670137768378
0.004120780206572695,0.00107164755452094,0.003436979809837077
0.004188389914767625,0.0011190729845972098,0.003433505859454849
0.004277769510776859,0.0011697122012280143,0.003404706600944231
0.004448621406778306,0.0012437454881650965,0.0033587564153170915
0.004666060108878137,0.0013185287884888107,0.003333520615341521
0.00481722331614906,0.0013999527682726455,0.0033429001232251733
0.004890640597529356,0.0014748386464021317,0.003340383134833575
0.004854653595639435,0.0015249056863684152,0.003267665575964117
0.004728251856958392,0.0015339018076789897,0.0030605988535493235
0.0046417055050729855,0.0015073625452023457,0.0026638593792590016
0.004608163559205089,0.0014511514184205347,0.002138770973528526
0.004563928997825355,0.0013484062618216964,0.0015819527846404286
0.0045861244791905505,0.001254058658865072,0.0010661920633740045
0.0045679220350603325,0.0011318927580657454,0.0006507894620953737
0.004457137860509676,0.0009728496996805116,0.00031100068558789784
0.004245704597822607,0.0007654292741925817,-9.01945052260512e-06
0.003981916814160149,0.0005351475385867235,-0.00037494167568126674
0.003741240788925771,0.0002952416258213932,-0.0008392622939860176
0.0035527860739400655,8.553046173157591e-05,-0.0013298149045294545
0.0034145302837091155,-0.00010839144789055072,-0.0017499813478883018
0.003294640954259988,-0.0002914125622071767,-0.002011896904588798
0.00318156057026185,-0.00044251737232247447,-0.0021005116622783387
0.003066024404311214,-0.0005770631029242869,-0.0020468869797028496
0.002946949813387042,-0.0006893213363565944,-0.0018639395331961559
0.0028142265244368823,-0.000740316999628509,-0.0015827215813981705
0.0026650683731238582,-0.000780271194408719,-0.0012702517365505753
0.0024893588159728922,-0.0008167311958928034,-0.0009672130071052788
0.0023089150651200824,-0.0008505836441335093,-0.0006988634841622089
0.0021391349363298977,-0.0009105293912346683,-0.0005006253474178458
0.001977952071000833,-0.0009983081684618723,-0.00036894493751040065
0.001826630641668629,-0.001095774849007843,-0.0002868001533340133
0.001671161611431655,-0.0011972040987742382,-0.00023369348312838237
0.0015079719902022569,-0.0013010077825487023,-0.0001805478665687796
0.0013357059017407905,-0.0014189469399422958,-0.0001414891878684933
0.0011439521904772943,-0.0015442650176261195,-0.0001345633876842463
0.0009442128812131292,-0.0016800270074438016,-0.00018581311877639075
0.0007534767527245482,-0.00182007737837407,-0.00029313699799784934
0.0005749573825658473,-0.0019598706328186498,-0.00043487074308380826
0.0004039904826746039,-0.0020986239323187283,-0.0006078388006711465
0.0002521236160124247,-0.002221372410473255,-0.0007917683202457761
0.00012318047137347093,-0.002343640404017035,-0.0009586456695980285
-7.541535604451755e-07,-0.002487232247711953,-0.0010753557293506125
-0.00012595900818465535,-0.0026588450486182296,-0.0011225753839092848
-0.0002479870605342412,-0.002845951012899186,-0.001107912889902352
-0.0003523453109372999,-0.003014275508795669,-0.0010411117395443756
-0.00043578171232624383,-0.0031761964365934875,-0.0009492547908403173
-0.0005068008290358539,-0.0033199410129974754,-0.0008340582358831167
-0.000574883367894864,-0.003465607487565368,-0.0007035655671216176
-0.0006547362213119447,-0.0036075541583612137,-0.0005580319740725226
-0.0007445823372661736,-0.0037318950499801926,-0.00040509217753078734
-0.0008400026259059033,-0.0038503044786673876,-0.000254400973016046
-0.0009457436552465635,-0.0039603515285299255,-0.00011566938898002924
-0.0010536404220397337,-0.004069396569233795,-2.1402355854641987e-06
-0.0011608814953257777,-0.004172668147145378,7.287514746801013e-05
-0.0012699869250129183,-0.004264033223989098,0.00010747409072849124
-0.0013853152886345455,-0.004341266331192281,0.00011643249956730885
-0.001510647744036999,-0.0044077664912111625,0.00011075386886377677
-0.0016386453820092402,-0.0044734538779686705,9.278940989334626e-05
-0.0017674770901972123,-0.004545401683424254,5.401353027264101e-05
-0.0018978166215611054,-0.004617862437927494,-3.4903643700528767e-06
-0.0020227540318989395,-0.004692632607252081,-7.344998094498786e-05
-0.002135471310087309,-0.004765089272082958,-0.00013751142846235364
-0.0022236340049710656,-0.0048278691993277325,-0.00017383744926255864
-0.002284705410530639,-0.004870553570255127,-0.00015172013969067013
-0.0023217567827281127,-0.004894200393772776,-4.92952238567375e-05
-0.0023663453815475047,-0.0049015769497600436,0.00012058382219003264
-0.0024348336783560106,-0.0049051686514634445,0.0002988636397107509
-0.0025100163368710123,-0.004922789385004505,0.0004276065743176219
-0.002566420320425557,-0.004944389447747447,0.0004894663067557527
-0.002603591611141571,-0.004964872857704515,0.0004977506174488011
-0.0026316124474097284,-0.004973240058510051,0.00048288222912204237
-0.0026572898885624087,-0.004959908178177245,0.0004663472038054785
-0.0026871582466160616,-0.004954141222987285,0.00045539620007682116
-0.0027205995471329845,-0.004959232941732449,0.00044633102249124677
-0.0027539208014046327,-0.004972759509289716,0.00042536201328334386
-0.0027797303008196736,-0.00498266242457926,0.00039103581642296214
-0.002793001367796626,-0.004989338274861633,0.0003401130656653812
-0.0027920138584877,-0.004999231064827762,0.00027130867176810333
-0.002786954414837494,-0.005012674212034506,0.00018451486943922907
-0.002779006138491121,-0.005037870909385912,8.373741354170738e-05
-0.002771600240025376,-0.005078723204467607,-1.6131451690034326e-05
-0.002761474467164972,-0.005138061390190234,-0.00010346842809262106
-0.0027457270772376246,-0.005209936055134711,-0.00016635447536696336
-0.002726534183359348,-0.005296427980724037,-0.0001944624054713458
-0.002708163775266619,-0.005392108753594459,-0.00019269195419994097
-0.0026882749755270793,-0.005490708791870694,-0.0001687499696050613
-0.0026515776817371516,-0.005602181400704073,-0.00013416764675334113
-0.0026083187310794766,-0.005729004077148787,-9.767776202914842e-05
-0.0025670592650273378,-0.005870725545211091,-4.545748812141681e-05
-0.0025185365116813757,-0.006026659698413074,1.55138951298565e-05
-0.0024571823841120595,-0.006184210341906106,8.18422768782416e-05
-0.0023881702466104597,-0.006349959822510874,0.0001361007315749925
-0.002327681129269603,-0.0065260062305485,0.00017062224583141018
-0.0022640529857759564,-0.006710444016244223,0.00018621590014324785
-0.0021880788896906376,-0.006915974532768596,0.00018816590549188762
-0.002124756337972792,-0.007158803568415642,0.00019222706619010296
-0.0020778454895575525,-0.0074433465101762745,0.00017692039235737937
-0.0020359592060677774,-0.007767393503366479,0.00013811019259146715
-0.0019964734747859435,-0.008104230879310231,8.375615478308388e-05
-0.0019659746640236066,-0.00843611282966168,1.607022835103431e-05
-0.0019540081168013712,-0.008776082603625153,-7.424033538676263e-05
-0.001953021026747958,-0.009108891746003623,-0.0001567069286855635
-0.0019603488015104724,-0.009443511721060569,-0.00020400856973982256
-0.0019951240307158205,-0.00978525514778017,-0.00022232264587124476
-0.002050099236107419,-0.010113856920529173,-0.00021281434999217207
-0.0021318990529616737,-0.010430316640838525,-0.0001944089692914337
-0.002246148278977948,-0.010724140777995333,-0.0001925088879211361
-0.0023833969457408323,-0.010998469479172875,-0.00022545897586409181
-0.0025398290473841595,-0.01124991649831791,-0.00027886519189528
-0.002710314596827867,-0.011479862280469757,-0.00036463439031221166
-0.0028961675217844688,-0.0116846763967919,-0.0004539516073789394
-0.0031042611172648273,-0.011870204279489352,-0.0005286961308389103
-0.003319403780203105,-0.01203584811245564,-0.0005793538796878675
-0.003540139695119791,-0.01217840077525304,-0.0006110023425091276
-0.0037685743380888215,-0.012293352204796791,-0.0006329683277490918
-0.00401266590089274,-0.012379375441180625,-0.0006689793588451825
-0.004263938693282105,-0.012438253922651667,-0.0007164691002414161
-0.004520804556122965,-0.012448160163899253,-0.0007766886032328223
-0.004780117364957077,-0.012425464602204587,-0.0008488912217297339
-0.005019537984031633,-0.012371484264750097,-0.0009198383911770832
-0.0052364972850390806,-0.012291637876884552,-0.0009718282691661797
-0.005437032373049577,-0.012204865721599246,-0.00098816045447397
-0.005615012497921895,-0.012092530073777754,-0.0009694797830169571
-0.005776693587535773,-0.011970785524749804,-0.0009348002693682648
-0.0059219148480885,-0.011833440898527033,-0.000888724565602361
-0.0060676509097481734,-0.011672592957671566,-0.0008364159838656757
-0.00619078292492836,-0.01151303540511058,-0.0007858824961188799
-0.0063117945876006165,-0.01135289679893809,-0.0007465176872555285
-0.006444250335487056,-0.0111845498868907,-0.0007395080211994488
-0.006592210279147107,-0.011009988193353443,-0.0007548940520528055
-0.006741573177184577,-0.010828691529902304,-0.000779571918945603
-0.0068803325390781175,-0.0106471408799349,-0.0008141177161020203
-0.007005880645497156,-0.010453593391740158,-0.0008582666060621152
-0.007119456406787063,-0.010252791052872573,-0.0009050028796059523
-0.007213981520284303,-0.010055462439357734,-0.000951697539290977
-0.00727755899296876,-0.009871336422663477,-0.0009933837568242246
-0.007316976363532323,-0.009699715025809807,-0.001029868815403014
-0.007345468894506437,-0.009530056389311889,-0.0010651146946419443
-0.007371491914170656,-0.009366033022860662,-0.0010995039819973946
-0.0073942306535341095,-0.00919730211052751,-0.001150416779456757
-0.00741689105877693,-0.009028952598352973,-0.0012294757193879817
-0.007436221398817754,-0.008868991881230104,-0.001339707552752228
-0.0074490084245656,-0.00872368280637033,-0.0014624553024959247
-0.007450613217075111,-0.00858222821179102,-0.0015623786057797175
-0.007427727431078941,-0.00844869204078785,-0.0016130640972355794
-0.0073791375166572535,-0.008330072525828664,-0.0016003160668318112
-0.007299416631334989,-0.0082286579025033,-0.0015253836649197882
-0.007197726650342504,-0.008139455808345296,-0.00140299178089852
-0.007083418022610086,-0.008050989878264178,-0.0012742295688404775
-0.006951651778211471,-0.007951840953622249,-0.0011659691475202295
-0.0068104114718961035,-0.007843999694277558,-0.0011043341358192606
-0.006679985592204743,-0.0077335681016848165,-0.0011041482896671376
-0.0065758952201975225,-0.007617196329248369,-0.0011572809783478555
-0.006490271651448274,-0.007483994379082811,-0.0012623079518722289
-0.006420340015143735,-0.0073477406758436226,-0.001411813597627706
-0.006349723089165577,-0.007222787025857652,-0.0015819967040666657
-0.006273893749399797,-0.007108364632365091,-0.0017371112688897863
-0.00619287564882927,-0.007007256409858728,-0.0018496373194136825
-0.006107001319511866,-0.006934812206676094,-0.0019014713980859883
-0.0060098798741728575,-0.006887230313663581,-0.0018937893790210755
-0.005905566268035636,-0.0068572211410949735,-0.001846498539774017
-0.005791361499417385,-0.006828946431802052,-0.001769385491479768
-0.0056763077946403685,-0.006807512733600397,-0.0016812946057578695
-0.005561491420648096,-0.00678768846622298,-0.0016030640642394757
-0.005446831556345597,-0.0067634801217470245,-0.0015501570210823207
-0.005327824762107658,-0.006731068030975868,-0.0015289922177881012
-0.005205318887085542,-0.006692211128216929,-0.0015360496323030346
-0.005086204968188273,-0.006650002079597998,-0.001563953482043676
-0.004965932708233612,-0.006618990426584863,-0.0015921099789352492
-0.004855742623548031,-0.00658033289792661,-0.0016054452741649987
-0.004741103792011666,-0.006539846618963912,-0.001606737947063988
-0.004616656886632558,-0.006512552699954114,-0.0016000191138728877
-0.004489828727137875,-0.006489802106838593,-0.0015788229469967821
-0.0043777971948356885,-0.006471740899888736,-0.0015493521397551525
-0.0042577650817076,-0.0064578680469565,-0.0015136722184890148
-0.004139302990298249,-0.00645619947984188,-0.0014742387717655348
-0.004021893840902275,-0.006464825156054697,-0.0014408691827237244
-0.00390097664111104,-0.006472661411366827,-0.0014066240882743255
-0.003776902706470441,-0.0064750410685817305,-0.0013796516442469904
-0.0036666891862118848,-0.006470221408847469,-0.0013506094521201781
-0.0035606271293736474,-0.0064702419272747395,-0.0013261850205950737
-0.0034466385119674395,-0.006468021174320589,-0.0013100537956370177
-0.0033263944625515052,-0.006469254337163107,-0.0013060384804589858
-0.003201805601436049,-0.0064699030613527405,-0.0012910954199395214
-0.003082832366599202,-0.006468663596993213,-0.0012710757397672618
-0.002983556767796634,-0.0064597629381131505,-0.0012444064308168054
-0.0029063859618931034,-0.0064394058427510985,-0.0012211333831861199
-0.0028491231857094524,-0.006413335790488176,-0.0012170044850150653
-0.0028041005741332274,-0.006393786837979625,-0.001235273519113039
-0.00277037019958039,-0.00637521775088071,-0.0012622255484506992
-0.0027533318979454527,-0.0063644583965043015,-0.0012827260477253314
-0.0027530361357377612,-0.006358980252951982,-0.0012782674647637928
-0.0027669291380092225,-0.006358410218114477,-0.0012402360238014747
-0.0027879752723873703,-0.006374262321969353,-0.001179366998551823
-0.002802989969138839,-0.006400019242743588,-0.001100432790384071
-0.0028168654132565965,-0.006428667774501505,-0.001009832711124686
-0.002826712813365371,-0.006457972551419283,-0.0009191142805591753
-0.0028289965316772837,-0.0064900429142756,-0.000832131342654579
-0.002829090126313243,-0.006522791271192095,-0.000766259547148917
-0.002831365757820474,-0.006562025090904161,-0.0007253766283704967
-0.0028347052695808146,-0.006606706034849753,-0.0007074816589007457
-0.0028409000516052517,-0.006661534187995117,-0.0007031306259251315
-0.0028442315504301793,-0.006719917772247123,-0.0007045436129230973
-0.002845466656555828,-0.006771598472907356,-0.0007054413429259817
-0.002842158041111117,-0.006822114669746695,-0.0007013758349408484
-0.002834294126002625,-0.00687834480720602,-0.0006952083480781668
-0.0028191443763663205,-0.0069325784493108914,-0.0006896177102421189
-0.0028039081361907214,-0.00699312342285035,-0.000690791225686207
-0.002787637757288264,-0.007051404407758709,-0.0006910585074472914
-0.002773260033187932,-0.007115147851572817,-0.0006861515615992424
-0.00275234961539815,-0.007184788643137255,-0.0006725721900347571
-0.002726293128095518,-0.007255201910989071,-0.0006539930675859842
-0.0026918801737624456,-0.007323347278340129,-0.0006371038451102414
-0.0026512200554161722,-0.00738568316553869,-0.0006194398082033784
-0.0026050010877879965,-0.0074419641908339,-0.0005954938691163298
-0.0025597130940918436,-0.007484173521232675,-0.0005737291775393741
-0.0025160474496500563,-0.007522155110923826,-0.0005630674758482663
-0.0024747099151308538,-0.007561857126356001,-0.0005667213241350699
-0.0024381910733265134,-0.007594849974425362,-0.0005804903627075459
-0.0024081284520561636,-0.0076319967208608105,-0.0005979592864634238
-0.0023808995188523445,-0.0076752935499206434,-0.000609886239861771
-0.0023522279634921005,-0.007714490806761068,-0.0006123434626111833
-0.0023271896487804273,-0.007749284150759225,-0.0006066026005618424
-0.0023004723628862415,-0.0077807145628033016,-0.000581093240529126
-0.00226043431006869,-0.007799201162869925,-0.0005698540342568518
-0.002209667656850534,-0.007817761930431842,-0.000571447290350022
-0.0021555185620014063,-0.007830572233460082,-0.0006014547095746567
-0.0021008596161941804,-0.007856990990244766,-0.0006469124724289505
-0.0020463632011402705,-0.007862397214697862,-0.0007073658263649864
-0.0020031934502044535,-0.007843510691966675,-0.0007770834780032618
-0.001963469528208494,-0.007803921249307331,-0.0008497892705466994
-0.0019356418099840914,-0.007752773549643493,-0.0009354736954105372
-0.0019176951524254692,-0.007690317832974279,-0.0010321190693749675
-0.0018965411010301125,-0.007625353790239987,-0.0011201715130386956
-0.0018738667979180288,-0.007579789647462937,-0.001183236773701586
-0.0018243642543647176,-0.007573133227748399,-0.001192151658980982
-0.0017375147116815515,-0.007594123034030748,-0.0011097591963039634
-0.0016262088658485275,-0.007628268558652886,-0.0009385092892921891
-0.0014910684433002155,-0.007662658389052897,-0.0007057988442764754
-0.0013328112879314603,-0.007699678469430153,-0.00043861682698640727
-0.0011613855353211585,-0.007715617840465172,-0.0002022333974539111
-0.001014729006392324,-0.007703769411841115,-6.714062617314801e-05
-0.0009077123282509469,-0.0077046192681231186,-5.485262036289547e-05
-0.0008032306217133176,-0.00771041492993897,-0.00015007592944050647
-0.0006978387746644541,-0.007729600921540882,-0.00032011429434482356
-0.000616890758536182,-0.007760671347029416,-0.0005207020157541863
-0.0005472385807815152,-0.0077924227695951144,-0.000714281422085008
-0.0004748377109885175,-0.007826581303903839,-0.0008787393420974837
-0.0003872084575195298,-0.007872547515171918,-0.0009796084701770875
-0.0002847937316212374,-0.007934346170333052,-0.001005223744595573
-0.00017008511509878336,-0.008013015040863481,-0.0009625283898602186
-5.0457998081409006e-05,-0.0080935365445237,-0.0008734954690379332
6.609576903029556e-05,-0.008191775095594957,-0.0007619680452350213
0.0001807538849969734,-0.008304398500839484,-0.0006328936599027403
0.00029996222131692916,-0.008414978772986676,-0.0004923522659995528
0.00042454900039070833,-0.00851719046558944,-0.00036047208807125496
0.0005373962533477704,-0.008610867244676518,-0.00024391741248804195
0.0006377574672888102,-0.008692551309492069,-0.00014468096500330172
0.0007394716656502785,-0.008767013148489454,-7.022370439993467e-05
0.0008372768894283099,-0.008829312369103644,-2.6223236636514535e-05
0.000924219383505665,-0.008889217526655523,-5.923526229257761e-06
0.000998992149238192,-0.008946611552659625,-5.048496724167915e-07
0.0010727712324477812,-0.009002873957412061,-8.323893335413146e-07
0.0011564830757065199,-0.009058834526513364,1.6192545768773436e-05
0.0012492081688812724,-0.009124671275552868,6.877311324064229e-05
0.0013475367505247928,-0.00920001907010197,0.00016525630943384586
0.0014511027245693617,-0.009280827539884915,0.0002957861185204165
0.0015637708735574485,-0.009371381871281366,0.00044857120462082884
0.0016764047881929478,-0.009455720064845118,0.0006113976973014185
0.0017802786065095777,-0.009543934632422955,0.0007655358202772546
0.0018772321085839345,-0.009633746893127822,0.000899980107589551
0.0019725694032133663,-0.00971937559693716,0.0010106422911458674
0.0020694445122186357,-0.009807568577813178,0.0011059471888875258
0.002167807528824851,-0.00989377880625627,0.0011960437074239644
0.002269559283200298,-0.009974854123821302,0.001289568739041186
0.002382914097578985,-0.01005243104731957,0.0013966598999914216
0.0025103421301680006,-0.01013426936004729,0.00151771711671839
0.002642560552497407,-0.010223997490257476,0.0016354221797010985
0.0027804134318152917,-0.010315319467597799,0.0017455322342972964
0.0029194551480910746,-0.010401221677119897,0.0018556594452172597
0.0030657019190480183,-0.010486847233784185,0.001959187942370942
0.003220926965848972,-0.010575636705920897,0.0020561527609373686
0.0033727860624257005,-0.010668792092363885,0.0021304784678255017
0.0035297534529546825,-0.010787549145426026,0.0021738162962125097
0.0037004499244732156,-0.010945277763722097,0.0022020694999805193
0.00389106338377826,-0.01112448391248619,0.002242471016207349
0.004084034918586172,-0.01130132082401012,0.002262611507643444
0.004261543670946116,-0.011460328162797653,0.002223666808474573
0.0044208746803694726,-0.011576335098228883,0.0021331264226618126
0.004553190213145078,-0.011614704953085132,0.001967777809741011
0.004632927366969113,-0.011557682663802986,0.001699818644672722
0.004636463653665163,-0.011434395364910128,0.001265842920373203
0.0045757738654859294,-0.01127515061931964,0.0006735084048472423
0.0044654207780036965,-0.011102639000541054,-2.1161062472209978e-05
0.004316051284709801,-0.010905371224815818,-0.0007330743619788792
0.004121627915782875,-0.01069416895633047,-0.001416583422200509
0.00390847182346148,-0.010468454082367002,-0.002001578109166548
0.0036758646113788534,-0.010251594772649333,-0.0024616800385844914
0.0034394369390261708,-0.010066628941743419,-0.002812259911289595
0.0032259998419200174,-0.00993149136467465,-0.0030725752525606774
0.003035655101772605,-0.009834285125137482,-0.0032482289239445746
0.0028601429380297706,-0.009766629045692542,-0.003350162053481953
0.0026923025877689196,-0.0097138158767408,-0.003369955170876337
0.0025350637156195776,-0.009680433870617585,-0.003315167730651254
0.0023865936319474534,-0.009660457044550885,-0.0032168900901691387
0.0022344363318563603,-0.00965088986497944,-0.00309331173545698
0.0020800562415511413,-0.009647249387415686,-0.002964458890968094
0.0019311330872399705,-0.009649602799519458,-0.002854853865697869
0.001780469932513075,-0.00965844076534728,-0.002770165187286746
0.0016238629034716903,-0.009655742929309154,-0.0026869198507499885
0.0014658121750954095,-0.00964561765518354,-0.002605263984765739
0.001306063995463772,-0.00963932298409992,-0.002524609164335441
0.0011616287926112696,-0.009631584673792066,-0.0024474963724069477
0.0010372372180548468,-0.009604263755090025,-0.002385514464355527
0.0009154893866532892,-0.009561399149728126,-0.002302463224805848
0.0008130178596582083,-0.009508522446390423,-0.0022219982513163395
0.0007167161291220413,-0.009456479983169619,-0.0021505438464348337
0.0006300870441196567,-0.009403576246721607,-0.002087821346815834
0.0005452738341294441,-0.009356985029419607,-0.002029838370437793
0.0004572291246077807,-0.009312640317704374,-0.001973893351581231
0.00036527975764556395,-0.00926702480828228,-0.0019218222563129371
0.0002800066679473245,-0.009220808598452777,-0.0018668789566153275
0.00020467150867164172,-0.009180540391934625,-0.001794106114934629
0.00014253940118835655,-0.009149084457579683,-0.0016869598688071328
8.449276623837493e-05,-0.009140649489997928,-0.0015476151286599436
4.062672548795462e-05,-0.009146979546644975,-0.0013699063323212085
1.4577096198226308e-05,-0.009173415599888156,-0.0011640001432655265
-3.399582557084621e-06,-0.009215055927805115,-0.0009607988717026208
-2.737264002284565e-05,-0.009249940535853393,-0.0007827556783550534
-7.087369569427698e-05,-0.00925991624415988,-0.0006606347061054902
-0.00013697800326073332,-0.009247072510697934,-0.0006248833183335185
-0.00020888219251234794,-0.009221879217128191,-0.0006715149615472317
-0.0002667263673724922,-0.009206168489102367,-0.0007713232192056097
-0.00032428831012211917,-0.009200502217918769,-0.0009273723749959342
-0.0003660746232264587,-0.009200553334835729,-0.0010812305436093534
-0.0003892822941395655,-0.009219881198310883,-0.0011826250017355877
-0.00040539009869568904,-0.009257222476959655,-0.001180641904663531
-0.00040809608987580877,-0.009300940490222617,-0.001058784995634116
-0.0003984171628958274,-0.009349576385073414,-0.0008618108417922138
-0.0003714043582055958,-0.009405517841936537,-0.0006340483760753893
-0.00033165308780043403,-0.009462010427275935,-0.00040325018982602883
-0.0002813351104271965,-0.00952694840723499,-0.00018578676665546303
-0.00022122170337244198,-0.009603202904153745,5.410994807304503e-06
-0.00016253310038874256,-0.009676712235251078,0.00016409505235555441
-9.88061436952621e-05,-0.009748262694864018,0.00029636426779713285
-2.6454801706799107e-05,-0.00982081737209545,0.00040690435434010005
4.47155634377243e-05,-0.009884765115545306,0.0005060141638072119
0.00012022140978794731,-0.009940590669638927,0.0006011645601757275
0.0002019668506057091,-0.009986594383583935,0.0006960493012851249
0.0002903600780316955,-0.01002412653358478,0.0007836478705889115
0.0003858526407801164,-0.010053267130718429,0.0008562654747987655
0.0004843089812397776,-0.010084345947545762,0.0009171549185151328
0.0005821820611113007,-0.010122569662186531,0.0009855466343451128
0.000677884300306912,-0.010160446949857752,0.00107454710455251
0.0007775689410226148,-0.010198388360473746,0.0011829027369405
0.0008780317380088641,-0.01024252554918941,0.0013001226689538215
0.0009764650496597626,-0.010296085098123891,0.0014255579460418276
0.0010749804015795022,-0.010353712057030375,0.00155728390215985
0.001174598145369322,-0.010411433199693803,0.0016855183674372074
0.0012779890366776225,-0.010465993217561517,0.001801921614473526
0.001376892044198256,-0.010527006716815489,0.001910289540147372
0.0014678266757197909,-0.01059086164429997,0.002012224068155028
0.0015553015609492465,-0.010658622655668044,0.0021109537812572625
0.0016422075025072055,-0.010737731384495805,0.00220747471108253
0.0017240300218737828,-0.010825191573969033,0.002305998465367518
0.0017982581705336992,-0.010915322554784645,0.0024007058992141987
0.0018709236939249124,-0.011012184361681459,0.0024844050577337395
0.0019391540178276363,-0.011117734544958863,0.0025660698962461375
0.0020065592328586527,-0.01124336011994626,0.0026448158679554567
0.0020761192751234253,-0.01136868771370854,0.00271974632997779
0.002140966445622028,-0.011506356895581875,0.0027911887092694587
0.002207357341136272,-0.011657040041521514,0.0028677789771108992
0.0022709912968344706,-0.011809786538530655,0.0029464076696314816
0.0023293953113280165,-0.011969784161874619,0.003012412464516595
0.002384557256404147,-0.012146894565807182,0.0030634485541380842
0.0024380897876495515,-0.012337003420888957,0.003091226604427823
0.002493020002866118,-0.012517049597308176,0.0030975387646461957
0.002556649685058508,-0.012684765604475349,0.003071952544117296
0.002638246748279592,-0.012899712360385531,0.0029965518985054698
0.0027619387931998056,-0.013254922370335253,0.0029101338122535614
0.0029338785779439718,-0.013649798305760423,0.002866076474497352
0.0031031313643027133,-0.013888957566676692,0.0028166792115184905
0.00319981241912779,-0.013954412360043985,0.0027105645755847296
0.003245214358693301,-0.013943913494694772,0.0024845289220004722
0.0032278251137104093,-0.013921989950192958,0.002085478450730038
0.003155558299642663,-0.013936315044243662,0.0015111427699673944
0.003016366936063582,-0.013929697963195037,0.0008135072800340303
0.0027980607912178853,-0.013868991704741294,7.013289964447099e-05
0.002529482405242866,-0.0137668486845534,-0.0006265971944242443
0.002216723147339466,-0.013648185595372507,-0.0012273323378335327
0.0018750711317260568,-0.013520727630266832,-0.0017250768183912492
0.0015488248002753873,-0.013386469993001589,-0.0021142824774936014
0.00128102912233888,-0.013249226910146813,-0.0024059125320270557
0.001081156810380952,-0.01312275883460391,-0.0026273159070618795
0.0009443345081452856,-0.013011274887598274,-0.00275492454382057
0.0008551273604168167,-0.012910895982379664,-0.002776277583914036
0.0007963718416782974,-0.012821375977285466,-0.002689192673990057
0.0007577896570294946,-0.012723602573753729,-0.0024803063762606336
0.000714047922855225,-0.012610786296644987,-0.002182691858841224
0.0006967205455857961,-0.012481557788971713,-0.001836417801442765
0.0006977096372865068,-0.012341809554301779,-0.0014778034947790868
0.0007172786735152682,-0.012215255393309364,-0.001129370549256021
0.0007479675698329558,-0.012087926268738246,-0.000845980447381801
0.0007452473450594496,-0.011948941744572521,-0.0005954016932916147
0.000700633678540747,-0.011780402169461775,-0.0004029421463856108
0.0006409022861873072,-0.011592180344843292,-0.00028795696058727055
0.0005807599012399795,-0.011389690057534126,-0.0002308311877514026
0.0005372844849052189,-0.01118312576145612,-0.00022550270135490588
0.0005190150072817651,-0.010974299648478203,-0.0002744806215961564
0.0005178907284088083,-0.01074021254927436,-0.00038925079436017356
0.000511706778742125,-0.010494953005465189,-0.000557324338900387
0.0005230882688503656,-0.010265213095861484,-0.0007590798000914761
0.0005457853410942868,-0.01005667702463528,-0.0009782964017432067
0.0005814266201256942,-0.009876845883436337,-0.0011729012763675873
0.0006224863447574474,-0.009738602502408131,-0.0013077804050018141
0.0006402380798620938,-0.009641933038774452,-0.001366195397192995
0.0006277584347943566,-0.009554871330615423,-0.0013428902139345745
0.0006032289741707371,-0.009478310300443974,-0.0012617603091474136
0.000586704397317159,-0.009444693238585608,-0.001135481787097195
0.0005635620146045153,-0.009443178048810626,-0.0009801126530513905
0.0005364253753757303,-0.009436880553240712,-0.0008130992833567689
0.0005149753408497709,-0.009418797142684461,-0.000648530382686372
0.0004946396758312024,-0.009405200549802727,-0.0004950432038196824
0.00047469905094349137,-0.00938632718125472,-0.00036894513228712697
0.0004568163517744969,-0.009359104106065929,-0.00027256726516330416
0.0004442731125752614,-0.009319363939525404,-0.0002092099832527421
0.0004521881548736017,-0.009275186429270032,-0.00016424709648833407
0.0004814820440002631,-0.009232585412391515,-0.00012013035526560908
0.0005229962481779656,-0.009190462896396212,-5.9679264211180585e-05
0.0005692340167129774,-0.00914716519845067,1.9329862986119117e-05
0.00062214885037714,-0.009098918394111644,0.00010827907647399298
0.0006710783287474097,-0.009054620789871045,0.00020322251284468924
0.0007277511655896512,-0.009011933872821978,0.0003046052190364361
0.0007866460492362385,-0.008983517805680715,0.0003987811532658808
0.0008491224152937653,-0.008960714572266855,0.00048364703417675157
0.0009114806447985175,-0.008941068867821962,0.0005619790582335279
0.0009729712248347802,-0.008925898493747511,0.0006347316014912261
0.0010284301016646128,-0.008926350436993186,0.0006978992402359728
0.0010791605389658477,-0.008934279931476758,0.0007667063070879433
0.001134325223230994,-0.008945145855409533,0.0008459309729383748
0.0011810281328014439,-0.00895374766526072,0.0009200081051646664
0.0012293475371247164,-0.008960002540465634,0.0009810131686726936
0.0012801048897972212,-0.008970451879504269,0.001038174354077012
0.0013231480973569848,-0.00898987307597229,0.0010847657213339543
0.0013749547074477634,-0.009004976363549381,0.0011222221596207831
0.0014349035032144627,-0.009029562843093107,0.0011688199085715914
0.0015001053707277146,-0.009056821967702374,0.0012358218864950618
0.0015677549073993345,-0.009080992259712246,0.0013285833437768162
0.001629155296229572,-0.0091111065987437,0.0014519862749482243
0.0016810346155188972,-0.00914702011013058,0.0015931670816569478
0.0017318964782836134,-0.009183880621361908,0.0017343370037936796
0.001790931550462065,-0.00922623637770275,0.0018698158049317568
0.0018560200508514453,-0.009281928833116003,0.002004893420882679
0.001926005144518611,-0.00934578819326611,0.0021457913610032028
0.0019940378703894287,-0.009415465404619934,0.0022867168576960273
0.002059131130952863,-0.009494649693919525,0.0024220069067302425
0.0021263060083079586,-0.009578377334646445,0.002547767828277502
0.002191174637163066,-0.009680057794428026,0.0026710099079618427
0.002257607165072629,-0.009799767238156192,0.002803260422286148
0.0023261434769557957,-0.009926075661413254,0.0029428711747426636
0.002414761199220784,-0.010057840376878081,0.003087287646138947
0.0025025218126878265,-0.010204978474393665,0.0032211804400860754
0.0026088567710985176,-0.010359524888513416,0.0033464065501864655
0.0027251064702062434,-0.010503924031948995,0.0034704732337033613
0.002846027041333815,-0.010637327684534391,0.0035650688768324302
0.0029601496923952453,-0.010761707533635886,0.0036223575979475488
0.0030513493038073504,-0.01088764652721469,0.0036456722982059833
0.0030942752498900944,-0.01098842495119631,0.003608480611102073
0.0031127826224499862,-0.01107543007819297,0.003502110540556577
0.0031323617284916834,-0.011186300645842308,0.003337224249166157
0.0031863758198491616,-0.011371149143262253,0.0031640392921813694
0.0032977051475450376,-0.011599936148400205,0.0030644943472208207
0.0034079644786117256,-0.01179161548963256,0.0030161265428120397
0.0034915126972468124,-0.011897390859901954,0.0029818950261817803
0.003567996459486782,-0.01187642259971264,0.0029048973567326283
0.0036066397084591906,-0.0117633780929756,0.0027322662703164226
0.0035739745045129914,-0.011617147246657755,0.0024479336877794864
0.0034734736017581597,-0.0114516611614523,0.0020396296506936767
0.003337286752164498,-0.011268732752104226,0.0015402335602588875
0.0032123313957480915,-0.011064512119962873,0.000989774275181395
0.003089618608033594,-0.01083464941852402,0.00044727874318144657
0.0029544532114821787,-0.010590891499396713,-6.770195505022484e-05
0.002804734972727723,-0.010333150334920596,-0.0005433143033583292
0.002653320446728151,-0.010076057342840665,-0.0009871080831369854
0.0024880798635251995,-0.009861976244362698,-0.001405624342590452
0.0023254686332060464,-0.009712700689738854,-0.0017693700336641894
0.002185436734270051,-0.009612637686393397,-0.0020196560832919557
0.002063214630165578,-0.009546882165866242,-0.002144031021727978
0.0019395898670557037,-0.00951105154336347,-0.002166418407222963
0.0018002948247916267,-0.009492202950284766,-0.002113605883854852
0.001628966316010749,-0.009471571369354602,-0.0020147632816746373
0.001412486374292037,-0.009440547465029706,-0.0019124018636274703
0.0011819112241660305,-0.009403785966444235,-0.0018519538258219062
0.0009520847597322051,-0.009377937725155782,-0.0018480699518286135
0.0007174065040341149,-0.009363800378565983,-0.0018795608389637992
0.0004803249678263283,-0.009339053015058047,-0.0019118877106174795
0.000248804617957834,-0.00929743294273439,-0.0019236831363692957
3.079818913083419e-05,-0.009241466011251176,-0.0018933644091005909
-0.00016310221187123517,-0.009161554080756014,-0.0018202240905734563
-0.0003450435807383787,-0.009064032846448402,-0.001722334980955807
-0.0005190127239668211,-0.00895067841499732,-0.0016190881381602555
-0.000678103016644659,-0.008832136390104994,-0.0015277713243215987
-0.0008230884243127385,-0.00871856189859436,-0.0014484617289387543
-0.000951010687331869,-0.00861323554217137,-0.0013763144240752153
-0.0010722894457759597,-0.00850422845236031,-0.0012993595635180505
-0.0011894646334184656,-0.008390052694510009,-0.001211734106415635
-0.0012918539236253686,-0.008271695969058575,-0.0011233948328180634
-0.0013953746303523651,-0.008153150451786646,-0.0010409445396580789
-0.0014954156495612326,-0.00802904952406857,-0.0009509694335540535
-0.0015905914802264646,-0.007902202533711268,-0.0008604835286421262
-0.0016844633926392742,-0.0077807222738356325,-0.0007758143615922848
-0.0017664848313336836,-0.007660409286564995,-0.0007001001021968599
-0.0018344254486598768,-0.007542439268713814,-0.0006382518046568887
-0.0018942645216438732,-0.007430227396830723,-0.000591005918972428
-0.0019468402325179609,-0.007324818361271183,-0.0005521574683757342
-0.0019974658408638906,-0.007218684268662034,-0.0005163862454645505
-0.002052489242049966,-0.0071127958839219555,-0.0004822594681416778
-0.002121062091187578,-0.0070125579261168395,-0.00044721687028236913
-0.0021900820778960367,-0.006912271316637143,-0.00041158226830356786
-0.0022498982212193225,-0.006814246767537104,-0.0003811682282795212
-0.0023022430771216453,-0.00672876507263299,-0.0003515417723580808
-0.0023568524023425516,-0.006642293190511185,-0.00032865472900255694
-0.002402408130891765,-0.00656020137867041,-0.00030922721726244986
-0.0024478764870031573,-0.0064811444022897045,-0.0002906886511420457
-0.0024907798612028493,-0.006400076393083005,-0.0002757745846674178
-0.0025339291759709816,-0.006319918524073792,-0.00026961127565929477
-0.0025760998824801134,-0.006244610857358041,-0.0002752671185847222
-0.0026145918256743005,-0.006171497350463322,-0.0002914537122683145
-0.002652622151798646,-0.006103623854269543,-0.0003134442449985732
-0.002693645396279634,-0.0060461775424880725,-0.0003317960249929299
-0.002736293495051323,-0.005991453235723475,-0.00033705068460030687
-0.0027800565445958362,-0.005937208853528152,-0.00033106642291241855
-0.00282906581230521,-0.0058948949574119626,-0.00032375835051260494
-0.0028867307797935384,-0.005865688346926921,-0.0003186384948978784
-0.0029520407180195257,-0.005843762547567886,-0.00032263867905071614
-0.0030179055670740257,-0.00582520682888306,-0.00033539178535406784
-0.0030855655158050395,-0.005800997436929962,-0.00035950148283552154
-0.003158087054084186,-0.005774340899378724,-0.00038940776461835456
-0.0032356310223661876,-0.005751603604783179,-0.0004129346100307071
-0.0033176753102148403,-0.005732406855973836,-0.0004381990396259956
-0.0034010409289236382,-0.005708080326602481,-0.00047688140214338583
-0.003485048538850498,-0.005681520488302916,-0.0005262126898423725
-0.003567793074804018,-0.005650082093254654,-0.0005930507016984606
-0.003647479173238251,-0.005613602564789949,-0.0006661787999171558
-0.0037155806683410314,-0.005587906418423074,-0.0007245432380206075
-0.00376947331903759,-0.0055814580146925,-0.0007458943997549431
-0.0038113681952387417,-0.005580216189033224,-0.0007225281647515835
-0.003844266628328198,-0.005577015796753252,-0.0006599776516218333
-0.0038671796667328127,-0.00557113326722734,-0.0005696719055089086
-0.0038877825862359684,-0.005554916889079442,-0.00047971593737781195
-0.0039172453697294395,-0.005526267113742085,-0.0004130301156347895
-0.003955492768936416,-0.0054832970218665735,-0.00038711251131097436
-0.00399953008479332,-0.0054270120062817765,-0.00038614865001460996
-0.004043939982087203,-0.005375663273468214,-0.0004083581565200048
-0.004069404148838369,-0.00533441858827884,-0.0004280312854232015
-0.0041005481326678445,-0.005298465120896134,-0.0004316563451970993
-0.004133139079042944,-0.0052601094922685755,-0.00041810545904320226
-0.004156934635251263,-0.005219397903368143,-0.0003799479625119406
-0.004170629526468486,-0.005175831068658492,-0.00032153978944392345
-0.004166154079506566,-0.0051253875284493116,-0.00026731648251955765
-0.004155595345407193,-0.005073727132789098,-0.00021333818665799593
-0.004143881861791338,-0.005016505430237099,-0.00016748723830881123
-0.004119541741658932,-0.004949645728037681,-0.00013262038678223337
-0.004108432555502698,-0.004894704874772262,-0.00011765960406329585
-0.004108770040376264,-0.004837929273709955,-0.00011687594868005278
-0.004107294679637765,-0.004785622409353296,-0.00011827032607818432
-0.004112109638999836,-0.004741166177551836,-0.00012297403369699884
-0.0041256052887292454,-0.004697000647744196,-0.00011759788023385951
-0.004140445449421301,-0.004659761608049382,-9.847226594575416e-05
-0.004143300436618761,-0.004624964607584953,-6.55265387998382e-05
-0.0041441317985138094,-0.0045964813809435765,-2.8742399542083226e-05
-0.004132554285930622,-0.004575059407677723,1.7698630666399887e-05
-0.004121330905633651,-0.004560741846308128,7.218547783368489e-05
-0.004111733118684826,-0.004543216909827497,0.0001273960510255953
-0.00410896292648881,-0.00452017676447617,0.0001859531478002288
-0.0041058900946156955,-0.004495936466881845,0.00023253075207206725
-0.004101710786471058,-0.004471029387676244,0.00024882547667711487
-0.00410430343905045,-0.004441948363414035,0.00022869588285752307
-0.004109034732833016,-0.004404885139072155,0.00018162332397625037
-0.004131157773777944,-0.004362794391685674,0.00012402342079848415
-0.004157174424996187,-0.004311819229388005,4.890613123891395e-05
-0.004199495783500021,-0.004252414584881776,-5.169832694115135e-05
-0.004266114956681357,-0.004192802976562353,-0.00017856122307193472
-0.004330440353324044,-0.004142521007480687,-0.0003103491849731268
-0.004388093374483322,-0.004104352301482448,-0.00043576966083903597
-0.004433318891569089,-0.004072855296296212,-0.0005285603791082244
-0.004465578781162937,-0.004055125877429865,-0.0005575441997277509
-0.004480007643331494,-0.004046118418995303,-0.0005286954112512992
-0.0044787234443978445,-0.004040971646478636,-0.000466490374468338
-0.00446224682678516,-0.00404440243852685,-0.00038185063445014003
-0.00444266160093381,-0.004059936509784051,-0.00028706842393245514
-0.004427558968857873,-0.004081999395498971,-0.00018954702364265346
-0.004418647324698409,-0.0041034072374996665,-0.00011062925422966515
-0.004402657412983492,-0.004120900359544123,-3.850947963878996e-05
-0.004377204097842254,-0.004132626203480376,1.9119030041507935e-05
-0.004355545177068267,-0.004139037978139608,5.116285839776529e-05
-0.004336377435294832,-0.004139069093666547,5.8764021041418406e-05
-0.004325317669109796,-0.0041278963697198535,3.5696210615840244e-05
-0.004321907933611454,-0.00410809255049363,-1.8405312741460147e-05
-0.004324113937222998,-0.004083890487114634,-9.55845892694499e-05
-0.0043393429466430065,-0.004056631299953312,-0.00018875781990856954
-0.0043622754960922815,-0.004028828804620602,-0.00029354825226621825
-0.004384284210306553,-0.004009011985474676,-0.00040145701817005013
-0.0044044683106897724,-0.003996096532312681,-0.0004924258413431588
-0.004427112723020552,-0.003991690207549981,-0.0005515197976648198
-0.0044447617169432975,-0.003991270460704693,-0.0005768358873614075
-0.004454706104380084,-0.003990059392421491,-0.0005738720332820634
-0.004466045126469635,-0.003994490979818324,-0.000554134911187944
-0.004467167975030216,-0.004011994821341426,-0.0005248502313112818
-0.004467166070143946,-0.004023793128459582,-0.0004903647463152379
-0.004468208885974918,-0.004035699732000977,-0.00045589488711275607
-0.004468382814293489,-0.004048825020458996,-0.000424097372268441
-0.004469105468866834,-0.004053787187566018,-0.0003891051915700042
-0.004473115832775214,-0.004057231877166421,-0.00036351205907257027
-0.004473115832775214,-0.004057231877166421,-0.00036351205907257027
-0.004473115832775214,-0.004057231877166421,-0.00036351205907257027
-0.004473115832775214,-0.004057231877166421,-0.00036351205907257027
-0.004473115832775214,-0.004057231877166421,-0.00036351205907257027
-0.004473115832775214,-0.004057231877166421,-0.00036351205907257027
-0.004473115832775214,-0.004057231877166421,-0.00036351205907257027
-0.004473115832775214,-0.004057231877166421,-0.00036351205907257027
-0.004473115832775214,-0.004057231877166421,-0.00036351205907257027
-0.004473115832775214,-0.004057231877166421,-0.00036351205907257027
-0.004473115832775214,-0.004057231877166421,-0.00036351205907257027
-0.004473115832775214,-0.004057231877166421,-0.00036351205907257027
-0.004473115832775214,-0.004057231877166421,-0.00036351205907257027
-0.004473115832775214,-0.004057231877166421,-0.00036351205907257027
-0.004473115832775214,-0.004057231877166421,-0.00036351205907257027
-0.004473115832775214,-0.004057231877166421,-0.00036351205907257027
-0.004473115832775214,-0.004057231877166421,-0.00036351205907257027
-0.004473115832775214,-0.004057231877166421,-0.00036351205907257027
-0.004473115832775214,-0.004057231877166421,-0.00036351205907257027
-0.004473115832775214,-0.004057231877166421,-0.00036351205907257027
-0.004473115832775214,-0.004057231877166421,-0.00036351205907257027
-0.004473115832775214,-0.004057231877166421,-0.00036351205907257027
-0.004473115832775214,-0.004057231877166421,-0.00036351205907257027
-0.004473115832775214,-0.004057231877166421,-0.00036351205907257027
-0.004473115832775214,-0.004057231877166421,-0.00036351205907257027
-0.004473115832775214,-0.004057231877166421,-0.00036351205907257027
-0.004473115832775214,-0.004057231877166421,-0.00036351205907257027
-0.004473115832775214,-0.004057231877166421,-0.00036351205907257027
-0.004473115832775214,-0.004057231877166421,-0.00036351205907257027
-0.004473115832775214,-0.004057231877166421,-0.00036351205907257027
-0.004473115832775214,-0.004057231877166421,-0.00036351205907257027
-0.004473115832775214,-0.004057231877166421,-0.00036351205907257027
-0.004473115832775214,-0.004057231877166421,-0.00036351205907257027
-0.004473115832775214,-0.004057231877166421,-0.00036351205907257027
-0.004473115832775214,-0.004057231877166421,-0.00036351205907257027
-0.004473115832775214,-0.004057231877166421,-0.00036351205907257027
-0.004473115832775214,-0.004057231877166421,-0.00036351205907257027
-0.004473115832775214,-0.004057231877166421,-0.00036351205907257027
-0.004473115832775214,-0.004057231877166421,-0.00036351205907257027
-0.004473115832775214,-0.004057231877166421,-0.00036351205907257027
-0.004473115832775214,-0.004057231877166421,-0.00036351205907257027
-0.004473115832775214,-0.004057231877166421,-0.00036351205907257027
-0.004473115832775214,-0.004057231877166421,-0.00036351205907257027
-0.004473115832775214,-0.004057231877166421,-0.00036351205907257027
-0.004473115832775214,-0.004057231877166421,-0.00036351205907257027
-0.004473115832775214,-0.004057231877166421,-0.00036351205907257027
-0.004473115832775214,-0.004057231877166421,-0.00036351205907257027
-0.004473115832775214,-0.004057231877166421,-0.00036351205907257027
-0.004473115832775214,-0.004057231877166421,-0.00036351205907257027
-0.004473115832775214,-0.004057231877166421,-0.00036351205907257027
-0.004473115832775214,-0.004057231877166421,-0.00036351205907257027
-0.004473115832775214,-0.004057231877166421,-0.00036351205907257027
-0.004473115832775214,-0.004057231877166421,-0.00036351205907257027
-0.004473115832775214,-0.004057231877166421,-0.00036351205907257027
-0.004473115832775214,-0.004057231877166421,-0.00036351205907257027
-0.004473115832775214,-0.004057231877166421,-0.00036351205907257027
-0.004473115832775214,-0.004057231877166421,-0.00036351205907257027
-0.004473115832775214,-0.004057231877166421,-0.00036351205907257027
-0.004473115832775214,-0.004057231877166421,-0.00036351205907257027
-0.004473115832775214,-0.004057231877166421,-0.00036351205907257027
-0.004473115832775214,-0.004057231877166421,-0.00036351205907257027
-0.004473115832775214,-0.004057231877166421,-0.00036351205907257027
-0.004473115832775214,-0.004057231877166421,-0.00036351205907257027
-0.004473115832775214,-0.004057231877166421,-0.00036351205907257027
-0.004473115832775214,-0.004057231877166421,-0.00036351205907257027
-0.004473115832775214,-0.004057231877166421,-0.00036351205907257027
-0.004473115832775214,-0.004057231877166421,-0.00036351205907257027
-0.004473115832775214,-0.004057231877166421,-0.00036351205907257027
-0.004473115832775214,-0.004057231877166421,-0.00036351205907257027
-0.004473115832775214,-0.004057231877166421,-0.00036351205907257027
-0.004473115832775214,-0.004057231877166421,-0.00036351205907257027
-0.004473115832775214,-0.004057231877166421,-0.00036351205907257027
-0.004473115832775214,-0.004057231877166421,-0.00036351205907257027
-0.004473115832775214,-0.004057231877166421,-0.00036351205907257027
-0.004473115832775214,-0.004057231877166421,-0.00036351205907257027
-0.004473115832775214,-0.004057231877166421,-0.00036351205907257027
-0.004473115832775214,-0.004057231877166421,-0.00036351205907257027
-0.004473115832775214,-0.004057231877166421,-0.00036351205907257027
-0.004473115832775214,-0.004057231877166421,-0.00036351205907257027
-0.004473115832775214,-0.004057231877166421,-0.00036351205907257027
-0.004473115832775214,-0.004057231877166421,-0.00036351205907257027
-0.004473115832775214,-0.004057231877166421,-0.00036351205907257027
-0.004473115832775214,-0.004057231877166421,-0.00036351205907257027
-0.004473115832775214,-0.004057231877166421,-0.00036351205907257027
-0.004473115832775214,-0.004057231877166421,-0.00036351205907257027
-0.004473115832775214,-0.004057231877166421,-0.00036351205907257027
-0.004473115832775214,-0.004057231877166421,-0.00036351205907257027
-0.004473115832775214,-0.004057231877166421,-0.00036351205907257027
-0.004473115832775214,-0.004057231877166421,-0.00036351205907257027
-0.004473115832775214,-0.004057231877166421,-0.00036351205907257027
-0.004473115832775214,-0.004057231877166421,-0.00036351205907257027
-0.004473115832775214,-0.004057231877166421,-0.00036351205907257027
-0.004473115832775214,-0.004057231877166421,-0.00036351205907257027
-0.004473115832775214,-0.004057231877166421,-0.00036351205907257027
-0.004473115832775214,-0.004057231877166421,-0.00036351205907257027
-0.004473115832775214,-0.004057231877166421,-0.00036351205907257027
-0.004473115832775214,-0.004057231877166421,-0.00036351205907257027
-0.004473115832775214,-0.004057231877166421,-0.00036351205907257027
-0.004473115832775214,-0.004057231877166421,-0.00036351205907257027
-0.004473115832775214,-0.004057231877166421,-0.00036351205907257027
-0.004473115832775214,-0.004057231877166421,-0.00036351205907257027
-0.004473115832775214,-0.004057231877166421,-0.00036351205907257027
-0.004473115832775214,-0.004057231877166421,-0.00036351205907257027
-0.004473115832775214,-0.004057231877166421,-0.00036351205907257027
-0.004473115832775214,-0.004057231877166421,-0.00036351205907257027
-0.004473115832775214,-0.004057231877166421,-0.00036351205907257027
-0.004473115832775214,-0.004057231877166421,-0.00036351205907257027
-0.004473115832775214,-0.004057231877166421,-0.00036351205907257027
-0.004473115832775214,-0.004057231877166421,-0.00036351205907257027
-0.004473115832775214,-0.004057231877166421,-0.00036351205907257027
-0.004473115832775214,-0.004057231877166421,-0.00036351205907257027
-0.004473115832775214,-0.004057231877166421,-0.00036351205907257027
-0.004473115832775214,-0.004057231877166421,-0.00036351205907257027
-0.004473115832775214,-0.004057231877166421,-0.00036351205907257027
-0.004473115832775214,-0.004057231877166421,-0.00036351205907257027
-0.004473115832775214,-0.004057231877166421,-0.00036351205907257027
-0.004473115832775214,-0.004057231877166421,-0.00036351205907257027
-0.004473115832775214,-0.004057231877166421,-0.00036351205907257027
-0.004473115832775214,-0.004057231877166421,-0.00036351205907257027
-0.004473115832775214,-0.004057231877166421,-0.00036351205907257027
-0.004473115832775214,-0.004057231877166421,-0.00036351205907257027
-0.004473115832775214,-0.004057231877166421,-0.00036351205907257027
-0.004473115832775214,-0.004057231877166421,-0.00036351205907257027
-0.004473115832775214,-0.004057231877166421,-0.00036351205907257027
-0.004473115832775214,-0.004057231877166421,-0.00036351205907257027
-0.004473115832775214,-0.004057231877166421,-0.00036351205907257027
-0.004473115832775214,-0.004057231877166421,-0.00036351205907257027
-0.004473115832775214,-0.004057231877166421,-0.00036351205907257027
-0.004473115832775214,-0.004057231877166421,-0.00036351205907257027
-0.004473115832775214,-0.004057231877166421,-0.00036351205907257027
-0.004473115832775214,-0.004057231877166421,-0.00036351205907257027
-0.004473115832775214,-0.004057231877166421,-0.00036351205907257027
-0.004473115832775214,-0.004057231877166421,-0.00036351205907257027
-0.004473115832775214,-0.004057231877166421,-0.00036351205907257027
-0.004473115832775214,-0.004057231877166421,-0.00036351205907257027
-0.004473115832775214,-0.004057231877166421,-0.00036351205907257027
-0.004473115832775214,-0.004057231877166421,-0.00036351205907257027
-0.004473115832775214,-0.004057231877166421,-0.00036351205907257027
-0.004473115832775214,-0.004057231877166421,-0.00036351205907257027
-0.004473115832775214,-0.004057231877166421,-0.00036351205907257027
-0.004473115832775214,-0.004057231877166421,-0.00036351205907257027
-0.004473115832775214,-0.004057231877166421,-0.00036351205907257027
-0.004473115832775214,-0.004057231877166421,-0.00036351205907257027
-0.004473115832775214,-0.004057231877166421,-0.00036351205907257027
-0.004473115832775214,-0.004057231877166421,-0.00036351205907257027
-0.004473115832775214,-0.004057231877166421,-0.00036351205907257027
-0.004473115832775214,-0.004057231877166421,-0.00036351205907257027
-0.004473115832775214,-0.004057231877166421,-0.00036351205907257027
-0.004473115832775214,-0.004057231877166421,-0.00036351205907257027
-0.004473115832775214,-0.004057231877166421,-0.00036351205907257027
-0.004473115832775214,-0.004057231877166421,-0.00036351205907257027
-0.004473115832775214,-0.004057231877166421,-0.00036351205907257027
-0.004473115832775214,-0.004057231877166421,-0.00036351205907257027
-0.004473115832775214,-0.004057231877166421,-0.00036351205907257027
-0.004473115832775214,-0.004057231877166421,-0.00036351205907257027
-0.004473115832775214,-0.004057231877166421,-0.00036351205907257027
-0.004473115832775214,-0.004057231877166421,-0.00036351205907257027
-0.004473115832775214,-0.004057231877166421,-0.00036351205907257027
-0.004473115832775214,-0.004057231877166421,-0.00036351205907257027
-0.004473115832775214,-0.004057231877166421,-0.00036351205907257027
-0.004473115832775214,-0.004057231877166421,-0.00036351205907257027
-0.004473115832775214,-0.004057231877166421,-0.00036351205907257027
-0.004473115832775214,-0.004057231877166421,-0.00036351205907257027
-0.004473115832775214,-0.004057231877166421,-0.00036351205907257027
-0.004473115832775214,-0.004057231877166421,-0.00036351205907257027
-0.004473115832775214,-0.004057231877166421,-0.00036351205907257027
-0.004473115832775214,-0.004057231877166421,-0.00036351205907257027
-0.004473115832775214,-0.004057231877166421,-0.00036351205907257027
-0.004473115832775214,-0.004057231877166421,-0.00036351205907257027
