time;seconds_elapsed;z;y;x;;delta_time
1,74E+18;0,028528809;0,086101828;0,083675067;0,127935749;;0,010069092
1,74E+18;0,0385979;0,073380878;0,09655834;0,033508338;;0,010068848
1,74E+18;0,048666748;-0,036306408;0,052247302;-0,043432771;;0,010068115
1,74E+18;0,058734863;-0,145543612;-0,01043257;-0,081798231;;0,010068848
1,74E+18;0,068803711;-0,178912214;-0,053836777;-0,090737068;;0,010069092
1,74E+18;0,078872803;-0,152124744;-0,034339081;-0,073005446;;0,010067871
1,74E+18;0,088940674;-0,027474282;0,007921253;-0,036562168;;0,010069336
1,74E+18;0,09901001;0,056025839;0,043959613;0,019042451;;0,010068604
1,74E+18;0,109078613;0,068297876;0,058135465;0,075649133;;0,010068115
1,74E+18;0,119146729;0,046602177;0,043165512;0,10422239;;0,010069092
1,74E+18;0,12921582;-0,039290977;0,036233398;0,068937945;;0,010069092
1,74E+18;0,139284912;-0,096454295;0,005490848;-0,009338621;;0,010067627
1,74E+18;0,149352539;0,066350833;-0,0433162;-0,044848876;;0,010069336
1,74E+18;0,159421875;-0,009216157;-0,121611916;0,000384168;;0,010069092
1,74E+18;0,169490967;0,001706804;-0,179243546;0,080296183;;0,010067871
1,74E+18;0,179558838;0,116777537;-0,16796421;0,11780761;;0,010069092
1,74E+18;0,18962793;0,017117724;-0,089526998;0,071781654;;0,010069092
1,74E+18;0,199697021;0,035073651;0,010233828;0,003778304;;0,010067871
1,74E+18;0,209764893;0,022504093;0,06369672;-0,034126313;;0,010068848
1,74E+18;0,21983374;-0,121149176;0,088331943;-0,051620151;;0,010069336
1,74E+18;0,229903076;-0,103941436;0,100706162;-0,047879069;;0,010067871
1,74E+18;0,239970947;-0,037352702;0,121613926;-0,042826394;;0,010068848
1,74E+18;0,250039795;-0,044236617;0,11126344;-0,022757013;;0,010069092
1,74E+18;0,260108887;0,03252689;0,081808752;0,017266589;;0,010068115
1,74E+18;0,270177002;0,067692896;0,023048566;0,054128152;;0,010068848
1,74E+18;0,28024585;-0,008920973;-0,020796846;0,058282586;;0,010069092
1,74E+18;0,290314941;0,034324879;-0,028608693;0,025467929;;0,010067871
1,74E+18;0,300382813;0,002602876;-0,008784789;-0,006371645;;0,010069092
1,74E+18;0,310451904;-0,052763037;0,003035089;-0,0260812;;0,010069092
1,74E+18;0,320520996;-0,043335868;-0,016829604;-0,013710418;;0,010067871
1,74E+18;0,330588867;-0,039744566;-0,052331925;0,02011209;;0,010069092
1,74E+18;0,340657959;0,009933365;-0,088459113;0,047182059;;0,010068848
1,74E+18;0,350726807;0,011280688;-0,100733653;0,046021966;;0,010068359
1,74E+18;0,360795166;-0,042289574;-0,105839397;0,014278568;;0,010068604
1,74E+18;0,37086377;-0,082391867;-0,077399311;-0,02433508;;0,010069092
1,74E+18;0,380932861;-0,086880411;-0,038748134;-0,054125576;;0,010068115
1,74E+18;0,391000977;0,010087094;0,003201577;-0,034437274;;0,010068848
1,74E+18;0,401069824;0,04809563;0,037452806;0,022607788;;0,010069092
1,74E+18;0,411138916;0,128899352;0,054329908;0,092484807;;0,010068115
1,74E+18;0,421207031;0,098521749;0,080376071;0,119206983;;0,010068604
1,74E+18;0,431275635;0,071135145;0,093300288;0,074150821;;0,010069336
1,74E+18;0,441344971;0,016963994;0,07448383;0,022762417;;0,010067871
1,74E+18;0,451412842;-0,035111645;0,022817629;-0,02314069;;0,010068848
1,74E+18;0,461481689;-0,119658061;0,001988982;-0,059572201;;0,010069336
1,74E+18;0,471551025;-0,099006318;0,008239347;-0,076597429;;0,010067871
1,74E+18;0,481618896;-0,038401335;0,03443449;-0,057844633;;0,010069092
1,74E+18;0,491687988;-0,010566402;0,044497354;-0,013563938;;0,010068848
1,74E+18;0,501756836;0,04824293;0,02552877;0,044696521;;0,010068115
1,74E+18;0,511824951;0,065151979;0,012767127;0,077395648;;0,010068848
1,74E+18;0,521893799;-0,009366963;0,001644991;0,066941968;;0,010069092
1,74E+18;0,531962891;-0,050666942;-0,009884667;0,012746504;;0,010067871
1,74E+18;0,542030762;0,016069091;-0,057924069;-0,011895518;;0,01006958
1,74E+18;0,552100342;0,044199207;-0,113389867;-0,003766903;;0,010068848
1,74E+18;0,562169189;-0,011765841;-0,149955291;0,041837378;;0,010068359
1,74E+18;0,572237549;0,022650223;-0,133000987;0,066649058;;0,010068604
1,74E+18;0,582306152;0,008285013;-0,087163466;0,062867622;;0,010069336
1,74E+18;0,592375488;0,00125263;-0,021727231;0,017654111;;0,010067871
1,74E+18;0,602443359;0,052577744;0,050716891;-0,016547723;;0,010068848
1,74E+18;0,612512207;0,007087912;0,088655412;-0,016496779;;0,010069336
1,74E+18;0,622581543;-0,040049102;0,111863808;-0,024542663;;0,010067871
1,74E+18;0,632649414;-0,019698388;0,125692847;-0,014377485;;0,010069092
1,74E+18;0,642718506;-0,028527591;0,118613739;0,003857301;;0,010068848
1,74E+18;0,652787354;-0,001595745;0,090977435;0,015991016;;0,010068115
1,74E+18;0,662855469;0,029977205;0,043723164;0,013860455;;0,010069092
1,74E+18;0,672924561;-0,025239071;0,005154757;0,005919581;;0,010068848
1,74E+18;0,682993408;-0,005187047;-0,027226952;-0,011728386;;0,010067871
1,74E+18;0,693061279;0,007232289;-0,052835098;0,000349578;;0,010069336
1,74E+18;0,703130615;-0,014762685;-0,048408509;0,014285923;;0,010068604
1,74E+18;0,713199219;-0,016257892;-0,035868898;0,02197534;;0,010068115
1,74E+18;0,723267334;0,022049919;-0,028283416;0,039283296;;0,010069092
1,74E+18;0,733336426;0,021152094;-0,031096761;0,03300009;;0,010068848
1,74E+18;0,743405273;-0,043491351;-0,049288489;0,020307606;;0,010068115
1,74E+18;0,753473389;0,009480361;-0,055360036;-0,002312688;;0,010069092
1,74E+18;0,76354248;-0,071323946;-0,046573563;-0,012732268;;0,010068604
1,74E+18;0,773611084;0,000950433;-0,033578714;0,013220081;;0,010068359
1,74E+18;0,783679443;0,16914193;-0,027637917;0,058424095;;0,010069092
1,74E+18;0,793748535;0,083398999;-0,021509944;0,094732759;;0,010068848
1,74E+18;0,803817383;0,035962125;0,006538329;0,083494933;;0,010068115
1,74E+18;0,813885498;0,062446812;0,053661754;0,027298627;;0,010068848
1,74E+18;0,823954346;-0,020305121;0,071771571;-0,039041427;;0,010069092
1,74E+18;0,834023438;-0,074176412;0,083963391;-0,081268215;;0,010067871
1,74E+18;0,844091309;-0,097370241;0,067990673;-0,089561312;;0,010069092
1,74E+18;0,8541604;-0,119665075;0,065892445;-0,062068114;;0,010068848
1,74E+18;0,864229248;-0,032574236;0,05494514;-0,033866052;;0,010068115
1,74E+18;0,874297363;0,073819269;0,044760873;0,015070152;;0,010069092
1,74E+18;0,884366455;0,072474285;0,028694942;0,063861766;;0,010068848
1,74E+18;0,894435303;0,077114219;0,002217799;0,088213322;;0,010067871
1,74E+18;0,904503174;0,039404959;-0,021045898;0,073113642;;0,010069336
1,74E+18;0,91457251;-0,020151977;-0,038658657;0,032718834;;0,010068604
1,74E+18;0,924641113;-0,073121935;-0,0384999;-0,022139385;;0,010068115
1,74E+18;0,934709229;-0,043943187;-0,045272312;-0,047404803;;0,010069092
1,74E+18;0,94477832;-0,008180384;-0,064366436;-0,028223772;;0,010069092
1,74E+18;0,954847412;0,006484686;-0,099477515;0,039454725;;0,010067871
1,74E+18;0,964915283;0,052721536;-0,124885659;0,112059203;;0,010069092
1,74E+18;0,974984375;0,103596568;-0,092169202;0,124781322;;0,010069092
1,74E+18;0,985053467;0,067832596;-0,037270362;0,06453403;;0,010067871
1,74E+18;0,995121338;0,042093759;-0,049078577;-0,008180617;;0,010069092
1,74E+18;1,00519043;-0,055769818;0,018910539;-0,058352208;;0,010069092
1,74E+18;1,015259521;-0,109790747;0,122198502;-0,082673114;;0,010067871
1,74E+18;1,025327393;-0,106648357;0,150522223;-0,060701137;;0,010068848
1,74E+18;1,03539624;-0,00070318;0,139383172;-0,023680986;;0,010069336
1,74E+18;1,045465576;0,078605335;0,117115737;0,02866512;;0,010067627
1,74E+18;1,055533203;0,097758363;0,087309943;0,066092338;;0,010069092
1,74E+18;1,065602295;0,053763739;0,062379665;0,072680027;;0,010069092
1,74E+18;1,075671387;-0,006990297;0,002119545;0,023739964;;0,010068115
1,74E+18;1,085739502;-0,017315292;-0,057679401;-0,038025827;;0,010068848
1,74E+18;1,09580835;-0,042603462;-0,048642473;-0,067797744;;0,010069092
1,74E+18;1,105877441;-0,074324881;-0,039469713;-0,04560332;;0,010067871
1,74E+18;1,115945313;-0,043796472;-0,036826578;-0,000620701;;0,010069092
1,74E+18;1,126014404;0,028031332;-0,055437152;0,059290695;;0,010069092
1,74E+18;1,136083496;0,098061146;-0,071839937;0,082654099;;0,010067871
1,74E+18;1,146151367;0,095067809;-0,072132321;0,082130358;;0,010069092
1,74E+18;1,156220459;0,001692775;-0,048064751;0,043858509;;0,010068848
1,74E+18;1,166289307;-0,060557052;-0,020166329;-0,013096332;;0,010069092
1,74E+18;1,176358398;-0,116372463;0,010239992;-0,067535426;;0,010067871
1,74E+18;1,18642627;-0,05846271;0,040740317;-0,063830137;;0,010069092
1,74E+18;1,196495361;0,058404843;0,025709666;-0,010055747;;0,010068848
1,74E+18;1,206564209;0,077259181;-0,000668465;0,066530647;;0,010068115
1,74E+18;1,216632324;0,079802436;0,000508091;0,107479099;;0,010069092
1,74E+18;1,226701416;0,107481885;0,016986389;0,09768475;;0,010068848
1,74E+18;1,236770264;0,048522916;0,047128498;0,029150317;;0,010067871
1,74E+18;1,246838135;-0,01567337;0,055939553;-0,027663439;;0,010069336
1,74E+18;1,256907471;-0,078222473;0,056189637;-0,065731943;;0,010069092
1,74E+18;1,266976563;-0,115183545;0,04788491;-0,064841031;;0,010067627
1,74E+18;1,277044189;-0,062958853;0,02041866;-0,037044063;;0,010069336
1,74E+18;1,287113525;0,040292263;0,015013924;-0,005526504;;0,010068848
1,74E+18;1,297182373;0,090421445;-0,021134156;0,044518808;;0,010068115
1,74E+18;1,307250488;0,044182841;-0,039364357;0,089547393;;0,010068848
1,74E+18;1,317319336;-0,006243278;-0,022522277;0,072164036;;0,010069092
1,74E+18;1,327388428;-0,064302084;-0,000716606;0,010876879;;0,010067871
1,74E+18;1,337456299;0,031015316;0,040389376;-0,040509737;;0,010069092
1,74E+18;1,347525391;0,061838909;0,032456701;-0,042437942;;0,010069092
1,74E+18;1,357594482;0,011261399;-0,027008112;0,019193338;;0,010067871
1,74E+18;1,367662354;-0,045748775;-0,087917335;0,068959746;;0,010068848
1,74E+18;1,377731201;0,018444588;-0,106577465;0,064493127;;0,010069336
1,74E+18;1,387800537;0,056300564;-0,094749537;0,016312661;;0,010067871
1,74E+18;1,397868408;0,071114687;-0,049590211;-0,02090206;;0,010068848
1,74E+18;1,407937256;0,032957682;0,038717113;-0,029001958;;0,010069092
1,74E+18;1,418006348;-0,0545809;0,095143852;-0,009964066;;0,010068848
1,74E+18;1,428075195;-0,084059508;0,103125937;-0,004190524;;0,010068115
1,74E+18;1,438143311;0,019039047;0,089559293;0,000990765;;0,010069092
1,74E+18;1,448212402;0,075300448;0,089364739;-0,000786435;;0,010069092
1,74E+18;1,458281494;0,043275663;0,048909874;0,023801905;;0,010067871
1,74E+18;1,468349365;-0,006405191;-0,01354008;0,040790257;;0,010069092
1,74E+18;1,478418457;-0,015981998;-0,064047333;0,037051295;;0,010068848
1,74E+18;1,488487305;-0,010595628;-0,061577157;0,003898613;;0,010068115
1,74E+18;1,49855542;-0,008500702;-0,038430346;-0,041472563;;0,010068848
1,74E+18;1,508624268;-0,016729601;-0,002543711;-0,048931556;;0,010069092
1,74E+18;1,518693359;-0,06371347;0,009944361;-0,00498462;;0,010067871
1,74E+18;1,52876123;-0,015678046;0,002176216;0,039046021;;0,010069336
1,74E+18;1,538830566;0,03325345;-0,015372926;0,052666701;;0,010068604
1,74E+18;1,54889917;0,102386023;-0,012514038;0,044704225;;0,010068115
1,74E+18;1,558967285;0,09205986;-0,004414656;0,043702254;;0,010069092
1,74E+18;1,569036377;-0,009843349;0,003356453;0,036405067;;0,010068848
1,74E+18;1,579105225;-0,063414195;0,00812442;-0,001159771;;0,010069336
1,74E+18;1,589174561;-0,068950787;0,024587671;-0,041600957;;0,010067871
1,74E+18;1,599242432;-0,054285132;0,048605621;-0,061273197;;0,010069092
1,74E+18;1,609311523;-0,001013561;0,06093364;-0,019890584;;0,010068848
1,74E+18;1,619380371;0,076348496;0,027581364;0,052888869;;0,010068115
1,74E+18;1,629448486;0,082483053;-0,025800709;0,100397809;;0,010068848
1,74E+18;1,639517334;0,089813542;-0,069307614;0,104785321;;0,010069092
1,74E+18;1,649586426;0,075147303;-0,081476269;0,060899532;;0,010067871
1,74E+18;1,659654297;0,004966682;-0,055648607;-0,002718458;;0,010069336
1,74E+18;1,669723633;-0,059078796;-0,015089821;-0,043973381;;0,010068604
1,74E+18;1,679792236;-0,100527828;0,015490611;-0,071470848;;0,010068115
1,74E+18;1,689860352;-0,094990068;0,037950892;-0,054940957;;0,010069092
1,74E+18;1,699929443;-0,021218729;0,063774685;-0,022476798;;0,010068848
1,74E+18;1,709998291;0,048662032;0,068390061;0,022332992;;0,010067871
1,74E+18;1,720066162;0,082927874;0,070787085;0,056167293;;0,010069336
1,74E+18;1,730135498;0,060630702;0,049587631;0,065338542;;0,010068848
1,74E+18;1,740204346;-0,005958616;0,019989607;0,041753102;;0,010069092
1,74E+18;1,750273438;-0,058482;0,020882003;-0,01555895;;0,010068115
1,74E+18;1,760341553;-0,060578095;0,050706931;-0,067979562;;0,010068604
1,74E+18;1,770410156;0,013042437;0,05085235;-0,058726343;;0,010069336
1,74E+18;1,780479492;-0,002968787;0,003328272;0,004644695;;0,010067871
1,74E+18;1,790547363;0,001520341;-0,078739756;0,08509751;;0,010069092
1,74E+18;1,800616455;0,070053779;-0,12322453;0,10866725;;0,010068848
1,74E+18;1,810685303;0,109407885;-0,126671401;0,083714138;;0,010068115
1,74E+18;1,820753418;0,066610946;-0,134176269;0,034266502;;0,010068848
1,74E+18;1,830822266;-0,036788639;-0,057835317;-0,028171987;;0,010069092
1,74E+18;1,840891357;-0,110708446;0,06924982;-0,051832488;;0,010067871
1,74E+18;1,850959229;-0,102478962;0,116357001;-0,043850704;;0,010069092
1,74E+18;1,86102832;-0,029306759;0,101583676;-0,033140567;;0,010068848
1,74E+18;1,871097168;0,061374214;0,055564486;0,010762429;;0,010069336
1,74E+18;1,881166504;0,074541154;0,007883913;0,065342962;;0,010067627
1,74E+18;1,891234131;0,059876669;-0,026333711;0,086797866;;0,010069092
1,74E+18;1,901303223;0,023364509;-0,023905868;0,054910206;;0,010069336
1,74E+18;1,911372559;-0,013446342;-0,005079815;-0,006933943;;0,010067871
1,74E+18;1,92144043;-0,036191842;0,053987944;-0,06257626;;0,010069092
1,74E+18;1,931509521;-0,059982467;0,064425857;-0,068328696;;0,010068848
1,74E+18;1,941578369;-0,069109777;0,056893091;-0,03405256;;0,010068115
1,74E+18;1,951646484;-0,024518355;0,015300075;0,015166795;;0,010068848
1,74E+18;1,961715332;0,059876084;-0,031037423;0,054406699;;0,010069092
1,74E+18;1,971784424;0,07798165;-0,054524316;0,067236521;;0,010067871
1,74E+18;1,981852295;0,037578912;-0,058561093;0,059932495;;0,010069092
1,74E+18;1,991921387;-0,024521278;-0,039556464;0,012895521;;0,010068848
1,74E+18;2,001990234;-0,086920159;0,012842174;-0,052860319;;0,010069092
1,74E+18;2,012059326;-0,108914548;0,058922839;-0,083676363;;0,010067871
1,74E+18;2,022127197;-0,042175008;0,089216626;-0,044822056;;0,010069336
1,74E+18;2,032196533;0,021268998;0,059371555;0,019857613;;0,010068848
1,74E+18;2,042265381;0,108358083;-0,016846199;0,093830669;;0,010067871
1,74E+18;2,052333252;0,114641109;-0,060235131;0,124634744;;0,010069336
1,74E+18;2,062402588;0,074835753;-0,073935777;0,09329426;;0,010068604
1,74E+18;2,072471191;0,013631635;-0,042660298;0,006640472;;0,010068115
1,74E+18;2,082539307;-0,059840428;0,02493553;-0,063867652;;0,010069092
1,74E+18;2,092608398;-0,110565823;0,053579363;-0,087436584;;0,010068848
1,74E+18;2,102677246;-0,124779641;0,070673386;-0,060678669;;0,010069092
1,74E+18;2,112746338;-0,025720132;0,048106494;0,001035727;;0,010068115
1,74E+18;2,122814453;0,056430912;-0,000776222;0,054041547;;0,010068848
1,74E+18;2,132883301;0,110149643;-0,038312524;0,085973279;;0,010069092
1,74E+18;2,142952393;0,106406949;-0,050826955;0,082383319;;0,010067871
1,74E+18;2,153020264;0,011087211;-0,051788448;0,055248607;;0,010069336
1,74E+18;2,1630896;-0,064779054;-0,031091482;-0,010695876;;0,010068848
1,74E+18;2,173158447;-0,075103464;0,00821451;-0,0707167;;0,010067871
1,74E+18;2,183226318;-0,095602062;0,049031833;-0,087352476;;0,010069336
1,74E+18;2,193295654;-0,052055181;0,05781764;-0,057343849;;0,010068604
1,74E+18;2,203364258;0,003312486;0,049166739;0,020021779;;0,010069336
1,74E+18;2,213433594;0,035932899;0,027912034;0,081662329;;0,010067871
1,74E+18;2,223501465;0,097134679;-0,008664153;0,091681473;;0,010068848
1,74E+18;2,233570313;0,100126846;-0,034315746;0,066797883;;0,010069092
1,74E+18;2,243639404;0,012436872;-0,025176148;0,020918292;;0,010068115
1,74E+18;2,25370752;-0,062831427;-0,000649034;-0,029996476;;0,010068604
1,74E+18;2,263776123;-0,088119013;0,024223624;-0,054962858;;0,010069336
1,74E+18;2,273845459;-0,092906832;0,014014588;-0,063555741;;0,010067871
1,74E+18;2,28391333;-0,024223756;0,000739498;-0,035243017;;0,010069092
1,74E+18;2,293982422;0,048649757;-0,015227836;0,023311927;;0,010069092
1,74E+18;2,304051514;0,064511927;-0,025277065;0,076379338;;0,010067871
1,74E+18;2,314119385;0,062865914;-0,018583417;0,086388061;;0,010068848
1,74E+18;2,324188232;0,05628069;-0,021095874;0,056901717;;0,010069092
1,74E+18;2,334257324;0,012884616;-0,007488429;0,008595298;;0,010069092
1,74E+18;2,344326416;-0,025424364;0,0083892;-0,040963869;;0,010067871
1,74E+18;2,354394287;-0,061936524;0,016823974;-0,039289607;;0,010069092
1,74E+18;2,364463379;-0,077348028;0,028256478;-0,035621805;;0,010069092
1,74E+18;2,374532471;-0,037243981;0,021474805;-0,001477797;;0,010067871
1,74E+18;2,384600342;0,033085108;0,005756312;0,025266507;;0,010068848
1,74E+18;2,394669189;0,077826752;0,008075448;0,045887087;;0,010069336
1,74E+18;2,404738525;0,057475453;-0,005058631;0,056745285;;0,010067627
1,74E+18;2,414806152;0,021560674;-0,007925925;0,041095999;;0,010069336
1,74E+18;2,424875488;-0,011212299;-0,001920885;0,009647102;;0,010068848
1,74E+18;2,434944336;-0,038297874;0,014648351;-0,018065005;;0,010068848
1,74E+18;2,445013184;-0,048323594;0,019296168;-0,037413166;;0,010068115
1,74E+18;2,455081299;-0,02363222;0,01905946;-0,021381564;;0,010069092
1,74E+18;2,465150391;-0,006423311;-0,001581333;0,014794048;;0,010069092
1,74E+18;2,475219482;0,027995091;-0,018822929;0,034008376;;0,010067871
1,74E+18;2,485287354;0,046101826;-0,015291138;0,039903894;;0,010069092
1,74E+18;2,495356445;0,043707624;0,003158491;0,036343012;;0,010068848
1,74E+18;2,505425293;0,022010172;0,012628139;0,019045607;;0,010068115
1,74E+18;2,515493408;-0,024826398;0,021736191;-0,001242979;;0,010068848
1,74E+18;2,525562256;-0,050114569;0,024966743;-0,028231811;;0,010069092
1,74E+18;2,535631348;-0,029165889;0,02219267;-0,02390421;;0,010068848
1,74E+18;2,545700195;-0,010909517;0,021654705;-0,017191031;;0,010067871
1,74E+18;2,555768066;0,010640052;0,005975179;0,011433577;;0,010068848
1,74E+18;2,565836914;0,030244916;-0,006619482;0,034220987;;0,010069092
1,74E+18;2,575906006;0,029797757;-0,013459621;0,044389962;;0,010067871
1,74E+18;2,585973877;0,02695815;-0,006589566;0,039317664;;0,010069092
1,74E+18;2,596042969;0,013793548;0,001036394;0,015929267;;0,010068848
1,74E+18;2,606111816;-0,007151625;0,003065662;-0,00375516;;0,010068115
1,74E+18;2,616179932;-0,031986207;0,002948319;-0,019616178;;0,010068848
1,74E+18;2,626248779;-0,034227848;0,002506101;-0,008442407;;0,010069092
1,74E+18;2,636317871;-0,023600656;-0,001943508;-0,003238498;;0,010069092
1,74E+18;2,646386963;-0,021803251;-0,009088119;0,00528121;;0,010068115
1,74E+18;2,656455078;-0,018215456;0,003346443;0,020958345;;0,010068848
1,74E+18;2,666523926;0,047626844;-0,013167232;0,029422492;;0,010068848
1,74E+18;2,676592773;0,012010756;-0,005984116;0,03182982;;0,010068359
1,74E+18;2,686661133;0,03864508;-0,022746373;0,012021585;;0,010068604
1,74E+18;2,696729736;0,006622633;-0,038310359;0,016260552;;0,010069336
1,74E+18;2,706799072;-0,009985972;-0,029268559;0,009674461;;0,010067871
1,74E+18;2,716866943;-0,011032266;-0,007015929;-0,006577931;;0,010068848
1,74E+18;2,726935791;-0,04021043;0,034057268;-0,015617336;;0,010069092
1,74E+18;2,737004883;0,010368249;0,075521036;-0,011280334;;0,010068115
1,74E+18;2,747072998;0,006628478;0,09160944;-0,00417814;;0,010068604
1,74E+18;2,757141602;0,003038929;0,063887357;0,021799422;;0,010069336
1,74E+18;2,767210938;0,007528642;0,018557492;0,023274312;;0,010069092
1,74E+18;2,777280029;0,048977089;-0,009339249;0,014190671;;0,010067871
1,74E+18;2,7873479;-0,011630817;-0,024462894;0,017874547;;0,010069092
1,74E+18;2,797416992;-0,017774142;-0,052608454;0,018477614;;0,010069092
1,74E+18;2,807486084;-0,032901568;-0,105830757;0,037137002;;0,010067871
1,74E+18;2,817553955;-0,03156009;-0,222737765;0,044705038;;0,010068848
1,74E+18;2,827622803;0,049392684;-0,551722832;0,077453763;;0,010069336
1,74E+18;2,837692139;0,030388709;-0,439603606;0,09710801;;0,010068604
1,74E+18;2,847760742;-0,011509236;-0,285336278;0,043507426;;0,010068115
1,74E+18;2,857828857;-0,002384849;-0,232285382;0,034924386;;0,010069092
1,74E+18;2,867897949;-0,051324529;-0,83877766;0,075051889;;0,010068848
1,74E+18;2,877966797;0,097712771;-0,911222937;0,112133592;;0,010068115
1,74E+18;2,888034912;-0,018712884;-0,311547756;0,018786038;;0,010069092
1,74E+18;2,898104004;0,023335867;0,050363557;-0,114125944;;0,010068848
1,74E+18;2,908172852;0,083351068;0,105447237;-0,048318187;;0,010068115
1,74E+18;2,918240967;-0,156670571;0,211738579;-0,047868269;;0,010069092
1,74E+18;2,928310059;-0,0347206;-0,045880963;-0,059507132;;0,010068848
1,74E+18;2,938378906;0,073619947;-0,392079894;-0,032272342;;0,010069092
1,74E+18;2,948447998;0,063597151;-0,359211607;0,003777192;;0,010067871
1,74E+18;2,958515869;-0,06614099;-0,087294727;-0,00509406;;0,010069092
1,74E+18;2,968584961;0,147103117;-0,527895564;0,125205529;;0,010068848
1,74E+18;2,978653809;0,019310265;-0,419403516;-0,023764546;;0,010068115
1,74E+18;2,988721924;-0,079153032;-0,235610855;-0,043382918;;0,010068848
1,74E+18;2,998790771;0,065548869;-0,282340622;-0,119703498;;0,010069092
1,74E+18;3,008859863;-0,095463531;-0,209459985;0,075984836;;0,010069336
1,74E+18;3,018929199;-0,042943654;-0,096509441;0,137872758;;0,010067627
1,74E+18;3,028996826;-0,070784432;0,017788791;0,049233411;;0,010068848
1,74E+18;3,039065674;0,006561258;-0,455334332;0,159757395;;0,010069336
1,74E+18;3,04913501;0,097380178;-0,77693086;0,095782013;;0,010067627
1,74E+18;3,059202637;0,084362291;-0,362240746;0,094886607;;0,010069336
1,74E+18;3,069271973;0,081520345;-0,091481366;0,019471767;;0,010069092
1,74E+18;3,079341064;-0,022027707;-0,115724612;0,02476005;;0,010067871
1,74E+18;3,089408936;0,090509123;-0,19294589;-0,01717929;;0,010069092
1,74E+18;3,099478027;-0,177045251;-0,08564033;-0,030115885;;0,010068848
1,74E+18;3,109546875;-0,133061147;-0,163046828;-0,075985736;;0,010069092
1,74E+18;3,119615967;0,145108728;-0,393608127;-0,077141473;;0,010067871
1,74E+18;3,129683838;-0,024303836;-0,351113349;0,149009919;;0,010069092
1,74E+18;3,13975293;0,167380766;-0,247087066;0,099126008;;0,010068848
1,74E+18;3,149821777;-0,033593642;0,020456668;-0,004311938;;0,010068115
1,74E+18;3,159889893;0,0674246;0,140319804;0,075188128;;0,010068848
1,74E+18;3,16995874;-0,016063246;0,005459489;-0,022993219;;0,010069092
1,74E+18;3,180027832;0,025845804;-0,425275258;-0,039970904;;0,010069092
1,74E+18;3,190096924;-0,004072364;-0,184413058;0,020711604;;0,010068115
1,74E+18;3,200165039;-0,171823717;-0,114309795;0,038157329;;0,010068848
1,74E+18;3,210233887;0,133591893;-0,164850444;-0,019158981;;0,010069092
1,74E+18;3,220302979;-0,04326631;0,156428433;-0,098857529;;0,010068115
1,74E+18;3,230371094;0,067914429;-0,248376612;0,139528426;;0,010068604
1,74E+18;3,240439697;0,074352353;-0,411377446;0,152635817;;0,010069336
1,74E+18;3,250509033;-0,127053432;-0,168390746;0,063203959;;0,010068848
1,74E+18;3,260577881;-0,018110242;-0,328622262;0,085462589;;0,010067871
1,74E+18;3,270645752;0,020501521;-0,134529101;-0,239673282;;0,010069092
1,74E+18;3,280714844;-0,169848033;-0,180201194;-0,058539429;;0,010069092
1,74E+18;3,290783936;-0,005698504;-0,084285097;0,049473809;;0,010067871
1,74E+18;3,300851807;-0,024558103;-0,069796151;-0,110240043;;0,010069092
1,74E+18;3,310920898;0,109058925;-0,130191921;0,022671844;;0,010069092
1,74E+18;3,32098999;0,060875617;-0,11322326;0,017317628;;0,010068848
1,74E+18;3,331058838;0,061760583;-0,267763139;-0,031239809;;0,010068115
1,74E+18;3,341126953;-0,02353402;-0,163441782;0,016881905;;0,010069092
1,74E+18;3,351196045;-0,018905191;-0,001374174;-0,030450819;;0,010068848
1,74E+18;3,361264893;-0,082061613;-0,199552229;-0,010326148;;0,010067871
1,74E+18;3,371332764;0,186702721;-0,152921229;-0,123318647;;0,010069336
1,74E+18;3,3814021;-0,215965056;-0,121145605;-0,103095249;;0,010068604
1,74E+18;3,391470703;0,221592833;-0,562306733;0,055615687;;0,010069336
1,74E+18;3,401540039;-0,071839494;-0,228599278;-0,001487967;;0,010067871
1,74E+18;3,41160791;-0,086960491;0,01110919;-0,104970925;;0,010068848
1,74E+18;3,421676758;0,211884509;-0,085649664;0,12059083;;0,010069336
1,74E+18;3,431746094;-0,069291563;-0,003123575;0,003651995;;0,010067871
1,74E+18;3,441813965;-0,136053315;-0,168912286;0,137883946;;0,010068604
1,74E+18;3,451882568;0,228179226;-0,334070517;0,059298915;;0,010069336
1,74E+18;3,461951904;-0,052689972;-0,283083732;0,084210534;;0,010069092
1,74E+18;3,472020996;-0,011550737;-0,144255217;0,081370434;;0,010067871
1,74E+18;3,482088867;-0,309036723;0,098533092;-0,012207034;;0,010069092
1,74E+18;3,492157959;0,217998023;-0,148147877;0,028337274;;0,010068848
1,74E+18;3,502226807;0,097985158;0,033854101;-0,010401852;;0,010068115
1,74E+18;3,512294922;-0,067656655;0,040173792;-0,014775496;;0,010068848
1,74E+18;3,52236377;0,057420508;-0,038187527;0,069623562;;0,010069336
1,74E+18;3,532433105;0,100676297;0,235571455;0,014194708;;0,010068604
1,74E+18;3,542501709;-0,233028419;0,149299613;0,058233322;;0,010068115
1,74E+18;3,552569824;-0,122608143;-0,485354609;0,228715214;;0,010069336
1,74E+18;3,56263916;0,114259416;-0,827357052;0,098179922;;0,010068848
1,74E+18;3,572708008;0,137021868;-0,194784814;-0,107852271;;0,010069092
1,74E+18;3,5827771;-0,172294257;0,243287838;-0,249300175;;0,010067871
1,74E+18;3,592844971;0,134320792;0,296508958;0,013938938;;0,010069092
1,74E+18;3,602914063;-0,353661462;0,569039768;0,090309591;;0,010068848
1,74E+18;3,61298291;0,385562913;0,077319752;0,22678631;;0,010068115
1,74E+18;3,623051025;-0,06606091;0,091087005;-0,051321323;;0,010068848
1,74E+18;3,633119873;-0,018774843;0,068951316;0,072874874;;0,010069092
1,74E+18;3,643188965;0,224248316;-0,024191799;0,14171588;;0,010069092
1,74E+18;3,653258057;-0,222727974;0,218653455;-0,000240949;;0,010067871
1,74E+18;3,663325928;-0,242787012;0,122162061;0,045443499;;0,010068848
1,74E+18;3,673394775;0,148979432;-0,085886158;-0,020184587;;0,010069336
1,74E+18;3,683464111;0,057114218;0,022780663;-0,127483493;;0,010067627
1,74E+18;3,693531738;-0,202969381;0,117389604;-0,031478515;;0,010069336
1,74E+18;3,703601074;0,176811442;0,126096313;-0,055672997;;0,010069092
1,74E+18;3,713670166;0,290852247;0,030287458;0,010753997;;0,010068848
1,74E+18;3,723739014;-0,199817054;0,2812293;-0,0513556;;0,010068115
1,74E+18;3,733807129;-0,180815417;0,174633952;0,00786245;;0,010068848
1,74E+18;3,743875977;0,246405787;-0,150734368;-0,108499072;;0,010069092
1,74E+18;3,753945068;-0,161797997;0,105340882;-0,005171345;;0,010067871
1,74E+18;3,764012939;-0,170637722;0,122518354;0,191156011;;0,010069092
1,74E+18;3,774082031;0,154065942;-0,246729831;0,164354404;;0,010068848
1,74E+18;3,784150879;0,07446049;-0,066959448;0,033699452;;0,010069092
1,74E+18;3,794219971;-0,148512984;0,19415406;0,04013583;;0,010067871
1,74E+18;3,804287842;0,042112464;-0,002718547;-0,103001762;;0,010069092
1,74E+18;3,814356934;0,14462299;-0,214872402;0,040111682;;0,010069092
1,74E+18;3,824426025;-0,203292622;0,152890285;-0,049745014;;0,010068115
1,74E+18;3,834494141;0,058427639;0,157189736;-0,057961638;;0,010068848
1,74E+18;3,844562988;-0,209576232;0,099777503;-0,105919248;;0,010069092
1,74E+18;3,85463208;0,186216984;-0,239844785;0,012786122;;0,010069092
1,74E+18;3,864701172;0,171123459;-0,156730722;0,008323914;;0,010067627
1,74E+18;3,874768799;-0,045554129;-0,161501645;0,24159698;;0,010069336
1,74E+18;3,884838135;-0,165108729;-0,095726812;0,158302775;;0,010068848
1,74E+18;3,894906982;-0,041209378;0,116406731;0,004629066;;0,010069092
1,74E+18;3,904976074;0,023594811;0,16738736;0,056568891;;0,010067871
1,74E+18;3,915043945;-0,059452306;0,01516922;-0,002470167;;0,010069092
1,74E+18;3,925113037;0,075510876;-0,358068611;-0,072369979;;0,010069092
1,74E+18;3,935182129;-0,081907883;-0,082647852;-0,116950199;;0,010067871
1,74E+18;3,94525;0,215128021;-0,250354525;-0,025960437;;0,010069092
1,74E+18;3,955319092;-0,11153496;0,174816651;0,149440273;;0,010068848
1,74E+18;3,965387939;-0,188152336;0,290613872;-0,042532964;;0,010069092
1,74E+18;3,975457031;0,305663447;-0,142261084;0,224064813;;0,010068115
1,74E+18;3,985525146;-0,162100195;0,050117117;0,062451214;;0,010068848
1,74E+18;3,995593994;0,170254275;-0,170383747;0,126149834;;0,010068848
1,74E+18;4,005662842;-0,154918175;-0,026789113;0,017489595;;0,010068359
1,74E+18;4,015731201;0,114728203;0,027399025;-0,057504935;;0,010068604
1,74E+18;4,025799805;-0,204002231;0,142862703;0,130989501;;0,010069336
1,74E+18;4,035869141;0,19732816;0,094507116;0,063399961;;0,010068604
1,74E+18;4,045937744;-0,083239424;0,200049;0,073085918;;0,010068115
1,74E+18;4,056005859;0,091230423;-0,240326358;-0,029353018;;0,010069092
1,74E+18;4,066074951;0,092435123;-0,165320472;0,041988673;;0,010069092
1,74E+18;4,076144043;-0,030716041;0,243521957;0,080408859;;0,010067627
1,74E+18;4,08621167;-0,013816344;0,265285661;-0,086003007;;0,010069336
1,74E+18;4,096281006;0,104558107;0,002140245;0,055426863;;0,010069092
1,74E+18;4,106350098;-0,032954175;-0,054521635;-0,069657999;;0,010068848
1,74E+18;4,116418945;-0,100747608;-0,029093828;-0,007579449;;0,010068115
1,74E+18;4,126487061;0,12582009;0,08843639;0,035224652;;0,010068848
1,74E+18;4,136555908;-0,035481063;0,183232269;0,029285923;;0,010069092
1,74E+18;4,146625;-0,086060911;0,050978684;0,028741389;;0,010067871
1,74E+18;4,156692871;-0,125461194;0,091961514;0,083679852;;0,010069336
1,74E+18;4,166762207;-1,083669097;0,501416686;-0,050333248;;0,010068604
1,74E+18;4,176830811;1,444159528;-1,205560908;0,169203561;;0,010069336
1,74E+18;4,186900146;-0,363919821;0,062060415;-0,059695426;;0,010067871
1,74E+18;4,196968018;0,197833772;0,165522461;-0,184848508;;0,010068848
1,74E+18;4,207036865;-0,113847328;0,151875565;-0,082788219;;0,010069336
1,74E+18;4,217106201;0,181686354;0,072178389;-0,253435046;;0,010067871
1,74E+18;4,227174072;-0,131198861;-0,091528867;-0,182200241;;0,010068848
1,74E+18;4,23724292;-0,177456754;0,065820087;-0,077771615;;0,010069092
1,74E+18;4,247312012;-0,064939213;0,05468985;0,068899778;;0,010068848
1,74E+18;4,257380859;-0,027387773;0,014693054;0,143352057;;0,010068115
1,74E+18;4,267448975;0,2856652;-0,292433963;0,157176548;;0,010069092
1,74E+18;4,277518066;-0,109683195;0,160048815;-0,086718398;;0,010068848
1,74E+18;4,287586914;0,086043376;0,070128315;-0,019188822;;0,010069092
1,74E+18;4,297656006;0,140810154;-0,312422676;0,130427374;;0,010067871
1,74E+18;4,307723877;-0,137662504;-0,092962188;0,053898293;;0,010069336
1,74E+18;4,317793213;-0,107421679;-0,143083223;-0,039221615;;0,010068848
1,74E+18;4,327862061;0,031600422;-0,181554125;-0,248747564;;0,010067871
1,74E+18;4,337929932;0,075749361;-0,272207588;-0,156115111;;0,010069336
1,74E+18;4,347999268;-0,061463061;0,034543718;0,096155623;;
1,74E+18;4,358067871;-0,12625439;0,022094124;0,147768001;;
1,74E+18;4,368137207;0,180196993;-0,172263113;0,150800857;;
1,74E+18;4,378205078;-0,327843715;0,390641751;-0,06547701;;
1,74E+18;4,388273926;0,393717578;-0,034176447;0,162414211;;
1,74E+18;4,398343018;0,089065938;-0,240604279;0,266808542;;
1,74E+18;4,408411133;-0,072972297;0,113401256;0,182743426;;
1,74E+18;4,418479736;0,048259881;0,002327429;0,011499791;;
1,74E+18;4,428549072;-0,227065711;-0,066650684;0,0211388;;
1,74E+18;4,438617676;0,090019294;-0,42028892;0,027875034;;
1,74E+18;4,448686035;-0,029969022;-0,379856884;-0,132378645;;
1,74E+18;4,458755127;0,212474876;-0,443899659;-0,299148732;;
1,74E+18;4,468823975;-0,13152327;0,002093045;-0,10321546;;
1,74E+18;4,47889209;-0,083476156;-0,070979352;-0,028409476;;
1,74E+18;4,488960938;-0,132406483;-0,087531413;-0,116422577;;
1,74E+18;4,499030029;-0,030500352;-0,11410134;-0,153505367;;
1,74E+18;4,509098877;0,56942895;-0,304656901;-0,321751974;;
1,74E+18;4,519166992;-0,271979789;-0,107961887;0,146313473;;
1,74E+18;4,529236084;-0,353844418;-0,082475801;0,116558167;;
1,74E+18;4,539304932;0,170633046;-0,188112844;-0,024027832;;
1,74E+18;4,549372803;-0,075675711;-0,158594616;-0,117408601;;
1,74E+18;4,559442139;0,306225173;-0,315641163;-0,19325976;;
1,74E+18;4,569510742;-0,023842648;-0,330578218;0,047323207;;
1,74E+18;4,579580078;-0,034609541;-0,178914533;0,070323897;;
1,74E+18;4,589647949;-0,294098682;0,015520463;0,006020498;;
1,74E+18;4,599717041;0,031081367;0,071707625;0,006324849;;
1,74E+18;4,609786133;0,685928254;-0,262213122;0,075609459;;
1,74E+18;4,619854736;-0,689981914;0,264104525;0,120276119;;
1,74E+18;4,629923096;0,445635397;-0,141437867;0,04635871;;
1,74E+18;4,639991943;-0,564872017;0,097087278;0,06338364;;
1,74E+18;4,650061035;0,477675964;-0,178364991;0,071678111;;
1,74E+18;4,660128906;-0,297738499;-0,261261338;0,126103236;;
1,74E+18;4,670197998;0,156426241;-0,121752293;-0,009559663;;
1,74E+18;4,680266846;-0,08014555;0,078391007;-0,039819202;;
1,74E+18;4,690335938;-0,179347682;0,234436679;-0,079746212;;
1,74E+18;4,700403809;0,031192426;0,601624818;-0,064581294;;
1,74E+18;4,710473145;-0,077286653;0,637020139;-0,074225512;;
1,74E+18;4,720541992;0,325990196;0,208690115;-0,099892864;;
1,74E+18;4,730610107;-0,224222597;0,278004748;0,09020919;;
1,74E+18;4,740679199;0,192222946;0,04470059;0,156869418;;
1,74E+18;4,750747803;-0,051534957;-0,088271153;0,152086276;;
1,74E+18;4,760817139;-0,135780343;-0,192044484;0,04642503;;
1,74E+18;4,77088501;-0,072329323;-0,196878626;-0,002754787;;
1,74E+18;4,780954102;0,229798936;-0,174224878;-0,101731898;;
1,74E+18;4,791022949;-0,2994681;0,231250998;-0,194936571;;
1,74E+18;4,801091064;0,348469154;0,172020299;-0,035972409;;
1,74E+18;4,811159912;-0,36305999;0,419206788;-0,038173556;;
1,74E+18;4,821229004;-0,011264321;0,180281913;0,061837584;;
1,74E+18;4,831298096;0,147353292;-0,05126762;0,141603095;;
1,74E+18;4,841365967;-0,05062018;0,150766233;0,092347819;;
1,74E+18;4,851435059;-0,123498369;0,484852249;0,086913062;;
1,74E+18;4,861503906;0,245965058;0,283518233;0,094624669;;
1,74E+18;4,871572021;-0,179307935;0,388086623;0,175013051;;
1,74E+18;4,881640869;0,027642625;0,140398249;0,07902051;;
1,74E+18;4,891709961;0,09707798;0,260763654;0,045359122;;
1,74E+18;4,901778809;0,024061259;0,26214698;0,111621095;;
1,74E+18;4,911847168;-0,163885325;0,238129286;-0,036517398;;
1,74E+18;4,921916016;0,016879823;0,338941995;-0,025582121;;
1,74E+18;4,931985107;0,253454537;-0,069609095;0,110440013;;
1,74E+18;4,942052979;-0,314411986;0,299739793;0,009664873;;
1,74E+18;4,95212207;0,827785872;0,267883551;-0,056933898;;
1,74E+18;4,962190918;-0,746554865;0,683971421;-0,003868902;;
1,74E+18;4,97226001;0,21156536;0,331191601;0,108748718;;
1,74E+18;4,982327881;0,000559972;0,398868933;-0,007063454;;
1,74E+18;4,992396973;-0,106603349;0,215908211;-0,098422344;;
1,74E+18;5,002466064;0,041959319;0,18220488;0,008014896;;
1,74E+18;5,01253418;-0,008470891;0,32066564;-0,119855008;;
1,74E+18;5,022603027;0,001697452;0,065277587;-0,091487311;;
1,74E+18;5,032671875;-0,315214535;-0,206726395;-0,081264051;;
1,74E+18;5,042740967;0,153451025;-0,115727973;-0,190213451;;
1,74E+18;5,052808838;-0,140738843;0,352643006;-0,040302515;;
1,74E+18;5,062878174;0,131145085;0,39554673;-0,08208092;;
1,74E+18;5,072946777;-0,149276954;0,643320481;0,202618449;;
1,74E+18;5,083015869;0,102712186;0,477080519;0,134095496;;
1,74E+18;5,093083984;-0,093158761;0,286633241;0,023884797;;
1,74E+18;5,103152832;0,067090838;0,109727289;0,058190931;;
1,74E+18;5,113222168;0,107780576;0,130291747;0,16367992;;
1,74E+18;5,123290039;0,061090721;0,151190532;-0,008598623;;
1,74E+18;5,133359131;-0,186108847;0,321323592;-0,04809147;;
1,74E+18;5,143427979;-0,026144495;0,228069792;0,065817165;;
1,74E+18;5,15349707;0,002882277;0,1942786;0,053638322;;
1,74E+18;5,163564941;0,027870588;-0,080575995;0,16204251;;
1,74E+18;5,173634033;-0,016415713;-0,135309621;0,266322402;;
1,74E+18;5,183702881;-0,129389181;0,279151818;-0,021082631;;
1,74E+18;5,19377124;0,253527017;-0,125812428;0,106595531;;
1,74E+18;5,203839844;-0,156477679;-0,097342631;-0,178674752;;
1,74E+18;5,213908936;0,041633741;-0,307309132;-0,112489311;;
1,74E+18;5,223978027;-0,061619129;-0,157464334;0,092786375;;
1,74E+18;5,234045898;-0,105007604;0,385005535;0,031608181;;
1,74E+18;5,244115234;0,18109248;0,355976388;0,08576339;;
1,74E+18;5,254183838;-0,125066642;0,061985514;0,033148981;;
1,74E+18;5,264251953;0,023517069;-0,201158788;0,057758489;;
1,74E+18;5,274321045;0,029504327;-0,207988013;-0,042224067;;
1,74E+18;5,284389893;-0,160679807;0,039167259;-0,021865338;;
1,74E+18;5,294458984;0,109708329;0,398926107;-0,186350656;;
1,74E+18;5,3045271;0,039075873;0,48761912;-0,020583253;;
1,74E+18;5,314595703;-0,199589675;0,687331764;0,086714233;;
1,74E+18;5,324665039;0,030695583;0,358320613;-0,093295685;;
1,74E+18;5,33473291;0,131996733;0,273862443;0,187298093;;
1,74E+18;5,344802002;-0,031111178;0,446368278;0,102459253;;
1,74E+18;5,354871094;-0,032611061;1,034308927;0,046513279;;
1,74E+18;5,364939941;-0,06104279;0,82097378;0,038562576;;
1,74E+18;5,375008301;-0,013306641;0,772186734;0,059150263;;
1,74E+18;5,385076904;0,010785598;0,698419414;0,066095247;;
1,74E+18;5,39514624;-0,016899112;0,540489162;0,024129666;;
1,74E+18;5,405214111;-0,017647885;0,689265582;-0,003338634;;
1,74E+18;5,415282959;0,003901099;0,498112348;0,001893833;;
1,74E+18;5,425352051;0,013477321;0,29557206;-0,00941599;;
1,74E+18;5,435420898;0,001354922;0,328047421;-0,004294108;;
1,74E+18;5,44548877;-0,020193478;0,134121288;0,000471759;;
1,74E+18;5,455558105;-0,001040449;0,146645427;0,004779741;;
1,74E+18;5,465626709;-0,013911621;0,260592937;-0,02139157;;
1,74E+18;5,475695068;-0,018851415;0,242852296;-0,038442936;;
1,74E+18;5,485763916;-0,001944704;0,206582493;-0,048138551;;
1,74E+18;5,495832764;-0,005539514;0,235779563;-0,034173328;;
1,74E+18;5,5059021;-0,006294716;0,274180039;-0,030534707;;
1,74E+18;5,515969971;0,016884499;0,244171361;-0,059575444;;
1,74E+18;5,526039063;0,043794134;0,082919983;-0,048158558;;
1,74E+18;5,53610791;-0,006053893;-0,139817928;-0,016689639;;
1,74E+18;5,546176025;-0,046605099;-0,321904242;0,044595842;;
1,74E+18;5,556244873;-0,02998948;-0,506195445;0,161342965;;
1,74E+18;5,566313477;-0,033101475;-0,453636369;0,225907152;;
1,74E+18;5,576382568;-0,036980362;-0,144630662;0,060332482;;
1,74E+18;5,586450684;0,166370127;-0,031728428;-0,071174938;;
1,74E+18;5,596519287;-0,129309101;-0,046995925;0,052459858;;
1,74E+18;5,606588623;0,070604984;-0,068256836;-0,012935282;;
1,74E+18;5,616656494;-0,049852118;-0,047930174;0,028292129;;
1,74E+18;5,626725342;0,015240824;-0,023195975;0,010168452;;
1,74E+18;5,636794678;-0,016481764;-0,013108422;0,031254605;;
1,74E+18;5,646863525;0,0032704;0,003621746;0,032524369;;
1,74E+18;5,656931641;-0,005858078;0,007291831;0,043017948;;
1,74E+18;5,667000488;0,001324527;0,005892038;0,037862419;;
1,74E+18;5,67706958;0,006113514;-0,002424793;0,021888605;;
1,74E+18;5,687137451;-0,005558219;-0,007167915;0,022616161;;
1,74E+18;5,697206543;-0,013639234;-0,004566028;0,021773262;;
1,74E+18;5,707275635;-0,020821839;-0,005399099;0,008299156;;
1,74E+18;5,717344482;-0,01229308;-0,023528903;0,008110698;;
1,74E+18;5,727412354;-0,004362287;-0,024508254;-0,000916307;;
1,74E+18;5,737481689;-0,006157354;-0,030323548;0,002632376;;
1,74E+18;5,747550293;-0,002266191;-0,027418381;0,005838049;;
1,74E+18;5,757618408;-0,003313655;-0,027451294;0,020114458;;
1,74E+18;5,7676875;-0,00361293;-0,017297179;0,015986349;;
1,74E+18;5,777756348;-0,016483517;-0,008492363;0,011534562;;
1,74E+18;5,787825684;-0,015735914;0,005815949;0,021779418;;
1,74E+18;5,797893555;-0,002567805;0,007381023;0,024292931;;
1,74E+18;5,807962402;-0,008553893;0,008200335;0,02382882;;
1,74E+18;5,818031494;-0,006159692;0,004896312;0,02473519;;
1,74E+18;5,828099609;-0,000472878;0,006781217;0,021207139;;
1,74E+18;5,838168457;-0,006757073;0,006740189;0,02497741;;
1,74E+18;5,848237549;-0,012592355;-0,00594738;0,015472075;;
1,74E+18;5,85830542;-0,004511924;-0,009999463;0,008725464;;
1,74E+18;5,868374512;-0,007805121;-0,009768243;0,008719628;;
1,74E+18;5,878443359;-0,017232874;-0,017928245;0,002012742;;
1,74E+18;5,888512451;-0,013642741;-0,024591245;0,006626378;;
1,74E+18;5,898580322;-0,021125206;-0,022393378;0,000883847;;
1,74E+18;5,908649414;-0,01334405;-0,024721123;0,011224204;;
1,74E+18;5,91871875;0,004162965;-0,018470887;0,011498326;;
1,74E+18;5,928786377;0,003264555;-0,01008661;0,012777735;;
1,74E+18;5,938855469;-0,005863339;-0,00531653;0,019759899;;
1,74E+18;5,948924561;-0,011549568;0,005310073;0,016011767;;
1,74E+18;5,958993408;-0,02052724;0,007787512;0,025320388;;
1,74E+18;5,969061523;-0,013493688;0,005457256;0,029471872;;
1,74E+18;5,979130615;0,005210428;0,00168849;0,011139955;;
1,74E+18;5,989199463;0,010298107;7,29E-05;0,013797644;;
1,74E+18;5,999267578;-0,002420505;-0,014280153;0,010929157;;
1,74E+18;6,009336426;-0,017533319;-0,012560633;0,017665466;;
1,74E+18;6,019405518;-0,009901801;-0,00907067;0,012436361;;
1,74E+18;6,029473389;-0,014092823;-0,005167651;0,002299806;;
1,74E+18;6,03954248;-0,010502105;-0,013579772;0,007073057;;
1,74E+18;6,049611572;-0,004366963;-0,026480917;0,01176775;;
1,74E+18;6,05968042;-0,010801965;-0,016023425;0,007169417;;
1,74E+18;6,069748779;-0,008407763;-0,014715763;0,016886723;;
1,74E+18;6,079817383;-0,014692542;-0,01009741;0,022611773;;
1,74E+18;6,089886475;-0,000477554;0,003422771;0,022955243;;
1,74E+18;6,09995459;0,001467734;0,002377303;0,028809285;;
1,74E+18;6,110023438;-0,010804303;0,008456121;0,025224937;;
1,74E+18;6,120092529;-0,005715455;0,005905678;0,023272579;;
1,74E+18;6,130160645;-0,005715455;0,007077071;0,021639471;;
1,74E+18;6,140229248;-0,00541618;0,004807903;0,018039085;;
1,74E+18;6,150298584;0,008799393;-0,017473519;0,003337109;;
1,74E+18;6,160367432;-0,008259879;-0,021084186;0,008323569;;
1,74E+18;6,170435547;-0,002424597;-0,023742601;0,003346433;;
1,74E+18;6,180504395;-0,005716624;-0,019024167;0,000187522;;
1,74E+18;6,190573486;-0,016489947;-0,020993277;0,00536629;;
1,74E+18;6,200641357;-0,008410101;-0,008787976;0,016682036;;
1,74E+18;6,210710449;0,005955109;-0,006073605;0,014945946;;
1,74E+18;6,220779541;0,001616203;-0,012404596;0,017911568;;
1,74E+18;6,230848389;-0,005265958;-0,007740483;0,023676251;;
1,74E+18;6,240916504;-0,003321253;0,002311643;0,031598934;;
1,74E+18;6,250985596;0,001616788;0,014968491;0,024249941;;
1,74E+18;6,261054443;0,005657587;0,012946642;0,020936076;;
1,74E+18;6,271122314;0,005057868;0,004592426;0,019909176;;
1,74E+18;6,28119165;-0,008409516;0,009054479;0,031406635;;
1,74E+18;6,291260254;-0,013346973;0,009145804;0,028118572;;
1,74E+18;6,30132959;0,000271218;0,000289982;0,020354066;;
1,74E+18;6,311397461;0,001020575;-0,015923819;0,007032072;;
1,74E+18;6,321466309;0,004911737;-0,021263646;0,001756004;;
1,74E+18;6,331535645;-0,00676058;-0,032476214;0,005306646;;
1,74E+18;6,341603516;0,000571078;-0,035000004;0,009910756;;
1,74E+18;6,351672363;-0,002571312;-0,018923972;0,012890461;;
1,74E+18;6,361741455;-0,006312252;-0,010161349;0,012636313;;
1,74E+18;6,37180957;-0,007359715;0,00421928;0,011115305;;
1,74E+18;6,381878418;-0,001823124;-0,001141252;0,02129611;;
1,74E+18;6,39194751;-0,001523849;0,004961458;0,02356995;;
1,74E+18;6,402016602;-0,004965513;0,003554706;0,026161437;;
1,74E+18;6,412084473;0,002964695;0,011901325;0,024431745;;
1,74E+18;6,42215332;0,011792729;0,003797632;0,024420069;;
1,74E+18;6,432222656;0,00520809;-0,001300698;0,02839484;;
1,74E+18;6,442290527;-0,005265373;0,002945639;0,022895869;;
1,74E+18;6,452359375;-0,000925298;-0,005182519;0,011066059;;
1,74E+18;6,462428711;-0,001074936;-0,011104146;0,006108217;;
1,74E+18;6,472496582;-0,00421791;-0,027369171;0,002752148;;
1,74E+18;6,482565674;-0,001673486;-0,027707518;0,004485361;;
1,74E+18;6,492634521;-0,004366379;-0,033992718;0,003792762;;
1,74E+18;6,502703369;0,008950784;-0,029682752;0,0073555;;
1,74E+18;6,512771484;0,003713468;-0,021088415;0,001900915;;
1,74E+18;6,522840576;0,003713468;-0,004532696;0,007369415;;
1,74E+18;6,532909424;-0,002870587;0,007860484;0,019763475;;
1,74E+18;6,542977539;-0,002122399;0,007242715;0,031906744;;
1,74E+18;6,553046387;-0,011700375;0,009749606;0,026945391;;
1,74E+18;6,563116455;0,00266542;0,005876534;0,021351945;;
1,74E+18;6,573185791;0,01448796;0,006622259;0,018868125;;
1,74E+18;6,583253662;-0,000325579;0,010786077;0,022762095;;
1,74E+18;6,593322754;-0,006311083;0,002596958;0,019669678;;
1,74E+18;6,603391602;-0,006761165;-0,008891051;0,014063035;;
1,74E+18;6,613459717;-0,012297172;-0,01339831;0,012146726;;
1,74E+18;6,623528564;0,006257891;-0,018166073;0,006600115;;
1,74E+18;6,633597656;-0,005563479;-0,024364548;0,004382718;;
1,74E+18;6,643665527;-0,008106734;-0,024517462;0,003588905;;
1,74E+18;6,653734619;0,005959785;-0,022760394;0,006556591;;
1,74E+18;6,663803467;-0,009002806;-0,017559437;0,009356401;;
1,74E+18;6,673872559;-0,008704115;-0,006844473;0,020282512;;
1,74E+18;6,68394043;0,000124503;-0,007191345;0,017304008;;
1,74E+18;6,694009521;-0,01184709;0,004306214;0,016701795;;
1,74E+18;6,704078613;-0,000175357;0,005876605;0,022511897;;
1,74E+18;6,714146484;0,004612462;0,00413173;0,025971947;;
1,74E+18;6,72421582;-0,015438977;0,003524859;0,024848089;;
1,74E+18;6,734284424;-0,012595862;-0,006178737;0,029667212;;
1,74E+18;6,74435376;-0,003467968;0,008113773;0,017739121;;
1,74E+18;6,754421631;-0,004965513;-0,008548032;0,009485553;;
1,74E+18;6,764490723;-0,002272037;-0,026584288;0,009908436;;
1,74E+18;6,77455957;0,000271803;-0,019292216;0,00398591;;
1,74E+18;6,784627686;-0,000776245;-0,018842645;0,010467024;;
1,74E+18;6,794696533;0,008799977;-0,015840427;0,003760645;;
1,74E+18;6,804765625;-0,002424597;-0,015632853;0,008836587;;
1,74E+18;6,814834717;0,010592706;-0,01183531;0,013620342;;
1,74E+18;6,824902588;0,003110825;-0,007591021;0,008815631;;
1,74E+18;6,83497168;-0,005270049;-0,004679627;0,01310983;;
1,74E+18;6,845040527;-0,005120996;0,00654283;0,013305549;;
1,74E+18;6,855108887;0,004905308;0,02145842;0,021646937;;
1,74E+18;6,86517749;0,011040449;0,023897502;0,025074281;;
1,74E+18;6,875246826;0,013434651;0,024411114;0,027422351;;
1,74E+18;6,885314697;0,005054945;0,000454103;0,024843824;;
1,74E+18;6,895383545;-0,006767594;-0,018839524;0,017672627;;
1,74E+18;6,905452637;-0,007218845;-0,007975274;0,009705972;;
1,74E+18;6,915521484;-0,007815058;-0,044038436;-0,002840087;;
1,74E+18;6,925589355;-0,026363691;-0,023401012;0,004161924;;
1,74E+18;6,935658691;0,031996144;-0,024979904;-0,00850826;;
1,74E+18;6,945727539;-0,001971008;-0,021772771;0,000770322;;
1,74E+18;6,955795654;0,000724223;-0,009798142;-0,005306258;;
1,74E+18;6,965864746;0,007160978;0,016347484;-0,014537466;;
1,74E+18;6,975933594;0,022124738;0,043029515;-0,043345609;;
1,74E+18;6,986002686;-0,000173018;0,037322554;-0,012316735;;
1,74E+18;6,996070557;-0,023368016;0,013084543;-0,081485292;;
1,74E+18;7,006139893;-0,002422259;0,013482956;-0,172375944;;
1,74E+18;7,016208496;-0,013648002;0,011432369;-0,238915577;;
1,74E+18;7,026276611;-0,024717677;-0,137327554;-0,29934451;;
1,74E+18;7,036345703;0,029604865;-0,264439931;-0,333377457;;
1,74E+18;7,046414551;-0,052085577;-0,297147931;-0,318826113;;
1,74E+18;7,056483887;0,049819385;-0,247812092;-0,223835315;;
1,74E+18;7,066551758;-0,000894903;-0,263208216;-0,23129891;;
1,74E+18;7,076620361;0,035602059;-0,060809392;-0,012418834;;
1,74E+18;7,086689697;-0,010621932;0,01019591;0,017664078;;
1,74E+18;7,096757813;-0,032026539;-0,042434983;0,091721038;;
1,74E+18;7,106826416;0,006593407;0,017518027;-0,215544968;;
1,74E+18;7,116895752;0,05611001;0,05409108;-0,137985881;;
1,74E+18;7,126963623;-0,091562431;-0,02241009;-0,236353234;;
1,74E+18;7,137032715;0,156674078;-0,264373058;-0,356373242;;
1,74E+18;7,147101563;-0,205596222;-0,293329414;-0,205520052;;
1,74E+18;7,157170654;0,109541156;-0,0874184;-0,235795747;;
1,74E+18;7,167238525;-0,04352993;0,086211554;-0,158054829;;
1,74E+18;7,177307617;0,029487376;0,147352854;0,067689064;;
1,74E+18;7,187376465;-0,103535193;0,053719859;0,071259155;;
1,74E+18;7,19744458;0,061207041;0,041697723;-0,188634438;;
1,74E+18;7,207513428;-0,032763036;0,237276048;-0,268786929;;
1,74E+18;7,217582764;0,055523734;0,35343485;-0,123948068;;
1,74E+18;7,227651611;-0,068225395;0,256084173;-0,165710714;;
1,74E+18;7,237719482;-0,078694767;0,012390337;-0,279951498;;
1,74E+18;7,247788818;0,110447749;-0,049671739;-0,077511091;;
1,74E+18;7,257857422;-0,090218031;0,124378468;-0,62941076;;
1,74E+18;7,267925781;-0,076900284;-0,080955167;-0,365796648;;
1,74E+18;7,277994629;0,225672796;-0,050302113;-0,914214155;;
1,74E+18;7,288063721;-0,268424142;-0,271419689;-0,467866737;;
1,74E+18;7,298131592;0,354949748;0,048156621;-1,01920963;;
1,74E+18;7,308200684;-0,136626731;0,338144013;-0,857780978;;
1,74E+18;7,318269531;-0,085729487;-0,058316616;-0,297128149;;
1,74E+18;7,328338623;0,204563957;0,044507999;-0,539482944;;
1,74E+18;7,338406494;-0,293412453;-0,14775442;0,099883146;;
1,74E+18;7,348475586;0,265181799;-0,183066758;-0,178751708;;
1,74E+18;7,358544678;-0,278610605;-0,33148145;0,091224797;;
1,74E+18;7,368612793;0,077079733;-0,00052612;-0,408849864;;
1,74E+18;7,378681641;0,031295302;0,079889091;-0,45481809;;
1,74E+18;7,388750488;-0,169355281;0,00294271;-0,309981091;;
1,74E+18;7,398818848;0,189164728;0,070492655;-0,220228193;;
1,74E+18;7,408887451;-0,233979436;0,009334947;-0,130819826;;
1,74E+18;7,418956787;0,217027132;0,014299487;-0,137934434;;
1,74E+18;7,429025635;-0,144491473;0,019279322;0,05552172;;
1,74E+18;7,439093506;0,113037181;0,05109704;-0,117870392;;
1,74E+18;7,449162598;0,083103231;0,105715168;-0,272881816;;
1,74E+18;7,459231689;-0,14164602;-0,021037308;0,357281808;;
1,74E+18;7,469299316;0,129201549;-0,09660607;0,434299764;;
1,74E+18;7,479368652;-0,089423666;-0,073533457;0,047445244;;
1,74E+18;7,489437744;-0,239352361;0,042260202;-0,076184291;;
1,74E+18;7,499506592;0,352006096;0,348303698;-0,863058699;;
1,74E+18;7,509574707;-0,172322898;0,287148735;-0,674971684;;
1,74E+18;7,519643555;-0,150770407;0,023367486;-0,146667301;;
1,74E+18;7,529712646;0,140278239;-0,074745851;-0,140889877;;
1,74E+18;7,539780518;-0,07759645;-0,104326051;-0,045750446;;
1,74E+18;7,549849854;-0,170063721;-0,129373088;0,27029211;;
1,74E+18;7,559917969;0,251610955;0,06273404;-0,008019944;;
1,74E+18;7,56998584;-0,181595754;0,020157774;0,398029487;;
1,74E+18;7,580054932;0,115894324;-0,024410933;0,120862194;;
1,74E+18;7,590124023;-0,089718849;-0,085707285;0,123345444;;
1,74E+18;7,600192871;-0,223179225;-0,089781603;-0,141391297;;
1,74E+18;7,610260986;0,382395974;0,238973646;-0,658161346;;
1,74E+18;7,620329834;-0,112902741;0,32762441;-0,434460288;;
1,74E+18;7,630398926;0,043901686;0,115778424;-0,196075347;;
1,74E+18;7,640466797;-0,225131528;0,146401161;-0,18978222;;
1,74E+18;7,650536133;-0,137430449;0,143723192;-0,141935523;;
1,74E+18;7,66060498;-0,008557985;0,136659008;-0,184393385;;
1,74E+18;7,670672852;-0,13290508;-0,019149982;-0,240159842;;
1,74E+18;7,680742188;-0,344172918;-0,286394902;0,254600894;;
1,74E+18;7,690810791;0,193922736;-0,102369291;0,197316196;;
1,74E+18;7,700880127;0,120745271;-0,138042617;0,236118001;;
1,74E+18;7,710947998;-0,167167415;-0,13555354;0,111128087;;
1,74E+18;7,721016846;0,231454886;0,066528656;-0,403087866;;
1,74E+18;7,731085938;0,26807869;0,021314303;-0,611249591;;
1,74E+18;7,741154053;-0,147229374;0,158572751;-0,391965547;;
1,74E+18;7,751222656;-0,250886732;-0,084508476;0,278665185;;
1,74E+18;7,761291992;0,207680627;-0,119884782;0,423954567;;
1,74E+18;7,771359863;-0,017636194;-0,01481774;0,626685938;;
1,74E+18;7,781428955;0,01142448;-0,097008047;-0,105853234;;
1,74E+18;7,791497803;0,036379473;0,139746041;-0,378837185;;
1,74E+18;7,801566895;-0,079610128;0,18505068;-0,06795657;;
1,74E+18;7,811634766;0,506037551;0,018908338;-0,596179448;;
1,74E+18;7,821703857;-0,146157945;0,135456856;-0,276862958;;
1,74E+18;7,831773193;-0,02312427;0,551370548;-0,324712285;;
1,74E+18;7,84184082;0,093962478;0,072241175;-0,385053356;;
1,74E+18;7,851909912;-0,056038698;-0,342872284;-0,052876508;;
1,74E+18;7,861979004;0,054473348;-0,092826095;-0,107818917;;
1,74E+18;7,872046875;0,07785364;0,291267733;-0,197765163;;
1,74E+18;7,882115723;0,055603229;0,046316446;-0,045443874;;
1,74E+18;7,892185059;0,054928106;-0,004436464;0,199044682;;
1,74E+18;7,90225293;-0,430837056;-0,156170604;0,262987321;;
1,74E+18;7,912322021;0,673802932;-0,043221804;-0,481227702;;
1,74E+18;7,922390869;-0,388437008;0,357250463;0,143436101;;
1,74E+18;7,932459717;0,305707871;0,338769233;-0,312843276;;
1,74E+18;7,942527832;0,090579266;0,218809614;-0,554126898;;
1,74E+18;7,952596924;-0,219236625;0,002473071;-0,095444296;;
1,74E+18;7,962666016;0,248128958;0,100789265;-0,102464806;;
1,74E+18;7,972733887;-0,337670697;-0,257688959;0,442979403;;
1,74E+18;7,982802979;0,411227516;-0,205282608;-0,17975882;;
1,74E+18;7,992871826;-0,116727852;0,179953284;-0,240466515;;
1,74E+18;8,002939941;-0,142061031;0,274416186;-0,377733827;;
1,74E+18;8,013008789;0,13471476;0,07946545;-0,226967073;;
1,74E+18;8,023077881;-0,903687208;-0,480498036;1,455595553;;
1,74E+18;8,033145752;0,760454211;-0,166559293;0,659157882;;
1,74E+18;8,043215088;-0,275192321;0,145463533;0,479602841;;
1,74E+18;8,053283691;-0,537094368;-0,259210853;0,177973362;;
1,74E+18;8,063351807;1,355700908;0,006919816;-0,665775985;;
1,74E+18;8,073420898;-0,940904301;-0,14256151;0,497097873;;
1,74E+18;8,08348999;0,04412848;-0,040811748;-0,579351721;;
1,74E+18;8,093559082;0,144383336;-0,123845046;0,0313106;;
1,74E+18;8,103626953;-0,744792531;0,909889424;0,658565542;;
1,74E+18;8,113696045;0,023410686;0,19365897;0,885962897;;
1,74E+18;8,123764893;-0,072554949;-0,810141932;0,327311215;;
1,74E+18;8,133833008;0,246297651;-0,362134034;0,276257594;;
1,74E+18;8,1439021;-0,342026554;-0,199665079;1,003166696;;
1,74E+18;8,153970947;0,39741351;-0,044385592;-0,190747814;;
1,74E+18;8,164038818;-0,627075083;0,291228223;1,300142979;;
1,74E+18;8,174108154;0,642072746;-0,095563776;-0,497761415;;
1,74E+18;8,184176758;-0,014673253;0,237353315;-0,301861662;;
1,74E+18;8,194244873;-0,512011365;0,020141926;-0,181618331;;
1,74E+18;8,204313965;0,578037204;-0,06960177;-0,267005654;;
1,74E+18;8,214382813;-0,293100903;0,213071691;0,024907884;;
1,74E+18;8,224450684;0,064078797;-0,019719079;0,110256976;;
1,74E+18;8,23452002;0,095576928;-0,078508724;0,264778443;;
1,74E+18;8,244588623;-0,220879716;-0,154456146;0,408802408;;
1,74E+18;8,254657959;0,31297757;-0,228717296;-0,579053614;;
1,74E+18;8,26472583;-0,24153029;0,114242493;0,072287347;;
1,74E+18;8,274794922;-0,159229608;-0,02901179;0,284401445;;
1,74E+18;8,284864014;0,112934305;-0,138174143;-0,151338672;;
1,74E+18;8,294931885;0,211846515;0,033307866;-0,112616179;;
1,74E+18;8,305000977;-0,107947164;0,016415213;-0,252357754;;
1,74E+18;8,315069824;-0,151325118;0,263209896;-0,172805786;;
1,74E+18;8,325137939;0,083185648;0,31189383;0,072927234;;
1,74E+18;8,335206787;-0,276970437;-0,252911333;0,356188716;;
1,74E+18;8,345275879;0,577984597;-0,206581361;-0,374464158;;
1,74E+18;8,355343994;-0,215141465;0,029190669;-0,069051909;;
1,74E+18;8,365412842;0,290232654;0,368601257;-0,434183225;;
1,74E+18;8,375481689;-0,087727968;0,13055596;-0,380926997;;
1,74E+18;8,385550049;0,148075177;0,191294524;-0,451742555;;
1,74E+18;8,395618652;-0,0289993;-0,178321901;0,024683273;;
1,74E+18;8,405687988;0,10513503;-0,302726627;0,384107198;;
1,74E+18;8,415755859;-0,049238955;-0,083901149;0,440172529;;
1,74E+18;8,425824951;0,117926707;0,168783472;0,342980275;;
1,74E+18;8,435894043;-0,145083594;0,102483876;0,448454181;;
1,74E+18;8,445962891;-0,102431616;-0,081798943;0,574067752;;
1,74E+18;8,456031006;0,060848729;-0,348211855;0,37455348;;
1,74E+18;8,466099854;0,046921326;0,038881889;0,111730893;;
1,74E+18;8,476168945;-0,152849552;0,216528316;0,036714781;;
1,74E+18;8,486237061;-0,20537235;0,1418303;0,021365346;;
1,74E+18;8,496305908;0,041829555;0,045145119;0,23857977;;
1,74E+18;8,506374756;-0,021916648;0,02226069;0,370799388;;
1,74E+18;8,516443115;-0,10586159;-0,18647874;0,728011419;;
1,74E+18;8,526511719;-0,114245972;-0,172349311;0,710389107;;
1,74E+18;8,536581055;0,053496612;-0,171663795;0,448294424;;
1,74E+18;8,546648926;-0,004561024;0,06762431;0,151672946;;
1,74E+18;8,556717773;-0,274200972;-0,07226983;0,293836103;;
1,74E+18;8,566787354;0,101093645;0,186619482;0,212927387;;
1,74E+18;8,576855225;0,091067926;0,189587976;0,122391404;;
1,74E+18;8,586924316;-0,125160165;-0,055680971;0,245710224;;
1,74E+18;8,596993164;-0,020566403;0,124032604;0,089394312;;
1,74E+18;8,607061523;-0,267922038;-0,320244675;0,379968454;;
1,74E+18;8,617130127;0,098980599;-0,021443236;-0,120340042;;
1,74E+18;8,627199219;-0,367140537;-0,107796687;-0,269934748;;
1,74E+18;8,637267334;0,005313304;0,038541921;-0,409755617;;
1,74E+18;8,647336182;0,504801287;0,099841983;-0,645433893;;
1,74E+18;8,657405273;-0,058292614;0,244229923;-0,592723828;;
1,74E+18;8,667473389;0,021015315;0,106643078;-0,071677522;;
1,74E+18;8,677541992;0,155682729;0,049831569;-0,103009571;;
1,74E+18;8,687611328;-0,059794836;0,036653724;-0,205961128;;
1,74E+18;8,697679199;0,00125263;0,071745463;-0,078919707;;
1,74E+18;8,707748047;-0,161848266;-0,003735451;-0,14335666;;
1,74E+18;8,717817383;0,196381819;0,139332264;-0,236011618;;
1,74E+18;8,727885254;-0,088830961;-0,042865365;0,046056379;;
1,74E+18;8,737954346;-0,042744917;-0,173287962;0,25255008;;
1,74E+18;8,748023193;0,094623573;-0,05307082;0,235374361;;
1,74E+18;8,758091309;-0,129679104;-0,04663454;0,3460085;;
1,74E+18;8,768160156;0,005744681;0,04206826;-0,11964785;;
1,74E+18;8,778229248;0,075775664;-0,006659467;-0,072078161;;
1,74E+18;8,788297119;-0,111567693;-0,028495944;0,320338856;;
1,74E+18;8,798366211;-0,07654548;-0,270345831;0,258461588;;
1,74E+18;8,808435059;-0,08447335;0,005639081;0,141941962;;
1,74E+18;8,818503418;0,251917829;0,306718546;-0,206193476;;
1,74E+18;8,828572266;-0,126510411;-0,006365669;0,132379887;;
1,74E+18;8,838641113;0,064877254;-0,058378302;-0,043089091;;
1,74E+18;8,848709229;-0,02684709;-0,159697664;0,114697187;;
1,74E+18;8,85877832;-0,152688224;-0,071848417;-0,14570948;;
1,74E+18;8,868847412;0,030464112;-0,089308862;-0,062748206;;
1,74E+18;8,87891626;0,05725275;0,070645215;0,000719336;;
1,74E+18;8,888984375;0,065929978;0,34657439;-0,01032755;;
1,74E+18;8,899053223;-0,301879253;0,047015616;-0,046980819;;
1,74E+18;8,909122314;0,797497701;0,169315679;-0,867272371;;
1,74E+18;8,919190186;-0,681520375;0,112950233;-0,082125828;;
1,74E+18;8,929259277;0,146571202;0,086411716;0,06739136;;
1,74E+18;8,939328125;0,061567106;0,114603554;0,12818502;;
1,74E+18;8,949396484;-0,114409054;0,023195212;0,07371938;;
1,74E+18;8,959465088;0,089990068;0,005443803;0,095067818;;
1,74E+18;8,969534424;-0,066090137;0,007007011;0,089975847;;
1,74E+18;8,979602295;-0,023446927;-0,150817434;0,309500139;;
1,74E+18;8,989671143;-0,042905076;-0,097435762;0,014520405;;
1,74E+18;8,999740234;0,145784435;0,035137547;0,011288761;;
1,74E+18;9,00980835;-0,253305484;-0,331579942;0,209141366;;
1,74E+18;9,019876953;0,315756387;-0,213069481;-0,28060377;;
1,74E+18;9,029945313;-0,072262688;0,126137741;-0,13682145;;
1,74E+18;9,04001416;0,034424832;0,378146573;0,091458597;;
1,74E+18;9,050083008;-0,160714878;0,264411801;0,440502674;;
1,74E+18;9,060152344;0,045030982;0,047485024;0,372868596;;
1,74E+18;9,070220215;-0,093532855;-0,237517511;0,623067528;;
1,74E+18;9,080289307;-0,245721897;-0,26867503;0,590326484;;
1,74E+18;9,090357178;0,305985519;0,205365921;0,234962292;;
1,74E+18;9,10042627;-0,109558691;0,007983774;0,293607555;;
1,74E+18;9,110495117;0,062373746;0,071846234;0,331881702;;
1,74E+18;9,120563232;-0,24423195;-0,086739834;0,525125807;;
1,74E+18;9,13063208;0,254209739;-0,142900359;0,389662019;;
1,74E+18;9,140701416;-0,178841486;-0,082462321;0,514299585;;
1,74E+18;9,150769043;0,144677936;0,030031931;0,248970706;;
1,74E+18;9,160838379;-0,028601241;-0,037462236;0,087129975;;
1,74E+18;9,170907227;-0,41181613;-0,232004611;0,268047381;;
1,74E+18;9,180975098;0,733504244;0,482807007;-0,739667443;;
1,74E+18;9,191044189;-0,628198534;-0,08308343;0,193980001;;
1,74E+18;9,201113281;-0,068856679;-0,249287042;0,132753899;;
1,74E+18;9,211181152;0,237299521;0,003849387;-0,369336878;;
1,74E+18;9,221250244;-0,043273909;0,124255051;-0,389102961;;
1,74E+18;9,231319336;-0,008407763;-0,115157187;-0,445465703;;
1,74E+18;9,241387451;-0,148019647;0,021803863;-0,286554842;;
1,74E+18;9,251456299;-0,077237553;0,25580647;-0,160697342;;
1,74E+18;9,261525391;0,257797534;0,237345771;-0,274580144;;
1,74E+18;9,271593506;-0,168222477;-0,148546859;-0,174799664;;
1,74E+18;9,281662109;-0,088016722;-0,031961159;-0,045858089;;
1,74E+18;9,291731445;-0,155500943;-0,126873709;0,355870553;;
1,74E+18;9,301799316;0,226066179;0,067206582;-0,144641385;;
1,74E+18;9,311868164;0,077474869;-0,140210764;0,106981187;;
1,74E+18;9,321937256;-0,105381113;-0,028448808;0,032919389;;
1,74E+18;9,332005371;-0,05869535;0,034868334;-0,099871419;;
1,74E+18;9,342074219;-0,02233575;-0,052171565;0,032074244;;
1,74E+18;9,352143311;0,160969145;0,037458419;-0,124592759;;
1,74E+18;9,362211182;0,069839844;-0,069924098;0,156717296;;
1,74E+18;9,372280273;-0,120493927;-0,277174234;0,321311683;;
1,74E+18;9,382349365;0,043653264;-0,141943104;0,392139004;;
1,74E+18;9,392417236;-0,210282334;-0,08046584;0,41728583;;
1,74E+18;9,402486328;0,314503756;0,178970447;0,083512341;;
1,74E+18;9,412555176;-0,173911629;0,015546976;0,195969074;;
1,74E+18;9,422623535;0,032290743;-0,109150878;-0,044182841;;
1,74E+18;9,432692139;-0,116451373;0,101631716;-0,11539022;;
1,74E+18;9,44276123;0,110400987;-0,044870289;-0,337099473;;
1,74E+18;9,452829346;-0,175710203;-0,005742845;-0,069644888;;
1,74E+18;9,462898193;0,199133748;0,048121075;-0,019428042;;
1,74E+18;9,472967285;0,016281273;-0,037171304;0,053915797;;
1,74E+18;9,4830354;-0,198749717;0,04272476;0,287124751;;
1,74E+18;9,493104004;0,0667033;0,112371383;0,257188974;;
1,74E+18;9,503172119;-0,117201315;-0,080963771;0,347328131;;
1,74E+18;9,513241211;0,209753927;0,135284413;-0,379953805;;
1,74E+18;9,523310303;-0,179901225;0,069480774;0,150390249;;
1,74E+18;9,533378174;0,112046417;0,123380826;-0,08908046;;
1,74E+18;9,543447266;-0,064975453;0,053840065;-0,063168212;;
1,74E+18;9,553516113;0,085112817;0,004073898;-0,296049962;;
1,74E+18;9,563584717;-0,124828741;-0,141607113;-0,082168123;;
1,74E+18;9,573653809;0,148556238;0,170535796;-0,238744386;;
1,74E+18;9,583722656;-0,042077393;0,077266706;-0,027477552;;
1,74E+18;9,593790771;-0,117498252;0,077952141;0,239936116;;
1,74E+18;9,603859619;-0,047769467;-0,113843072;0,433257781;;
1,74E+18;9,613928711;0,316298823;0,004552348;-0,061075797;;
1,74E+18;9,623996582;-0,089069446;0,110388384;-0,125669384;;
1,74E+18;9,634065918;-0,034154783;0,030674773;-0,445331921;;
1,74E+18;9,644134766;0,090339612;0,12783955;-0,227629026;;
1,74E+18;9,654202637;-0,062440966;0,102644053;-0,245316987;;
1,74E+18;9,664271729;-0,185595052;-0,020683942;-0,124075658;;
1,74E+18;9,67434082;0,405324429;0,174928788;-0,487005664;;
1,74E+18;9,684408447;-0,011575287;0,063016405;-0,805573894;;
1,74E+18;9,694477783;-0,131278356;0,009797998;-0,285030373;;
1,74E+18;9,704546631;0,043493105;-0,03122088;-0,474809725;;
1,74E+18;9,714614746;-0,182316469;0,014768809;-0,237666564;;
1,74E+18;9,724683594;0,116365449;-0,112862354;0,065702699;;
1,74E+18;9,734751709;-0,053024903;-0,040496964;0,266547717;;
1,74E+18;9,744820557;0,102587099;-0,234005393;0,099854651;;
1,74E+18;9,754889648;-0,179777306;-0,139501391;0,170301092;;
1,74E+18;9,76495752;0,133562667;-0,163512436;-0,057109209;;
1,74E+18;9,775026855;-0,022510522;-0,095247614;-0,09039262;;
1,74E+18;9,785095703;0,100799631;0,017115299;-0,377892525;;
1,74E+18;9,795163818;-0,051079614;0,210426182;-0,629229339;;
1,74E+18;9,80523291;0,03195815;0,24748613;-0,254609881;;
1,74E+18;9,815301758;0,056497548;0,180845593;-0,146213274;;
1,74E+18;9,825369873;-0,131602181;0,191744332;-0,178537864;;
1,74E+18;9,835438721;0,227233469;0,134921242;-0,184423762;;
1,74E+18;9,845507813;-0,096714407;-0,012635085;0,022995119;;
1,74E+18;9,855575684;0,033467385;0,084052969;-0,246387247;;
1,74E+18;9,865644775;-0,051978609;0,020516691;-0,068492024;;
1,74E+18;9,875713623;0,087061028;-0,39092634;0,193168428;;
1,74E+18;9,885781738;-0,007205986;0,155046532;0,062481298;;
1,74E+18;9,89585083;-0,145481069;0,078730468;0,014452406;;
1,74E+18;9,905918945;0,279199219;0,168310923;-0,237970369;;
1,74E+18;9,915987549;-0,182430451;0,161231047;0,112183533;;
1,74E+18;9,926056885;-0,04806582;0,120689504;0,309126411;;
1,74E+18;9,936124756;-0,045377603;-0,28912177;0,508792695;;
1,74E+18;9,946193604;-0,022638533;-0,331552031;0,905755393;;
1,74E+18;9,956262939;-0,074716511;-0,336930144;1,044908062;;
1,74E+18;9,966330811;0,237121826;0,119331477;0,423732741;;
1,74E+18;9,976399658;-0,16675182;0,33835762;0,402203375;;
1,74E+18;9,98646875;-0,04045476;-0,036574804;0,325574016;;
1,74E+18;9,996536865;-0,15612755;-0,314156879;0,60514247;;
1,74E+18;10,00660571;0,034663902;0,125481086;0,238857783;;
1,74E+18;10,0166748;0,120107558;0,191276313;-0,104573067;;
1,74E+18;10,02674268;-0,112425771;0,151886314;0,315314817;;
1,74E+18;10,03681177;0,046942368;-0,062150569;-0,027121491;;
1,74E+18;10,04687964;0,004447043;-0,147401232;-0,16178585;;
1,74E+18;10,05694873;-0,141159114;0,249689138;-0,064972695;;
1,74E+18;10,06701758;0,048439914;0,069349252;-0,023315822;;
1,74E+18;10,07708569;0,032872342;0,193873051;-0,429272985;;
1,74E+18;10,08715479;-0,194577985;-0,076820926;-0,0348738;;
1,74E+18;10,09722363;0,092438045;-0,056245916;-0,155681359;;
1,74E+18;10,1072915;-0,127079735;0,256749066;-0,103954679;;
1,74E+18;10,11736084;0,018819267;-0,218063271;-0,212438617;;
1,74E+18;10,12742969;-0,084129651;0,28660323;-0,119123095;;
1,74E+18;10,13749756;-0,039990065;-0,024548061;-0,107077889;;
1,74E+18;10,14756689;-0,031164369;-0,001349282;-0,065608239;;
1,74E+18;10,15763477;0,000414426;0,054875541;-0,262477582;;
1,74E+18;10,16770386;-0,013499533;-0,067687557;-0,286797985;;
1,74E+18;10,17777271;-0,009604864;0,02176212;-0,125772379;;
1,74E+18;10,18784082;-0,041177814;-0,10005937;0,072995459;;
1,74E+18;10,19790967;-0,158789463;-0,000310619;0,441199533;;
1,74E+18;10,20797876;0,010442484;-0,056451165;0,274529638;;
1,74E+18;10,21804663;-0,036695115;0,043209018;0,237403054;;
1,74E+18;10,22811572;-0,085618428;-0,113253838;0,515333605;;
1,74E+18;10,23818457;-0,073645666;-0,010908969;0,262476778;;
1,74E+18;10,24825293;-0,139637019;-0,008950263;0,090236991;;
1,74E+18;10,25832153;0,063119012;0,361985383;0,170112876;;
1,74E+18;10,26838965;-0,162231128;0,133229398;0,333439964;;
1,74E+18;10,27845874;0,090063133;-0,072417997;0,353569765;;
1,74E+18;10,28852783;-0,078280925;-0,228379077;0,509113451;;
1,74E+18;10,29859546;0,021225743;-0,424025586;0,38940735;;
1,74E+18;10,30866479;0,044866731;-0,084371186;0,554424638;;
1,74E+18;10,31873364;0,076589319;-0,332751799;-0,079863975;;
1,74E+18;10,32880176;-0,099832832;0,183426239;-0,04412479;;
1,74E+18;10,33887061;-0,045666357;0,066686828;0,123991633;;
1,74E+18;10,34893994;-0,093254622;-0,218720638;0,21326683;;
1,74E+18;10,35900757;-0,014995909;-0,276645899;0,014602238;;
1,74E+18;10,36907666;0,034085809;0,019861351;0,01306853;;
1,74E+18;10,37914453;0,012238719;-0,052448907;0,234172876;;
1,74E+18;10,38921387;0,002504676;-0,038873642;-0,226561178;;
1,74E+18;10,39928271;-0,103584878;0,0350547;-0,233451723;;
1,74E+18;10,40935083;-0,058243515;0,007419967;-0,493414253;;
1,74E+18;10,41941992;-0,029953824;0,100999957;-0,176724257;;
1,74E+18;10,42948853;-0,032348026;0,049179379;-0,035576717;;
1,74E+18;10,43955688;0,003564999;0,048737262;0,064669383;;
1,74E+18;10,44962573;-0,116145084;0,06148894;0,209867415;;
1,74E+18;10,45969482;0,180890236;0,263131771;0,065102418;;
1,74E+18;10,4697627;-0,127960025;0,083211066;0,342265331;;
1,74E+18;10,47983179;0,013141806;-0,20970837;0,382397947;;
1,74E+18;10,48989966;0,019872575;-0,087300719;0,315061938;;
1,74E+18;10,49996875;0,080780341;0,2709208;0,224100359;;
1,74E+18;10,5100376;-0,196195357;-0,16512853;0,429782067;;
1,74E+18;10,52010596;0,056985624;-0,155851528;0,312399989;;
1,74E+18;10,53017456;0,118038935;-0,005981481;0,144084344;;
1,74E+18;10,5402439;-0,12511808;0,270567986;0,102501357;;
1,74E+18;10,55031177;0,058939096;0,277772054;0,024628688;;
1,74E+18;10,56038062;-0,113438748;-0,051937729;0,55278911;;
1,74E+18;10,57044775;0,125531921;-0,152493797;0,217609353;;
1,74E+18;10,58051709;-0,121821961;-0,025706295;0,50255928;;
1,74E+18;10,59058569;0,084527126;-0,218038848;0,493851219;;
1,74E+18;10,60065405;-0,088747959;0,179807153;0,32731275;;
1,74E+18;10,6107229;0,061335051;-0,069844315;-0,134275218;;
1,74E+18;10,62079199;-0,101315764;0,300123495;0,61465655;;
1,74E+18;10,63085986;0,076609777;-0,492733541;0,0544481;;
1,74E+18;10,64092896;-0,013164017;0,204405478;-0,034055024;;
1,74E+18;10,65099683;-0,026929508;0,055499166;0,549282344;;
1,74E+18;10,66106592;0,008382044;-0,250438586;0,501332479;;
1,74E+18;10,67113501;-0,077061612;0,054049415;0,959897098;;
1,74E+18;10,68120313;0,056113517;-0,094885411;0,970745751;;
1,74E+18;10,69127197;-0,027536242;-0,208548752;0,543590525;;
1,74E+18;10,70134082;-0,002547931;-0,022654498;0,039105026;;
1,74E+18;10,71140918;-0,024544659;-0,050636364;-0,262424153;;
1,74E+18;10,72147778;0,007478373;-0,020157128;-0,322773645;;
1,74E+18;10,73154712;-0,033074002;0,005328785;-0,013575014;;
1,74E+18;10,74161499;-0,024243045;0,014955125;-0,110447503;;
1,74E+18;10,75168408;-0,0080816;0,028814591;-0,149656509;;
1,74E+18;10,76175195;0,01196867;0,071558983;-0,29388166;;
1,74E+18;10,77182104;-0,051478258;0,063196927;-0,259444772;;
1,74E+18;10,78188989;0,019599603;-0,008416403;-0,008125589;;
1,74E+18;10,79195801;-0,038309565;-0,126846018;0,295184614;;
1,74E+18;10,80202686;0,035761049;-0,057556395;0,274597972;;
1,74E+18;10,81209619;-0,005539514;-0,024373572;-0,220481091;;
1,74E+18;10,82216382;-0,041601592;0,150641557;-0,234139193;;
1,74E+18;10,83223291;-0,050878539;0,033652181;0,060807853;;
1,74E+18;10,84230103;0,035758711;-0,19135305;-0,141026601;;
1,74E+18;10,85237012;-0,020360066;0,134146714;-0,426525842;;
1,74E+18;10,86243896;-0,035324996;0,24011845;0,274788855;;
1,74E+18;10,87250708;-0,020962709;-0,161497626;0,863048397;;
1,74E+18;10,88257617;0,00387538;-0,290137103;0,545419458;;
1,74E+18;10,89264502;-0,002260346;-0,109700566;-0,01461621;;
1,74E+18;10,90271313;-0,027698154;0,061913061;-0,099707169;;
1,74E+18;10,91278198;-0,027245734;0,062207167;0,122634711;;
1,74E+18;10,9228501;-0,005097031;0,075476206;0,333232605;;
1,74E+18;10,93291895;-0,019461072;0,02934409;0,624540889;;
1,74E+18;10,94298804;-0,011679916;-0,004303004;0,291882083;;
1,74E+18;10,95305591;-0,003747954;-0,002833648;0,005640426;;
1,74E+18;10,963125;-0,012875264;-0,000536801;0,014430672;;
1,74E+18;10,97319409;-0,014521277;0,001105577;0,011708537;;
1,74E+18;10,98326221;-0,014521277;-0,014305726;0,011418569;;
1,74E+18;10,99333081;-0,016016484;-0,009993146;0,012338752;;
1,74E+18;11,00339917;-0,015716625;-0,006549504;-0,001962302;;
1,74E+18;11,01346802;-0,020953356;-0,008478864;-0,012853922;;
1,74E+18;11,02353687;-0,014219664;-0,008432322;-0,002293203;;
1,74E+18;11,03360498;-0,013470307;-0,010530555;0,014729844;;
1,74E+18;11,04367407;-0,00643734;-0,01096611;0,024979817;;
1,74E+18;11,05374194;-0,008681904;-0,012490772;0,022884991;;
1,74E+18;11,06381104;-0,004792495;-0,002312405;0,012965403;;
1,74E+18;11,07387988;-0,012872341;3,50E-05;0,000310516;;
1,74E+18;11,08394824;-0,024245383;-0,001416666;0,011619284;;
1,74E+18;11,09401685;-0,015865678;-0,000933491;0,013858706;;
1,74E+18;11,10408594;-0,001499883;-0,011049181;0,01106541;;
1,74E+18;11,1141543;-0,000751111;0,001665801;0,014228414;;
1,74E+18;11,1242229;-0,004192191;-0,004467651;0,016592165;;
1,74E+18;11,13429077;-0,007333996;0,005648728;0,026208295;;
1,74E+18;11,14436011;-0,014367548;-0,006829736;0,025995243;;
1,74E+18;11,15442896;-0,005987842;-0,017291203;0,008808747;;
1,74E+18;11,16449707;-0,005239654;-0,003760782;0,001735423;;
1,74E+18;11,17456616;-0,003743278;-0,00578757;0,000362723;;
1,74E+18;11,18463477;-0,008231822;-0,007247131;0,004898997;;
1,74E+18;11,19470313;-0,021998481;-0,010841392;0,00697773;;
1,74E+18;11,20477197;-0,004041969;-0,012931391;0,010254014;;
1,74E+18;11,21484009;-0,011373627;-0,016007246;0,011094904;;
1,74E+18;11,22490894;-0,021249124;-0,003246078;0,010274548;;
1,74E+18;11,23497803;-0,011972177;-0,000781186;0,013245967;;
1,74E+18;11,24504614;-0,01272095;0,003028495;0,009838394;;
1,74E+18;11,25511499;-0,013469722;-0,00617004;0,013488872;;
1,74E+18;11,26518286;-0,009130816;-0,000275059;0,005651301;;
1,74E+18;11,2752522;-0,01586334;-0,003856369;0,009893745;;
1,74E+18;11,2853208;0,006282441;-0,01049668;0,010528534;;
1,74E+18;11,29538892;-0,014817045;-0,013299983;0,017948208;;
1,74E+18;11,30545801;-0,008681904;-0,009620422;0,028372558;;
1,74E+18;11,31552686;-0,011674071;-0,007437507;0,014522394;;
1,74E+18;11,32559497;-0,020503274;-0,007084017;0,002620275;;
1,74E+18;11,33566406;-0,015266543;-0,00415754;-0,00439505;;
1,74E+18;11,34573193;-0,010478139;-0,004959399;-0,011906243;;
1,74E+18;11,35580103;-0,008382628;-0,004200397;-0,002516406;;
1,74E+18;11,36587012;-0,013470891;-0,009958125;0,006833684;;
1,74E+18;11,37593799;-0,0038935;-0,012194159;0,016913545;;
1,74E+18;11,38600708;-0,004940379;-0,01577431;0,023488661;;
1,74E+18;11,39607593;-0,001647767;-0,007294477;0,017488671;;
1,74E+18;11,40614429;-0,006886252;-0,010562228;0,022122825;;
1,74E+18;11,41621289;-0,014667992;-0,003148513;0,02404789;;
1,74E+18;11,42628101;-0,01107669;0,002553507;0,008302412;;
1,74E+18;11,4363501;-0,017511107;0,001109071;0,002651154;;
1,74E+18;11,44641895;-0,006138064;0,004382617;0,007529311;;
1,74E+18;11,45648682;-0,009129647;-0,000229749;0,011603102;;
1,74E+18;11,46655615;-0,002844284;-0,008288123;0,023429373;;
1,74E+18;11,47662402;-0,007034721;-0,009608946;0,025306681;;
1,74E+18;11,48669312;-0,010626023;-0,003730158;0,036506831;;
1,74E+18;11,49676196;-0,014966098;-0,00223033;0,024418993;;
1,74E+18;11,50683008;-0,020054362;-0,003396976;0,018162682;;
1,74E+18;11,51689893;-0,015565818;-0,002716479;0,002717072;;
1,74E+18;11,52696704;-0,016762919;0,002663356;-0,002747777;;
1,74E+18;11,53703589;-0,009281039;0,000951245;0,002618612;;
1,74E+18;11,54710498;-0,00359481;-0,005893278;-0,005038969;;
1,74E+18;11,55717285;-0,014219079;-0,015340877;0,002587506;;
1,74E+18;11,56724194;0,006579963;-0,013969201;0,015380955;;
1,74E+18;11,57731055;0,006131635;-0,015292326;-0,001036462;;
1,74E+18;11,58737891;-0,008383797;-0,022506056;-0,005944898;;
1,74E+18;11,59744775;-0,003595979;-0,015840406;-0,016269698;;
1,74E+18;11,60751587;-0,006738953;-0,005496456;-0,002818324;;
1,74E+18;11,61758472;-0,017961189;-0,001980241;-0,003651888;;
1,74E+18;11,62765381;-0,011377134;-0,005935222;0,013300418;;
1,74E+18;11,63772217;-0,009731705;0,003855876;0,021036543;;
1,74E+18;11,64779077;-0,006439678;-0,004524747;0,022174546;;
1,74E+18;11,65785864;-0,003297288;-0,015154968;0,017566668;;
1,74E+18;11,66792798;-0,007038813;-0,013493651;0,009384869;;
1,74E+18;11,67799683;-0,015569325;-0,026396744;-0,004135981;;
1,74E+18;11,6880647;-0,008237667;-0,016490806;-0,007934321;;
1,74E+18;11,69813403;-0,008387889;-0,011579621;-0,000315319;;
1,74E+18;11,7082019;-0,001654197;-0,003513634;0,001754901;;
1,74E+18;11,718271;-0,000307459;-0,003998892;0,003585562;;
1,74E+18;11,72833984;-0,014372809;0,001607312;0,014257778;;
1,74E+18;11,73840796;-0,014822306;-0,006390815;0,021377998;;
1,74E+18;11,74847681;-0,007790508;-0,004980871;0,031754882;;
1,74E+18;11,7585459;-0,005246084;-0,005509128;0,036894627;;
1,74E+18;11,76861377;-0,00764087;0,001873201;0,044628068;;
1,74E+18;11,77868286;0,000290507;0,005792457;0,022131223;;
1,74E+18;11,78875073;-0,006143325;0,001109802;-0,004552899;;
1,74E+18;11,79882007;-0,00958499;-0,017596241;-0,0189694;;
1,74E+18;11,80888867;-0,007190204;-0,01868131;-0,017022629;;
1,74E+18;11,81895679;-0,014521862;-0,008263614;0,007572731;;
1,74E+18;11,82902588;-0,013324761;-0,01561579;-0,003076674;;
1,74E+18;11,83909399;-0,009883681;-0,008881865;0,000390894;;
1,74E+18;11,8491626;-0,016018822;-0,004855162;0,003961912;;
1,74E+18;11,85923193;-0,015421441;0,000750928;0,006446069;;
1,74E+18;11,8692998;-0,014971944;-0,0129607;0,005444607;;
1,74E+18;11,8793689;-0,014672668;-0,013507725;0,005376238;;
1,74E+18;11,88943677;-0,007639701;-0,006174579;0,018695388;;
1,74E+18;11,89950586;-0,00210311;0,005206542;0,025216126;;
1,74E+18;11,90957495;-0,003747954;-0,005594075;0,028004896;;
1,74E+18;11,91964282;-0,012576573;-0,006941759;0,033606209;;
1,74E+18;11,92971191;-0,010032734;-0,01307417;0,023712014;;
1,74E+18;11,93978076;-0,006890344;-0,01646674;0,011341978;;
1,74E+18;11,94984888;-0,010332593;-0,009812597;0,001913644;;
1,74E+18;11,95991797;-0,011380641;-0,007979295;-0,010786809;;
1,74E+18;11,96998608;-0,010034487;-0,006299776;0,008278131;;
1,74E+18;11,98005469;-0,004348258;-0,001976972;0,045526104;;
1,74E+18;11,99012402;-0,009436521;-0,021719582;0,091629195;;
1,74E+18;12,00019189;-0,022305355;-0,129245973;0,03507772;;
1,74E+18;12,01026074;0,006873393;0,011481572;-0,069404718;;
1,74E+18;12,02032886;0,001935352;0,043666511;-0,0304675;;
1,74E+18;12,03039795;-0,019462825;0,062520174;0,06793133;;
1,74E+18;12,04046655;0,011512743;0,010895557;0,086281477;;
1,74E+18;12,05053491;-0,023652678;-0,016261577;-0,065989722;;
1,74E+18;12,06060376;-0,005246084;-0,000975604;-0,036642106;;
1,74E+18;12,07067188;-0,01152911;-0,000107232;0,001331678;;
1,74E+18;12,08074072;-0,002549684;-0,005753828;0,00870419;;
1,74E+18;12,09080981;-0,01631576;-0,012873405;0,013218373;;
1,74E+18;12,10087793;0,003137129;-0,021206765;0,009194034;;
1,74E+18;12,11094678;-0,006139818;-0,025057901;-0,007566995;;
1,74E+18;12,12101465;-0,017062778;-0,015084976;-0,012033083;;
1,74E+18;12,13108398;-0,006139818;-0,004031342;-0,01528972;;
1,74E+18;12,14115259;-0,013172785;-0,002122773;-0,001832414;;
1,74E+18;12,1512207;0,006729016;-0,002078295;-0,001355213;;
1,74E+18;12,16129004;-0,012872926;-0,009060135;0,008721207;;
1,74E+18;12,17135791;-0,016164953;-0,014742263;0,010453062;;
1,74E+18;12,181427;-0,014369302;-0,00569054;0,012239365;;
1,74E+18;12,19149585;0,002240472;-0,014459766;0,008576568;;
1,74E+18;12,20156372;-0,007635609;-0,019112742;0,010469169;;
1,74E+18;12,21163281;0,00268997;0,000385191;0,007198494;;
1,74E+18;12,22170068;-0,014368717;-0,007228526;0,011552801;;
1,74E+18;12,23176978;-0,009130816;-0,009572733;0,011616205;;
1,74E+18;12,24183887;0,000745265;-0,002991332;0,014695316;;
1,74E+18;12,25190674;-0,005091186;-6,36E-06;0,007717721;;
1,74E+18;12,26197607;-0,01077683;-0,006656371;0,005967228;;
1,74E+18;12,27204395;-0,009280454;-0,011537572;0,00498237;;
1,74E+18;12,28211279;-0,004940379;-0,021971753;0,006693322;;
1,74E+18;12,29218188;0,000745265;-0,011428298;-0,000209997;;
1,74E+18;12,30225;-0,005988427;-0,005776428;-0,003756857;;
1,74E+18;12,3123186;-0,009579145;-0,007047192;0,006603627;;
1,74E+18;12,32238696;-0,009879004;-0,007458207;0,005582965;;
1,74E+18;12,33245581;-0,01167524;0,001058998;0,01226686;;
1,74E+18;12,3425249;-0,020803134;-0,001290058;0,017952424;;
1,74E+18;12,35259277;-0,002696984;-0,000491245;0,014722638;;
1,74E+18;12,36266187;-0,001499883;-0,001481197;0,014064201;;
1,74E+18;12,37272998;-0,010029227;-0,010179303;0,01633014;;
1,74E+18;12,38279883;-0,004942717;-0,012912668;0,011518183;;
1,74E+18;12,39286768;-0,013472061;-0,019182465;0,005723149;;
1,74E+18;12,40293604;-0,008683657;-0,009350391;0,002329287;;
1,74E+18;12,41300464;-0,012125907;-0,00869869;-0,003432785;;
1,74E+18;12,42307275;-0,003597148;-0,001989493;-0,008466121;;
1,74E+18;12,43314185;-0,0158686;3,83E-06;0,000933359;;
1,74E+18;12,44321069;-0,010182956;-0,000851516;0,010738439;;
1,74E+18;12,45327881;-0,00584405;-0,005705477;0,016644151;;
1,74E+18;12,4633479;-0,005844634;-0,004587127;0,007153664;;
1,74E+18;12,47341577;-0,003600655;-0,014175081;0,01660007;;
1,74E+18;12,48348486;-0,001206453;-0,010751093;0,014254815;;
1,74E+18;12,49355396;-0,006892098;-0,006348835;0,012526336;;
1,74E+18;12,50362183;-0,016768764;-0,012040448;0,011404645;;
1,74E+18;12,51369092;-0,007640286;-0,006079585;0,009500804;;
1,74E+18;12,52375879;-0,011232757;-0,002920491;0,019881512;;
1,74E+18;12,53382813;-0,011980945;-0,002519335;0,015017119;;
1,74E+18;12,54389673;-0,013178631;0,000165762;0,016201119;;
1,74E+18;12,55396484;-0,006445523;-0,008302923;0,008070472;;
1,74E+18;12,5640376;-0,015423779;-0,009576752;0,012838465;;
1,74E+18;12,57410547;-0,009588497;-0,011706234;0,006411317;;
1,74E+18;12,58417432;-0,004500819;-0,008124662;0,010724318;;
1,74E+18;12,59424341;-0,000760463;-0,0147729;0,00721886;;
1,74E+18;12,60431152;-0,001358429;-0,009296652;0,002694833;;
1,74E+18;12,61438013;-0,005398644;-0,006002318;0,012156636;;
1,74E+18;12,62444849;-0,011084873;-0,013374432;0,011905854;;
1,74E+18;12,63451733;0,000737082;-0,009572062;0,008468491;;
1,74E+18;12,64458643;-0,017817981;-0,001614381;0,005881996;;
1,74E+18;12,6546543;-0,013777181;-0,002616188;0,00048789;;
1,74E+18;12,66472339;-0,016021745;-0,009807332;0,000254283;;
1,74E+18;12,67479126;-0,009587913;-0,010359107;0,000734447;;
1,74E+18;12,68486035;-0,007343349;-0,003195357;-0,005255459;;
1,74E+18;12,69492944;-0,005249591;-0,013026143;0,000944728;;
1,74E+18;12,70499756;-0,009440029;-0,008221099;0,010356593;;
1,74E+18;12,71506641;-0,003454524;-0,0048171;0,018364268;;
1,74E+18;12,72513428;-0,004202128;-0,014330353;0,022003454;;
1,74E+18;12,73520361;-0,003304302;8,39E-05;0,027071334;;
1,74E+18;12,74527222;-0,012132336;-0,000527855;0,018126689;;
1,74E+18;12,75534033;-0,008990531;0,000777615;0,006596396;;
1,74E+18;12,76540942;-0,000461188;-0,015045589;0,002117134;;
1,74E+18;12,77547754;-0,020662849;-0,012529067;-0,002620463;;
1,74E+18;12,78554639;-0,011683424;-0,009456591;-0,00422647;;
1,74E+18;12,7956145;0,002832009;-0,011291063;-0,003428294;;
1,74E+18;12,80568335;0,004029109;-0,015445945;-0,005771562;;
1,74E+18;12,81575244;0,00058686;-0,008380076;0,006472152;;
1,74E+18;12,82582031;-0,008841478;-0,010114206;0,016432143;;
1,74E+18;12,8358894;-0,001209376;-0,006915739;0,018292626;;
1,74E+18;12,84595752;-0,014527707;0,000839223;0,01293716;;
1,74E+18;12,85602637;-0,009739304;0,004170618;0,00975723;;
1,74E+18;12,86609546;-0,007495909;-0,006433723;0,007918728;;
1,74E+18;12,87616357;-0,017072131;-0,014094823;0,007584233;;
1,74E+18;12,88623218;-0,013780104;-0,01487963;0,003425523;;
1,74E+18;12,89630054;-0,005250176;-0,017267594;0,009927236;;
1,74E+18;12,90636938;-0,000461188;-0,004423438;0,011153362;;
1,74E+18;12,91643823;-0,022159809;-0,006102733;0,010572733;;
1,74E+18;12,92650635;-0,013780104;-0,002945246;0,01201216;;
1,74E+18;12,93657544;-0,026648353;-0,005704477;0,0023012;;
1,74E+18;12,94664331;-0,013778935;-0,009251041;-0,002286171;;
1,74E+18;12,9567124;0,029918168;0,001989251;0,004451743;;
1,74E+18;12,96678149;-0,036070846;-0,014088941;0,009390934;;
1,74E+18;12,97684961;-0,026643092;-0,014013168;0,01829338;;
1,74E+18;12,98691846;-0,007339841;-0,007021017;0,009647301;;
1,74E+18;12,99698633;-0,014971944;-0,007605465;0,013258922;;
1,74E+18;13,00705566;-0,016918402;-0,004783709;0,007288784;;
1,74E+18;13,01712427;-0,013926819;0,00732247;0,011779767;;
1,74E+18;13,02719214;0,012858897;0,011312686;0,018468516;;
1,74E+18;13,03726147;-0,022155718;-0,001632474;-0,003512381;;
