Timestamp,Wx,Wy,Wz,Gx,Gy,Gz
0.0,0.0,0.549,0.183,0.24,-0.144,0.942
0.01,-0.305,0.793,0.0,0.241,-0.143,0.95
0.031,-0.122,0.915,0.183,0.242,-0.146,0.946
0.041,-0.122,0.854,0.183,0.241,-0.145,0.945
0.051,-0.122,0.854,0.122,0.239,-0.146,0.945
0.07,-0.244,0.915,0.122,0.242,-0.146,0.951
0.091,-0.244,0.793,0.244,0.237,-0.144,0.947
0.101,-0.183,0.854,0.183,0.239,-0.145,0.946
0.111,-0.183,0.854,0.122,0.243,-0.145,0.943
0.151,-0.122,0.793,0.122,0.24,-0.146,0.946
0.161,-0.183,0.854,0.183,0.242,-0.145,0.948
0.171,-0.183,0.915,0.122,0.241,-0.146,0.95
0.201,-0.183,0.793,0.061,0.238,-0.141,0.946
0.211,-0.244,0.793,0.122,0.24,-0.146,0.949
0.221,-0.122,0.854,0.122,0.237,-0.149,0.946
0.242,-0.122,0.915,0.122,0.244,-0.148,0.95
0.252,-0.061,0.915,0.061,0.241,-0.146,0.949
0.271,-0.122,0.854,0.061,0.242,-0.146,0.946
0.281,-0.122,0.854,0.061,0.241,-0.147,0.95
0.302,-0.122,0.854,0.183,0.24,-0.144,0.948
0.312,-0.061,0.854,0.122,0.24,-0.144,0.948
0.322,-0.183,0.854,0.122,0.242,-0.145,0.95
0.341,-0.183,0.915,0.122,0.241,-0.146,0.948
0.362,-0.305,0.854,0.122,0.24,-0.146,0.945
0.372,-0.061,0.854,0.122,0.242,-0.146,0.95
0.382,-0.061,0.915,0.183,0.241,-0.146,0.951
0.422,-0.183,0.976,0.183,0.239,-0.145,0.946
0.432,-0.244,0.915,0.183,0.24,-0.145,0.948
0.442,-0.244,0.854,0.183,0.239,-0.146,0.949
0.463,-0.305,0.854,0.122,0.241,-0.147,0.947
0.472,-0.122,0.854,0.183,0.239,-0.148,0.948
0.482,-0.061,0.854,0.183,0.24,-0.146,0.946
0.492,-0.061,0.854,0.122,0.241,-0.147,0.947
0.513,-0.061,0.854,0.183,0.24,-0.146,0.948
0.523,0.061,0.793,0.183,0.238,-0.144,0.946
0.533,0.0,0.793,0.061,0.242,-0.145,0.946
0.552,-0.061,0.732,0.122,0.239,-0.147,0.946
0.573,-0.183,0.732,0.183,0.24,-0.147,0.948
0.583,0.0,0.732,0.122,0.24,-0.145,0.948
0.593,0.0,0.854,0.061,0.24,-0.147,0.948
0.612,-0.122,0.793,0.183,0.242,-0.146,0.948
0.633,-0.061,0.793,0.122,0.242,-0.145,0.947
0.643,-0.183,0.854,0.122,0.241,-0.146,0.948
0.653,-0.244,0.854,0.122,0.243,-0.145,0.948
0.693,-0.061,0.854,0.122,0.241,-0.146,0.949
0.703,-0.122,0.915,0.183,0.24,-0.146,0.947
0.713,-0.244,0.854,0.183,0.238,-0.144,0.947
0.734,-0.183,0.793,0.183,0.239,-0.148,0.946
0.753,-0.244,0.854,0.122,0.239,-0.145,0.947
0.763,-0.061,0.732,0.183,0.237,-0.145,0.948
0.784,-0.183,0.854,0.0,0.241,-0.148,0.949
0.794,-0.061,0.793,0.061,0.24,-0.145,0.947
0.813,-0.122,0.854,0.061,0.239,-0.148,0.947
0.823,-0.183,0.793,0.061,0.24,-0.146,0.946
0.844,-0.122,0.854,0.061,0.241,-0.149,0.948
0.854,-0.061,0.854,0.061,0.24,-0.147,0.949
0.864,0.0,0.793,0.122,0.239,-0.144,0.948
0.883,0.0,0.732,0.122,0.239,-0.146,0.949
0.904,-0.061,0.854,0.122,0.24,-0.145,0.948
0.914,0.0,0.854,0.061,0.239,-0.146,0.946
0.924,-0.061,0.854,0.061,0.241,-0.147,0.946
0.964,-0.061,0.793,0.061,0.243,-0.145,0.95
0.974,0.0,0.793,0.122,0.242,-0.144,0.949
0.984,-0.061,0.854,0.183,0.24,-0.146,0.947
1.005,-0.061,0.854,0.122,0.243,-0.147,0.949
1.024,-0.061,0.793,0.122,0.241,-0.147,0.948
1.034,-0.061,0.854,0.061,0.242,-0.148,0.95
1.055,-0.122,0.915,0.061,0.241,-0.147,0.952
1.065,-0.244,0.976,0.183,0.24,-0.146,0.952
1.075,-0.061,0.915,0.122,0.243,-0.146,0.949
1.084,0.0,0.854,0.122,0.241,-0.147,0.947
1.094,-0.183,0.793,0.244,0.239,-0.146,0.947
1.115,-0.183,0.793,0.061,0.241,-0.147,0.947
1.125,-0.183,0.793,0.122,0.241,-0.147,0.946
1.135,-0.061,0.793,0.122,0.242,-0.146,0.948
1.154,0.0,0.793,0.061,0.24,-0.146,0.952
1.175,-0.122,0.793,0.061,0.242,-0.145,0.947
1.185,-0.061,0.854,0.122,0.245,-0.145,0.946
1.195,0.061,0.854,0.122,0.24,-0.147,0.947
1.235,0.061,0.854,0.0,0.241,-0.145,0.948
1.245,-0.061,0.854,0.122,0.239,-0.145,0.95
1.255,-0.244,0.854,0.122,0.241,-0.145,0.95
1.276,-0.183,0.915,0.122,0.24,-0.146,0.95
1.295,0.0,0.854,0.122,0.238,-0.146,0.948
1.305,-0.061,0.854,0.061,0.242,-0.146,0.95
1.326,-0.122,0.793,0.122,0.24,-0.144,0.947
1.336,-0.122,0.854,0.122,0.239,-0.146,0.948
1.346,-0.122,0.793,0.061,0.24,-0.147,0.95
1.365,-0.183,0.976,0.122,0.241,-0.145,0.952
1.386,-0.183,0.854,0.122,0.243,-0.148,0.948
1.396,-0.122,0.854,0.061,0.242,-0.145,0.951
1.406,-0.183,0.854,0.122,0.239,-0.145,0.949
1.425,-0.183,0.854,0.122,0.241,-0.146,0.947
1.446,-0.183,0.915,0.183,0.24,-0.146,0.949
1.456,-0.244,0.854,0.061,0.241,-0.145,0.946
1.466,-0.183,0.915,0.061,0.241,-0.145,0.947
1.487,-0.305,0.915,0.122,0.241,-0.145,0.946
1.506,-0.183,0.854,0.183,0.241,-0.144,0.949
1.516,-0.183,0.854,0.061,0.241,-0.146,0.948
1.526,-0.183,0.793,0.122,0.242,-0.146,0.949
1.547,-0.244,0.793,0.061,0.241,-0.145,0.948
1.566,-0.061,0.854,0.122,0.236,-0.146,0.949
1.576,-0.183,0.793,0.122,0.244,-0.146,0.95
1.597,-0.244,0.732,0.122,0.239,-0.146,0.947
1.607,-0.122,0.793,0.122,0.241,-0.146,0.948
1.617,-0.061,0.793,0.122,0.243,-0.146,0.948
1.636,0.061,0.732,0.122,0.243,-0.146,0.949
1.657,-0.061,0.854,0.183,0.24,-0.144,0.948
1.667,0.0,0.854,0.122,0.239,-0.145,0.948
1.677,0.0,0.854,0.061,0.243,-0.146,0.944
1.696,0.0,0.915,0.244,0.239,-0.146,0.945
1.717,0.0,0.793,0.061,0.242,-0.145,0.949
1.727,-0.061,0.793,0.183,0.241,-0.145,0.948
1.737,0.0,0.793,0.183,0.242,-0.145,0.948
1.777,0.0,0.793,0.061,0.241,-0.147,0.948
1.787,0.122,0.793,0.061,0.241,-0.147,0.947
1.797,0.061,0.854,0.122,0.241,-0.146,0.946
1.818,0.061,0.793,0.122,0.241,-0.146,0.948
1.828,0.061,0.854,0.183,0.242,-0.146,0.949
1.847,0.0,0.732,0.122,0.241,-0.146,0.948
1.868,0.0,0.915,0.122,0.24,-0.145,0.95
1.878,0.0,0.915,0.061,0.24,-0.145,0.949
1.888,-0.061,0.854,0.183,0.241,-0.145,0.95
1.907,-0.061,0.915,0.061,0.24,-0.146,0.948
1.928,-0.244,0.793,0.183,0.24,-0.145,0.948
1.938,-0.122,0.793,0.183,0.243,-0.147,0.95
1.948,-0.183,0.854,0.122,0.241,-0.144,0.95
1.988,-0.183,0.793,0.061,0.244,-0.145,0.949
1.998,-0.305,0.793,0.122,0.242,-0.145,0.948
2.008,-0.305,0.793,0.061,0.238,-0.146,0.95
2.029,-0.183,0.915,0.183,0.241,-0.146,0.948
2.039,-0.244,0.915,0.122,0.242,-0.146,0.948
2.058,-0.122,0.854,0.122,0.24,-0.146,0.946
2.068,-0.122,0.793,0.061,0.238,-0.147,0.947
2.089,-0.183,0.854,0.183,0.246,-0.147,0.949
2.099,-0.244,0.854,0.122,0.242,-0.145,0.95
2.118,-0.122,0.854,0.183,0.243,-0.146,0.949
2.128,-0.122,0.732,0.122,0.237,-0.146,0.947
2.149,0.0,0.854,0.183,0.239,-0.145,0.95
2.159,0.0,0.854,0.183,0.239,-0.147,0.949
2.178,0.122,0.976,0.122,0.239,-0.146,0.946
2.199,0.061,0.793,0.122,0.239,-0.146,0.95
2.209,0.061,0.854,0.183,0.238,-0.145,0.949
2.219,0.122,0.793,0.061,0.243,-0.146,0.948
2.259,0.061,0.854,0.061,0.24,-0.146,0.951
2.269,0.061,0.793,0.122,0.242,-0.146,0.949
2.279,0.0,0.793,0.122,0.24,-0.145,0.948
2.3,0.061,0.854,0.183,0.238,-0.146,0.949
2.319,0.0,0.793,0.183,0.242,-0.145,0.948
2.329,0.0,0.793,0.183,0.241,-0.145,0.945
2.339,0.0,0.854,0.061,0.243,-0.146,0.949
2.36,-0.061,0.793,0.183,0.239,-0.146,0.949
2.379,0.0,0.915,0.122,0.243,-0.146,0.945
2.389,0.0,0.854,0.183,0.242,-0.145,0.948
2.399,0.061,0.854,0.122,0.241,-0.144,0.949
2.42,0.0,0.854,0.061,0.237,-0.146,0.953
2.43,0.0,0.854,0.122,0.239,-0.144,0.951
2.449,0.122,0.793,0.122,0.239,-0.146,0.946
2.47,0.061,0.854,0.122,0.239,-0.146,0.95
2.48,0.061,0.793,0.122,0.239,-0.144,0.946
2.49,0.0,0.793,0.061,0.24,-0.144,0.948
2.53,0.061,0.732,0.183,0.241,-0.145,0.951
2.54,0.122,0.732,0.183,0.24,-0.147,0.949
2.55,0.183,0.854,0.122,0.24,-0.146,0.944
2.571,0.061,0.854,0.122,0.241,-0.145,0.949
2.59,0.0,0.915,0.183,0.241,-0.146,0.948
2.6,-0.061,0.915,0.122,0.241,-0.141,0.947
2.61,0.0,0.854,0.061,0.239,-0.145,0.948
2.631,0.061,0.793,0.122,0.241,-0.146,0.948
2.65,-0.183,0.854,0.061,0.242,-0.142,0.949
2.66,0.0,0.915,0.061,0.242,-0.146,0.954
2.67,-0.183,0.732,0.122,0.24,-0.145,0.948
2.691,-0.305,0.854,0.122,0.242,-0.142,0.952
2.701,-0.122,0.854,0.122,0.239,-0.144,0.946
2.72,-0.244,0.793,0.061,0.24,-0.146,0.947
2.741,-0.244,0.854,0.183,0.241,-0.143,0.951
2.751,-0.305,0.793,0.122,0.241,-0.144,0.949
2.761,-0.305,0.793,0.122,0.239,-0.147,0.951
2.801,-0.366,0.854,0.0,0.239,-0.144,0.947
2.811,-0.427,0.854,0.122,0.239,-0.144,0.95
2.821,-0.488,0.854,0.183,0.24,-0.144,0.945
2.861,-0.427,0.793,0.183,0.24,-0.146,0.948
2.871,-0.488,0.854,0.061,0.24,-0.146,0.948
2.881,-0.366,0.976,0.122,0.243,-0.146,0.947
2.902,-0.366,0.854,0.122,0.241,-0.143,0.949
2.921,-0.488,0.793,0.183,0.241,-0.144,0.946
2.931,-0.671,0.732,0.183,0.241,-0.142,0.949
2.941,-0.366,0.793,0.122,0.241,-0.148,0.95
2.962,-0.305,0.671,0.183,0.241,-0.146,0.949
2.972,-0.427,0.854,0.183,0.24,-0.147,0.948
2.991,-0.244,0.793,0.183,0.241,-0.147,0.948
3.012,-0.244,0.854,0.122,0.24,-0.149,0.95
3.022,-0.366,0.854,0.061,0.237,-0.147,0.947
3.032,-0.244,0.854,0.122,0.241,-0.146,0.95
3.051,-0.244,0.793,0.061,0.241,-0.142,0.948
3.072,-0.061,0.854,0.122,0.244,-0.147,0.95
3.082,-0.061,0.793,0.122,0.238,-0.145,0.949
3.092,-0.183,0.854,0.122,0.238,-0.149,0.949
3.132,-0.061,0.915,0.122,0.24,-0.149,0.944
3.142,0.0,0.854,0.0,0.241,-0.15,0.944
3.152,0.0,0.854,0.061,0.24,-0.146,0.948
3.173,0.061,0.915,0.122,0.239,-0.147,0.951
3.192,0.0,0.732,0.122,0.24,-0.146,0.949
3.202,0.0,0.854,0.122,0.243,-0.146,0.949
3.212,0.122,0.854,0.061,0.24,-0.146,0.947
3.233,0.0,0.793,0.183,0.239,-0.147,0.952
3.243,0.122,0.915,0.122,0.242,-0.146,0.953
3.262,0.122,0.854,0.061,0.238,-0.146,0.948
3.283,0.061,0.732,0.244,0.241,-0.147,0.95
3.293,0.122,0.854,0.244,0.242,-0.146,0.95
3.303,0.122,0.793,0.183,0.24,-0.144,0.948
3.322,0.0,0.915,0.061,0.243,-0.145,0.95
3.343,0.122,0.854,0.183,0.24,-0.144,0.949
3.353,0.183,0.854,0.183,0.239,-0.147,0.944
3.363,0.061,0.854,0.244,0.239,-0.144,0.948
3.384,0.061,0.976,0.061,0.242,-0.146,0.95
3.403,0.0,0.854,0.061,0.241,-0.147,0.948
3.413,-0.061,0.915,0.122,0.24,-0.146,0.948
3.423,-0.122,0.854,0.122,0.238,-0.145,0.947
3.444,0.0,0.854,0.183,0.241,-0.146,0.949
3.463,-0.061,0.854,0.061,0.241,-0.146,0.951
3.473,-0.183,0.854,0.122,0.242,-0.145,0.949
3.483,-0.244,0.854,0.061,0.241,-0.146,0.951
3.504,-0.183,0.915,0.122,0.241,-0.144,0.951
3.514,-0.183,0.976,0.183,0.24,-0.144,0.949
3.533,-0.305,0.915,0.122,0.239,-0.146,0.945
3.554,-0.122,0.915,0.122,0.24,-0.145,0.947
3.564,-0.183,0.854,0.122,0.242,-0.146,0.947
3.574,-0.183,0.854,0.122,0.241,-0.147,0.947
3.593,-0.122,0.793,0.183,0.236,-0.143,0.944
3.614,-0.244,0.854,0.122,0.241,-0.144,0.95
3.624,-0.122,0.854,0.122,0.24,-0.148,0.945
3.634,-0.183,0.793,0.122,0.24,-0.143,0.95
3.655,-0.244,0.854,0.122,0.243,-0.145,0.95
3.674,-0.122,0.854,0.0,0.241,-0.147,0.949
3.684,-0.122,0.793,0.061,0.24,-0.144,0.948
3.694,-0.122,0.793,0.061,0.24,-0.147,0.947
3.715,-0.122,0.793,0.061,0.242,-0.145,0.951
3.734,-0.061,0.732,0.061,0.237,-0.146,0.943
3.744,0.061,0.793,0.061,0.244,-0.146,0.95
3.754,-0.061,0.793,0.122,0.241,-0.147,0.95
3.775,0.061,0.793,0.0,0.238,-0.146,0.95
3.785,0.061,0.793,0.0,0.241,-0.146,0.949
3.804,0.061,0.854,0.061,0.24,-0.146,0.95
3.825,0.0,0.793,0.0,0.24,-0.145,0.951
3.835,-0.183,0.854,0.061,0.24,-0.145,0.951
3.845,-0.061,0.854,0.122,0.243,-0.145,0.947
3.864,0.0,0.915,0.061,0.239,-0.146,0.949
3.885,-0.061,0.854,0.061,0.242,-0.146,0.95
3.895,-0.061,0.854,0.122,0.242,-0.143,0.949
3.905,-0.122,0.854,0.122,0.239,-0.144,0.951
3.945,0.0,0.854,0.122,0.24,-0.145,0.95
3.955,0.0,0.854,0.183,0.244,-0.143,0.951
3.965,-0.122,0.915,0.122,0.243,-0.144,0.95
3.986,-0.061,0.854,0.122,0.242,-0.145,0.948
4.005,0.122,0.793,0.122,0.24,-0.145,0.946
4.015,0.061,0.793,0.122,0.237,-0.146,0.95
4.025,0.061,0.915,0.183,0.241,-0.145,0.947
4.046,0.061,0.854,0.061,0.239,-0.145,0.949
4.056,0.0,0.854,0.061,0.241,-0.145,0.95
4.075,0.0,0.854,0.061,0.239,-0.146,0.949
4.096,0.122,0.854,0.061,0.239,-0.144,0.946
4.106,0.061,0.793,0.061,0.239,-0.144,0.946
4.116,0.122,0.854,0.122,0.24,-0.145,0.949
4.156,0.061,0.854,0.122,0.239,-0.145,0.946
4.166,0.061,0.854,0.122,0.239,-0.144,0.951
4.176,0.0,0.854,0.122,0.241,-0.143,0.951
4.216,0.0,0.854,0.122,0.245,-0.141,0.949
4.226,0.061,0.793,0.122,0.243,-0.145,0.951
4.236,0.061,0.854,0.183,0.241,-0.145,0.949
4.257,-0.061,0.793,0.183,0.243,-0.146,0.949
4.276,0.0,0.854,0.183,0.239,-0.144,0.949
4.286,-0.061,0.854,0.183,0.241,-0.145,0.952
4.296,0.0,0.976,0.122,0.24,-0.146,0.948
4.317,-0.122,0.915,0.183,0.241,-0.143,0.948
4.327,-0.061,0.915,0.122,0.239,-0.144,0.95
4.346,0.0,0.915,0.183,0.239,-0.144,0.949
4.367,-0.061,0.854,0.061,0.238,-0.144,0.951
4.377,0.0,0.854,0.122,0.239,-0.143,0.951
4.387,0.061,0.854,0.122,0.239,-0.141,0.949
4.406,0.0,0.854,0.061,0.239,-0.145,0.946
4.427,0.0,0.732,0.061,0.243,-0.142,0.948
4.437,0.0,0.854,0.122,0.242,-0.143,0.951
4.447,0.061,0.854,0.122,0.24,-0.143,0.947
4.487,-0.061,0.915,0.122,0.243,-0.145,0.948
4.497,0.0,0.854,0.122,0.242,-0.145,0.95
4.507,-0.061,0.854,0.183,0.238,-0.145,0.949
4.528,0.0,0.854,0.0,0.241,-0.144,0.949
4.547,0.0,0.915,0.183,0.238,-0.144,0.95
4.557,0.061,0.915,0.122,0.241,-0.145,0.946
4.567,0.061,0.915,0.122,0.239,-0.143,0.946
4.588,0.061,0.854,0.122,0.238,-0.144,0.949
4.598,0.122,0.854,0.183,0.24,-0.143,0.949
4.617,0.061,0.854,0.122,0.242,-0.142,0.948
4.638,-0.061,0.854,0.122,0.242,-0.145,0.947
4.648,0.122,0.854,0.122,0.242,-0.146,0.948
4.658,0.122,0.854,0.061,0.24,-0.142,0.949
4.677,0.122,0.915,0.122,0.241,-0.143,0.95
4.698,0.122,0.793,0.061,0.239,-0.142,0.947
4.708,0.183,0.854,0.0,0.238,-0.144,0.948
4.718,0.183,0.854,0.183,0.242,-0.143,0.948
4.758,0.061,0.854,0.122,0.242,-0.142,0.95
4.768,0.061,0.793,0.122,0.242,-0.145,0.95
4.778,0.061,0.915,0.122,0.242,-0.141,0.95
4.799,-0.061,0.854,0.183,0.239,-0.144,0.949
4.818,-0.061,0.915,0.061,0.24,-0.143,0.951
4.828,-0.061,0.976,0.122,0.241,-0.144,0.946
4.838,-0.122,0.915,0.122,0.241,-0.142,0.947
4.859,-0.061,0.854,0.122,0.24,-0.143,0.949
4.869,-0.122,0.915,0.122,0.243,-0.142,0.951
4.888,-0.183,0.793,0.122,0.241,-0.143,0.949
4.909,-0.244,0.854,0.122,0.24,-0.141,0.951
4.919,-0.183,0.915,0.183,0.241,-0.141,0.95
4.929,-0.122,0.793,0.122,0.241,-0.142,0.951
4.948,-0.183,0.915,0.183,0.239,-0.143,0.947
4.969,-0.244,0.854,0.122,0.244,-0.144,0.948
4.979,-0.244,0.854,0.122,0.24,-0.144,0.95
4.989,-0.244,0.854,0.183,0.242,-0.144,0.949
5.029,-0.122,0.854,0.183,0.24,-0.144,0.947
5.039,-0.061,0.915,0.183,0.24,-0.145,0.947
5.049,-0.061,0.854,0.183,0.243,-0.141,0.949
5.07,-0.122,0.732,0.122,0.239,-0.143,0.949
5.089,-0.122,0.793,0.061,0.243,-0.145,0.948
5.099,-0.122,0.854,0.122,0.241,-0.143,0.951
5.109,-0.183,0.854,0.122,0.244,-0.144,0.947
5.13,-0.122,0.915,0.061,0.241,-0.144,0.948
5.14,-0.122,0.854,0.061,0.239,-0.144,0.945
5.159,-0.183,0.793,0.183,0.241,-0.145,0.95
5.18,-0.244,0.854,0.122,0.24,-0.144,0.949
5.19,-0.061,0.915,0.122,0.24,-0.145,0.95
5.2,-0.122,0.854,0.122,0.24,-0.142,0.95
5.219,-0.122,0.854,0.183,0.243,-0.144,0.949
5.24,-0.183,0.915,0.122,0.24,-0.142,0.95
5.25,-0.183,0.915,0.183,0.242,-0.142,0.953
5.26,-0.244,0.854,0.183,0.238,-0.143,0.953
5.3,-0.244,0.854,0.122,0.242,-0.143,0.95
5.31,-0.183,0.854,0.183,0.243,-0.144,0.95
5.32,-0.122,0.854,0.122,0.24,-0.143,0.948
5.341,-0.183,0.915,0.122,0.241,-0.142,0.951
5.36,-0.183,0.854,0.183,0.243,-0.144,0.947
5.37,-0.122,0.854,0.183,0.241,-0.143,0.947
5.38,-0.061,0.854,0.122,0.239,-0.144,0.948
5.401,-0.061,0.854,0.122,0.238,-0.144,0.95
5.411,-0.061,0.915,0.122,0.238,-0.145,0.95
5.43,-0.183,0.915,0.183,0.242,-0.143,0.95
5.451,-0.122,0.915,0.183,0.242,-0.144,0.951
5.461,-0.061,0.976,0.122,0.243,-0.143,0.947
5.471,-0.061,0.854,0.122,0.241,-0.144,0.949
5.49,-0.183,0.854,0.122,0.241,-0.143,0.949
5.511,-0.122,0.793,0.122,0.24,-0.145,0.951
5.521,-0.122,0.854,0.122,0.24,-0.144,0.947
5.531,-0.122,0.793,0.183,0.244,-0.143,0.949
5.571,-0.061,0.854,0.122,0.238,-0.144,0.95
5.581,-0.122,0.854,0.122,0.239,-0.142,0.949
5.591,-0.061,0.854,0.122,0.237,-0.143,0.948
5.612,-0.122,0.915,0.183,0.241,-0.143,0.949
5.631,-0.183,0.854,0.183,0.239,-0.141,0.951
5.641,-0.366,0.854,0.183,0.242,-0.141,0.949
5.651,-0.427,0.976,0.244,0.242,-0.145,0.953
5.672,-0.366,0.976,0.183,0.233,-0.139,0.93
5.682,-0.366,1.098,0.122,0.244,-0.146,0.954
5.701,-0.427,1.22,0.183,0.245,-0.143,0.953
5.722,-0.732,1.159,0.122,0.24,-0.144,0.949
5.732,-0.732,1.159,0.183,0.237,-0.145,0.951
5.742,-0.549,1.098,0.061,0.239,-0.146,0.949
5.761,-0.305,1.098,0.061,0.235,-0.146,0.946
5.782,-0.244,0.976,0.061,0.242,-0.144,0.95
5.792,-0.244,1.037,0.0,0.241,-0.145,0.949
5.802,-0.183,0.976,0.183,0.239,-0.146,0.949
5.842,-0.122,0.915,0.122,0.24,-0.143,0.947
5.852,-0.061,0.854,0.122,0.24,-0.146,0.948
5.862,-0.061,0.793,0.061,0.239,-0.144,0.949
5.883,-0.061,0.854,0.183,0.239,-0.141,0.948
5.902,0.0,0.732,0.122,0.24,-0.145,0.948
5.912,-0.122,0.854,0.183,0.237,-0.142,0.949
5.922,-0.122,0.854,0.122,0.239,-0.145,0.951
5.943,0.0,0.793,0.122,0.24,-0.146,0.946
5.953,0.061,0.854,0.122,0.239,-0.145,0.95
5.962,0.122,0.732,0.122,0.239,-0.145,0.951
5.972,0.061,0.732,0.061,0.238,-0.144,0.949
5.993,0.122,0.732,0.122,0.239,-0.144,0.951
6.003,0.122,0.793,0.122,0.238,-0.143,0.95
6.013,0.122,0.732,0.122,0.239,-0.143,0.949
6.032,0.061,0.732,0.122,0.24,-0.143,0.951
6.053,0.061,0.732,0.183,0.239,-0.144,0.949
6.063,-0.061,0.793,0.183,0.238,-0.145,0.947
6.073,0.122,0.854,0.244,0.239,-0.144,0.951
6.113,0.0,0.793,0.122,0.239,-0.146,0.945
6.123,0.061,0.793,0.183,0.238,-0.145,0.948
6.133,0.0,0.732,0.183,0.238,-0.141,0.947
6.154,0.061,0.915,0.183,0.242,-0.146,0.952
6.173,0.122,0.854,0.183,0.236,-0.143,0.946
6.183,-0.061,0.793,0.305,0.24,-0.142,0.949
6.193,0.0,0.915,0.183,0.243,-0.144,0.951
6.214,-0.244,0.976,0.122,0.237,-0.141,0.947
6.224,-0.305,0.976,0.061,0.24,-0.143,0.951
6.243,-0.244,0.915,0.122,0.24,-0.144,0.949
6.253,-0.244,0.976,0.061,0.24,-0.146,0.947
6.274,-0.244,0.915,0.122,0.239,-0.143,0.949
6.284,-0.244,0.915,0.061,0.24,-0.144,0.951
6.303,-0.061,0.854,0.061,0.237,-0.144,0.948
6.324,-0.061,0.793,0.183,0.24,-0.144,0.951
6.334,-0.122,0.793,0.122,0.24,-0.144,0.947
6.344,-0.061,0.793,0.061,0.24,-0.143,0.95
6.384,-0.061,0.732,0.0,0.241,-0.143,0.948
6.394,-0.183,0.671,0.061,0.239,-0.144,0.949
6.404,0.0,0.61,0.0,0.238,-0.143,0.946
6.425,0.061,0.671,0.0,0.24,-0.143,0.95
6.444,0.0,0.61,0.122,0.242,-0.143,0.949
6.454,0.061,0.671,0.122,0.241,-0.143,0.949
6.464,-0.061,0.61,0.122,0.241,-0.143,0.95
6.485,-0.122,0.549,0.061,0.236,-0.144,0.952
6.504,-0.122,0.61,0.122,0.243,-0.145,0.948
6.514,-0.061,0.427,0.183,0.243,-0.143,0.952
6.524,-0.244,0.366,0.183,0.241,-0.142,0.95
6.545,-0.366,0.427,0.183,0.237,-0.141,0.951
6.555,-0.244,0.427,0.122,0.24,-0.143,0.951
6.574,-0.305,0.305,0.122,0.239,-0.142,0.95
6.595,-0.183,0.366,0.122,0.241,-0.146,0.95
6.605,-0.122,0.366,0.183,0.237,-0.145,0.951
6.615,-0.305,0.427,0.183,0.24,-0.143,0.948
6.655,-0.488,0.427,0.122,0.241,-0.142,0.946
6.665,-0.427,0.488,0.061,0.242,-0.146,0.944
6.675,-0.366,0.427,0.0,0.242,-0.146,0.946
6.696,-0.549,0.549,0.061,0.243,-0.143,0.951
6.715,-0.183,0.549,0.061,0.242,-0.142,0.946
6.725,-0.366,0.61,0.061,0.243,-0.14,0.953
6.735,0.061,0.488,0.0,0.24,-0.153,0.942
6.756,-0.061,0.427,0.0,0.24,-0.149,0.945
6.775,-0.244,0.366,-0.061,0.243,-0.143,0.947
6.785,-0.183,0.488,-0.061,0.242,-0.145,0.95
6.795,-0.244,0.549,-0.061,0.244,-0.143,0.948
6.816,0.122,0.61,-0.183,0.246,-0.145,0.949
6.826,0.183,0.671,-0.244,0.242,-0.146,0.947
6.845,0.061,0.793,-0.305,0.243,-0.145,0.949
6.866,-0.244,0.915,-0.366,0.244,-0.141,0.952
6.876,-0.427,0.854,-0.427,0.24,-0.144,0.949
6.886,-0.61,1.037,-0.488,0.242,-0.145,0.949
6.926,-1.707,0.549,-1.22,0.239,-0.146,0.945
6.936,-2.073,0.122,-1.524,0.236,-0.147,0.944
6.946,-2.561,-0.061,-2.012,0.236,-0.152,0.941
6.967,-3.415,-0.61,-3.232,0.234,-0.146,0.939
6.986,-3.232,0.427,-4.024,0.236,-0.154,0.934
6.996,-3.537,-0.671,-5.061,0.228,-0.151,0.93
7.006,-2.5,-2.378,-6.341,0.208,-0.167,0.9
7.027,-4.268,-8.659,-7.622,0.178,-0.032,0.89
7.046,5.732,-18.963,-7.378,0.206,-0.186,0.927
7.056,6.28,-28.902,-9.329,0.166,-0.082,0.894
7.066,4.146,-40.915,-13.841,0.17,-0.053,0.903
7.087,6.829,-58.537,-22.866,0.204,-0.161,0.95
7.097,8.78,-67.134,-27.073,0.211,-0.172,0.947
7.116,6.341,-75.915,-35.976,0.206,-0.119,1.076
7.137,5.183,-80.732,-41.402,0.065,-0.17,1.052
7.147,3.902,-77.073,-41.951,0.01,-0.176,1.083
7.157,0.732,-63.232,-41.037,-0.01,-0.196,1.149
7.197,-3.78,-0.305,-32.073,-0.064,-0.303,1.078
7.207,-5.183,7.378,-29.024,-0.058,-0.297,1.073
7.217,-7.195,15.183,-25.061,-0.052,-0.32,1.09
7.257,-11.646,43.476,0.488,-0.065,-0.399,1.049
7.267,-13.659,49.329,6.89,-0.056,-0.384,1.061
7.277,-15.427,54.695,12.622,-0.057,-0.362,1.061
7.298,-18.171,66.341,21.585,-0.045,-0.323,1.104
7.317,-22.073,77.195,27.134,-0.033,-0.268,1.131
7.327,-24.024,82.683,29.024,-0.014,-0.251,1.152
7.337,-25.305,87.622,30.549,0.005,-0.245,1.16
7.358,-26.28,95.488,33.537,0.044,-0.232,1.146
7.368,-26.159,99.146,34.39,0.068,-0.222,1.164
7.387,-28.049,110.0,35.732,0.131,-0.188,1.248
7.408,-29.268,110.915,35.915,0.152,-0.158,1.096
7.418,-29.024,108.598,35.854,0.169,-0.148,1.043
7.428,-28.171,105.61,35.61,0.185,-0.141,1.023
7.468,-15.366,95.549,38.232,0.209,-0.175,1.007
7.478,-14.146,93.841,38.78,0.226,-0.162,1.047
7.488,-14.085,93.476,39.329,0.246,-0.152,1.082
7.528,-8.171,79.207,35.366,0.229,-0.084,0.85
7.538,-9.573,73.598,31.951,0.232,-0.061,0.835
7.548,-10.488,67.866,28.049,0.228,-0.053,0.821
7.569,-5.793,66.037,19.39,0.292,-0.076,0.958
7.588,-3.963,61.646,10.366,0.254,-0.058,0.855
7.598,-4.512,57.805,6.768,0.229,-0.081,0.801
7.608,-5.305,54.451,3.902,0.218,-0.099,0.793
7.629,-4.695,47.5,-0.793,0.207,-0.115,0.752
7.639,-3.659,44.878,-2.683,0.201,-0.129,0.761
7.658,-2.439,40.427,-5.793,0.175,-0.141,0.762
7.679,-1.585,31.829,-8.476,0.13,-0.177,0.728
7.689,-2.805,29.634,-9.512,0.144,-0.19,0.764
7.699,-3.598,27.439,-10.122,0.148,-0.213,0.767
7.718,-4.146,25.0,-8.963,0.174,-0.273,0.792
7.739,-4.268,20.793,-5.244,0.186,-0.302,0.715
7.749,-4.207,13.598,-3.171,0.181,-0.308,0.612
7.759,-4.512,6.524,-0.061,0.214,-0.329,0.607
7.799,-1.89,-23.841,27.5,0.263,-0.464,0.53
7.809,-3.659,-32.5,33.841,0.281,-0.438,0.558
7.819,-8.354,-27.622,43.171,0.313,-0.413,0.622
7.84,16.646,-125.732,23.72,-1.52,-0.595,1.192
7.859,27.561,-111.28,28.11,0.394,0.046,0.785
7.869,32.561,-92.561,24.207,0.01,-0.065,1.661
7.879,34.756,-93.841,17.256,-0.165,0.163,1.07
7.9,38.415,-83.902,0.244,-0.012,0.342,1.047
7.919,18.049,-75.793,-10.976,0.035,0.099,1.244
7.929,10.793,-71.951,-9.695,0.06,-0.149,1.146
7.95,10.427,-71.585,-3.537,0.026,-0.413,0.94
7.96,11.829,-69.634,-0.976,0.048,-0.367,0.997
7.97,11.951,-67.927,-1.89,0.057,-0.224,1.009
7.989,5.0,-63.293,-6.22,0.103,-0.095,1.138
8.01,2.927,-60.0,-6.768,0.08,-0.165,0.989
8.02,4.329,-56.463,-6.159,0.125,-0.19,1.059
8.03,4.878,-53.11,-6.341,0.136,-0.169,1.062
8.07,-1.585,-42.927,-5.549,0.141,-0.156,1.028
8.08,-3.476,-44.512,-5.488,0.113,-0.131,0.954
8.09,-4.268,-46.341,-5.61,0.115,-0.15,0.926
8.111,0.122,-46.707,-4.817,0.163,-0.216,0.976
8.13,6.524,-49.085,-3.049,0.157,-0.203,0.931
8.14,8.841,-49.329,-2.317,0.181,-0.191,0.967
8.15,11.951,-51.159,-0.671,0.176,-0.206,0.917
8.171,19.634,-46.951,0.915,0.224,-0.136,1.026
8.19,22.073,-39.512,3.963,0.222,-0.223,1.038
8.2,32.561,-49.207,4.39,0.134,-0.24,0.84
8.221,35.244,-49.329,4.512,0.27,-0.156,1.066
8.231,32.317,-39.329,4.207,0.318,-0.13,1.133
8.241,23.11,-30.793,3.476,0.354,-0.069,1.24
8.26,20.671,-27.073,1.341,0.28,-0.142,1.009
8.281,12.622,-21.159,-1.463,0.28,-0.103,1.005
8.291,8.72,-18.598,-2.866,0.275,-0.104,0.985
8.301,6.463,-14.817,-2.561,0.303,-0.106,1.015
8.341,0.854,-4.207,-1.89,0.319,-0.102,1.021
8.351,-0.244,-2.439,-1.463,0.289,-0.098,0.969
8.361,-1.159,-0.244,-0.854,0.3,-0.1,0.979
8.382,-3.902,1.402,-0.244,0.273,-0.099,0.936
8.401,-5.0,1.402,-0.732,0.279,-0.112,0.951
8.411,-4.573,1.524,-0.854,0.284,-0.118,0.961
8.421,-3.78,1.646,-0.915,0.282,-0.123,0.958
8.442,-2.927,1.89,-0.671,0.285,-0.116,0.958
8.461,-2.744,1.22,-0.305,0.273,-0.112,0.943
8.471,-3.171,1.646,-0.122,0.273,-0.105,0.946
8.492,-4.695,2.134,0.61,0.273,-0.107,0.937
8.502,-5.244,2.134,0.427,0.269,-0.114,0.935
8.512,-5.183,2.378,0.305,0.275,-0.12,0.94
8.531,-4.878,2.927,-0.61,0.28,-0.134,0.954
8.552,-4.085,1.646,-1.28,0.273,-0.128,0.955
8.562,-3.11,1.89,-1.22,0.281,-0.128,0.957
8.572,-2.317,2.256,-0.793,0.284,-0.125,0.959
8.612,-0.976,3.232,-0.305,0.271,-0.125,0.939
8.622,-0.793,3.293,-0.244,0.271,-0.125,0.942
8.632,-0.427,3.72,0.061,0.275,-0.123,0.944
8.672,-0.183,3.598,0.244,0.267,-0.126,0.95
8.682,-0.061,3.537,0.366,0.27,-0.125,0.948
8.692,0.244,3.354,0.305,0.269,-0.125,0.948
8.713,0.732,3.293,0.427,0.27,-0.128,0.949
8.732,0.976,3.476,1.037,0.271,-0.121,0.949
8.742,1.098,3.72,1.28,0.268,-0.121,0.947
8.763,1.037,4.756,1.341,0.267,-0.123,0.946
8.773,0.976,5.244,1.159,0.265,-0.123,0.943
8.783,0.488,5.0,0.732,0.262,-0.128,0.946
8.802,0.305,4.878,0.854,0.265,-0.123,0.949
8.823,0.427,4.878,0.915,0.265,-0.122,0.953
8.833,0.427,4.939,0.671,0.261,-0.125,0.946
8.843,0.122,4.695,0.427,0.255,-0.124,0.943
8.883,0.427,5.305,-0.244,0.254,-0.123,0.943
8.893,1.341,6.098,0.122,0.25,-0.123,0.938
8.903,2.622,7.439,0.183,0.25,-0.124,0.929
8.943,2.012,14.024,-0.793,0.268,-0.118,0.969
8.953,1.22,14.695,-0.305,0.265,-0.108,0.968
8.963,0.915,13.78,-0.061,0.247,-0.117,0.955
8.984,0.549,11.22,-0.488,0.226,-0.121,0.94
9.003,0.244,10.671,-0.427,0.235,-0.118,0.955
9.013,0.0,10.061,-0.915,0.228,-0.126,0.946
9.034,-1.159,9.146,-2.5,0.217,-0.126,0.938
9.044,-1.829,9.024,-2.927,0.218,-0.123,0.935
9.054,-3.232,8.963,-3.415,0.211,-0.119,0.929
9.063,-4.817,8.659,-3.902,0.197,-0.12,0.913
9.073,-6.037,8.841,-4.146,0.193,-0.115,0.912
9.094,-9.878,5.061,-4.146,0.178,-0.111,0.915
9.104,-12.378,1.22,-3.415,0.199,-0.088,0.947
9.114,-14.268,-6.951,-2.378,0.162,-0.103,0.924
9.133,-20.854,-29.634,-0.366,0.156,-0.1,0.938
9.154,-20.854,-54.451,1.768,0.166,-0.148,0.95
9.164,-22.378,-66.037,1.829,0.197,-0.123,0.954
9.174,-21.707,-81.22,-0.854,0.178,-0.161,0.942
9.214,10.183,-154.756,-21.098,0.077,-0.251,0.959
9.224,11.159,-184.634,-24.024,0.098,-0.162,0.978
9.234,3.72,-191.28,-26.402,0.355,-0.13,1.204
9.255,-3.11,-227.683,-35.793,0.138,-0.201,1.05
9.274,0.366,-247.134,-35.671,0.018,-0.316,1.088
9.284,0.793,-227.988,-27.805,-0.073,-0.474,1.253
9.305,0.61,-67.073,-7.134,0.195,-0.313,1.827
9.315,1.707,-66.037,-13.841,-0.294,-0.194,1.171
9.334,3.537,-40.854,-27.317,-0.215,-0.09,1.217
9.344,5.061,-20.244,-31.89,-0.197,-0.12,1.306
9.365,6.159,12.378,-35.793,-0.225,-0.205,1.096
9.375,2.256,25.549,-34.207,-0.227,-0.254,1.047
9.385,-0.549,40.793,-29.451,-0.18,-0.334,1.068
9.404,-4.939,70.366,-14.146,-0.123,-0.443,1.07
9.425,-16.22,95.305,3.78,-0.066,-0.426,1.02
9.435,-21.159,103.963,12.378,-0.039,-0.401,0.96
9.445,-24.268,110.976,19.878,-0.012,-0.366,0.949
9.485,-27.317,142.073,45.549,0.131,-0.267,1.088
9.495,-27.561,145.244,48.841,0.158,-0.2,1.071
9.505,-27.378,146.22,49.512,0.181,-0.143,1.06
9.526,-25.0,149.878,47.073,0.269,-0.093,1.222
9.545,-20.183,157.683,42.073,0.35,-0.084,1.303
9.555,-17.683,160.0,38.415,0.373,-0.085,1.313
9.576,-14.695,167.5,32.378,0.448,-0.137,1.412
9.586,-13.963,170.244,30.122,0.468,-0.169,1.392
9.605,-15.793,170.427,25.671,0.475,-0.18,1.321
9.615,-17.317,168.415,23.171,0.467,-0.181,1.279
9.636,-20.366,162.561,18.72,0.454,-0.185,1.23
9.646,-22.683,161.402,17.134,0.467,-0.185,1.255
9.656,-24.329,160.793,15.0,0.482,-0.165,1.281
9.675,-25.732,155.854,8.354,0.476,-0.103,1.236
9.696,-20.793,153.963,3.293,0.501,-0.116,1.2
9.706,-17.439,147.134,0.854,0.472,-0.113,1.053
9.716,-14.878,140.305,-1.341,0.476,-0.112,1.011
9.756,-12.927,109.878,-4.817,0.47,-0.182,0.902
9.766,-10.305,103.415,-3.476,0.464,-0.206,0.87
9.776,-8.598,95.915,-1.463,0.459,-0.225,0.81
9.797,-7.561,78.354,4.512,0.429,-0.291,0.692
9.816,-13.659,58.78,11.951,0.394,-0.319,0.622
9.826,-16.22,53.171,16.646,0.425,-0.332,0.719
9.847,-12.561,37.378,24.146,0.426,-0.314,0.601
9.857,-10.61,28.476,26.768,0.419,-0.28,0.576
9.876,-10.244,12.866,29.878,0.364,-0.245,0.604
9.886,-11.22,7.073,30.122,0.327,-0.22,0.625
9.907,-11.037,-3.11,28.415,0.312,-0.178,0.634
9.917,-9.207,-7.317,27.744,0.329,-0.187,0.664
9.927,-6.585,-12.317,27.927,0.346,-0.206,0.648
9.946,-5.061,-29.634,29.695,0.371,-0.231,0.548
9.967,-5.793,-46.402,33.232,0.454,-0.259,0.555
9.977,-6.22,-55.854,35.305,0.494,-0.246,0.56
9.987,-9.268,-46.707,41.463,0.553,-0.248,0.57
10.006,-19.512,-184.573,-14.878,-3.022,-0.676,1.324
10.027,57.927,-173.78,-1.037,0.574,0.301,-0.516
10.037,74.817,-198.841,-8.537,-0.476,-0.049,0.433
10.047,56.402,-213.293,-13.293,-0.107,-0.058,1.05
10.087,15.488,-130.244,-22.378,0.091,0.233,1.168
10.097,5.305,-116.585,-20.0,0.234,-0.06,1.321
10.118,-4.39,-107.988,-16.585,0.149,-0.292,1.087
10.128,-5.976,-103.902,-17.866,0.194,-0.258,1.155
10.147,-12.439,-102.439,-19.39,0.199,-0.288,1.07
10.157,-7.561,-104.024,-19.939,0.176,-0.317,0.966
10.178,13.11,-97.012,-17.195,0.303,-0.319,1.177
10.188,23.902,-88.902,-13.537,0.349,-0.276,1.264
10.198,43.598,-84.939,-7.622,0.3,-0.352,1.187
10.217,54.634,-33.659,2.134,0.54,-0.318,1.704
10.238,34.756,-21.768,1.707,0.276,-0.093,1.138
10.248,24.756,-16.646,2.134,0.28,-0.096,1.13
10.258,17.195,-15.0,2.012,0.237,-0.097,1.032
10.298,7.012,-6.951,2.195,0.247,-0.157,1.0
10.308,6.341,-4.329,2.012,0.25,-0.164,0.988
10.318,4.756,-2.683,1.585,0.241,-0.154,0.988
10.358,-0.122,2.744,0.549,0.235,-0.147,0.979
10.368,-0.549,2.683,0.183,0.225,-0.151,0.962
10.378,0.305,2.866,-0.244,0.221,-0.161,0.944
10.399,1.463,3.232,-0.61,0.224,-0.151,0.952
10.418,1.402,4.207,-0.366,0.224,-0.146,0.956
10.428,0.61,4.329,-0.183,0.225,-0.141,0.952
10.449,0.488,3.232,-1.22,0.211,-0.163,0.917
10.459,-0.793,2.378,-2.012,0.214,-0.15,0.946
10.469,-2.012,1.829,-2.5,0.22,-0.148,0.963
10.488,-3.232,0.854,-3.354,0.217,-0.145,0.938
10.509,-6.22,-1.28,-5.732,0.207,-0.157,0.934
10.519,-7.012,-3.049,-6.524,0.201,-0.152,0.922
10.529,-6.951,-4.512,-6.89,0.203,-0.154,0.915
10.569,-5.61,-5.427,-6.037,0.234,-0.161,0.97
10.579,-4.634,-6.28,-5.488,0.225,-0.156,0.948
10.589,-4.085,-8.049,-5.244,0.213,-0.153,0.926
10.629,-3.049,-6.098,-4.085,0.242,-0.155,0.964
10.639,-2.439,-5.854,-3.598,0.24,-0.159,0.953
10.649,-2.378,-5.366,-3.293,0.244,-0.157,0.96
10.67,-2.317,-4.146,-2.988,0.247,-0.16,0.962
10.689,-2.134,-3.171,-2.439,0.245,-0.158,0.952
10.699,-1.768,-2.744,-2.073,0.248,-0.158,0.95
10.72,-1.098,-1.463,-1.585,0.25,-0.165,0.955
10.73,-1.098,-1.341,-1.829,0.247,-0.165,0.951
10.74,-1.159,-1.037,-1.707,0.251,-0.16,0.957
10.759,-0.488,-0.061,-1.341,0.25,-0.163,0.948
10.78,-0.183,1.402,-0.976,0.254,-0.162,0.956
10.79,0.061,1.585,-0.793,0.25,-0.163,0.956
10.8,0.61,1.707,-0.427,0.25,-0.162,0.95
10.819,2.439,2.683,0.244,0.249,-0.163,0.941
10.84,3.902,4.146,0.61,0.25,-0.166,0.945
10.85,4.451,4.634,0.915,0.245,-0.165,0.945
10.86,5.0,5.366,1.341,0.25,-0.159,0.951
10.9,7.378,8.598,2.561,0.252,-0.159,0.958
10.91,8.171,9.146,2.988,0.246,-0.155,0.955
10.92,9.329,9.085,3.232,0.237,-0.157,0.951
10.941,10.976,8.354,3.72,0.231,-0.151,0.947
10.96,8.72,7.073,3.598,0.231,-0.142,0.958
10.97,7.073,5.915,3.232,0.223,-0.14,0.956
10.991,4.695,4.39,2.683,0.225,-0.14,0.951
11.001,3.902,3.963,2.378,0.223,-0.142,0.947
11.011,3.659,3.902,2.134,0.222,-0.141,0.942
11.03,4.634,4.695,2.256,0.223,-0.141,0.936
11.051,5.366,6.402,2.134,0.227,-0.141,0.947
11.061,5.976,7.622,2.195,0.223,-0.14,0.948
11.071,6.768,9.268,2.317,0.223,-0.138,0.947
11.09,7.988,10.366,3.171,0.213,-0.132,0.942
11.111,7.866,10.0,3.476,0.207,-0.132,0.939
11.121,7.012,9.329,3.232,0.2,-0.128,0.934
11.131,6.098,8.049,2.317,0.187,-0.131,0.923
11.171,1.159,-0.427,2.988,0.18,-0.113,0.935
11.181,-1.098,-4.268,3.354,0.178,-0.112,0.933
11.191,-3.841,-10.244,3.171,0.165,-0.113,0.93
11.212,-10.0,-25.488,2.5,0.176,-0.11,0.96
11.231,-13.78,-40.427,4.695,0.188,-0.116,0.959
11.241,-13.537,-47.5,5.122,0.2,-0.131,0.956
11.262,-4.329,-58.049,-0.488,0.264,-0.189,1.02
11.272,-0.976,-65.305,-4.756,0.246,-0.187,0.982
11.282,-1.159,-81.89,-10.549,0.162,-0.153,0.967
11.291,-0.122,-98.415,-15.915,0.207,-0.151,1.014
11.301,-1.22,-131.768,-22.805,0.07,-0.132,0.978
11.322,-18.902,-210.427,-30.366,0.162,-0.07,1.195
11.332,-46.037,-255.122,-40.427,0.046,0.031,1.212
11.342,-73.476,-311.28,-61.646,-0.106,-0.063,1.166
11.361,-75.122,-397.622,-75.915,0.146,-0.242,0.959
11.382,-31.341,-424.085,-81.524,0.176,-0.33,0.865
11.392,-25.061,-390.976,-79.207,0.073,-0.355,1.15
11.402,-7.317,-178.232,-43.598,1.737,-0.629,3.037
11.442,5.793,-12.195,0.854,-0.095,-0.338,0.892
11.452,2.561,5.854,5.427,-0.096,-0.304,1.015
11.462,1.402,28.232,9.756,-0.078,-0.29,1.113
11.483,3.415,72.988,15.366,-0.072,-0.235,1.081
11.502,2.439,111.28,14.512,-0.04,-0.136,1.062
11.512,1.707,130.61,13.476,0.013,-0.11,1.041
11.533,0.061,150.854,9.329,0.053,-0.066,0.803
11.543,-2.317,155.671,6.159,0.092,-0.042,0.765
11.553,-5.915,160.0,3.78,0.125,-0.042,0.817
11.572,-9.268,175.183,4.634,0.264,-0.135,0.967
11.593,-10.305,177.378,3.963,0.281,-0.115,0.91
11.603,-10.793,178.415,1.89,0.311,-0.105,0.994
11.613,-10.244,178.659,-0.549,0.332,-0.144,1.056
11.632,-11.646,183.537,2.439,0.467,-0.299,1.214
11.653,-15.549,180.488,12.927,0.542,-0.414,1.245
11.663,-18.11,186.768,21.037,0.617,-0.457,1.448
11.673,-19.146,192.439,29.695,0.638,-0.469,1.482
11.713,-9.268,199.085,52.134,0.626,-0.31,1.335
11.723,-8.293,194.756,51.585,0.594,-0.237,1.244
11.733,-7.439,190.427,48.354,0.575,-0.175,1.244
11.754,-7.134,186.89,36.951,0.566,-0.107,1.335
11.773,-10.305,181.22,22.317,0.555,-0.075,1.28
11.783,-12.866,177.5,15.427,0.553,-0.092,1.262
11.804,-20.244,168.171,5.183,0.579,-0.093,1.161
11.814,-21.098,160.366,0.0,0.583,-0.075,1.059
11.824,-20.305,149.268,-5.976,0.574,-0.038,0.927
11.843,-15.305,128.72,-18.354,0.6,-0.016,0.86
11.864,-10.244,110.427,-28.902,0.589,-0.062,0.773
11.874,-8.171,99.024,-32.744,0.555,-0.11,0.684
11.884,-10.915,88.415,-34.756,0.534,-0.129,0.667
11.903,-16.402,72.317,-30.061,0.537,-0.254,0.658
11.924,-13.78,47.866,-15.488,0.494,-0.362,0.438
11.934,-11.524,34.695,-5.854,0.48,-0.398,0.417
11.944,-9.146,22.378,4.39,0.452,-0.425,0.427
11.984,-11.585,-8.293,36.341,0.419,-0.343,0.608
11.994,-10.061,-15.976,41.829,0.433,-0.321,0.567
12.004,-7.988,-26.646,47.012,0.467,-0.312,0.495
12.025,-6.89,-50.671,56.463,0.592,-0.291,0.476
12.044,-20.366,-61.037,69.817,0.473,-0.281,0.59
12.054,-37.5,-180.732,36.159,-3.451,-0.161,0.079
12.075,43.537,-181.341,4.756,0.303,0.403,-0.417
12.085,47.439,-149.817,12.073,0.383,0.401,0.97
12.104,51.28,-178.78,-14.756,-0.176,0.572,0.41
12.114,35.793,-181.707,-27.195,0.117,0.357,0.949
12.135,11.402,-146.22,-27.683,0.429,-0.287,1.903
12.145,6.89,-139.817,-25.244,0.288,-0.35,1.383
12.155,1.402,-134.756,-21.951,0.258,-0.386,1.324
12.174,-3.659,-110.915,-19.512,0.314,-0.196,1.42
12.195,4.024,-95.915,-16.159,0.272,-0.375,1.29
12.205,13.354,-88.841,-12.378,0.295,-0.433,1.229
12.215,21.585,-82.744,-10.0,0.282,-0.374,1.201
12.255,41.037,-43.963,-0.122,0.291,-0.204,1.21
12.265,36.829,-42.5,-0.732,0.194,-0.173,1.037
12.275,27.012,-35.366,-0.854,0.264,-0.087,1.178
12.296,14.268,-25.427,-0.793,0.227,-0.152,1.038
12.315,10.122,-15.122,0.122,0.237,-0.156,1.035
12.325,9.146,-10.854,-0.061,0.247,-0.159,1.022
12.346,3.78,-5.0,0.549,0.238,-0.132,1.02
12.356,3.232,-3.841,0.488,0.226,-0.149,0.985
12.375,2.317,-2.134,0.061,0.218,-0.146,0.959
12.385,1.159,-1.28,0.0,0.222,-0.14,0.963
12.406,0.305,0.0,-0.366,0.22,-0.15,0.964
12.416,0.244,0.122,-0.549,0.217,-0.146,0.957
12.426,0.183,0.305,-0.549,0.216,-0.146,0.957
12.445,-0.854,1.463,-0.732,0.218,-0.15,0.944
12.466,-2.744,0.427,-1.159,0.214,-0.144,0.949
12.476,-2.5,0.488,-1.159,0.213,-0.145,0.952
12.486,-2.012,0.671,-1.159,0.218,-0.149,0.957
12.526,-0.854,1.159,-0.793,0.215,-0.146,0.956
12.536,-0.671,1.402,-0.427,0.218,-0.151,0.959
12.546,-0.427,1.28,-0.183,0.214,-0.144,0.948
12.567,0.671,0.061,0.061,0.211,-0.154,0.941
12.576,0.976,-0.305,0.183,0.217,-0.15,0.948
12.586,1.22,-0.671,0.244,0.212,-0.146,0.944
12.596,1.524,-1.463,0.305,0.207,-0.145,0.931
12.617,2.012,-3.354,-0.122,0.212,-0.156,0.943
12.627,2.439,-3.415,-0.366,0.221,-0.157,0.951
12.646,3.415,-3.415,0.122,0.221,-0.145,0.958
12.656,3.78,-3.537,0.427,0.222,-0.147,0.959
12.677,4.329,-2.988,0.488,0.227,-0.146,0.959
12.687,4.39,-2.744,0.366,0.226,-0.148,0.952
12.697,4.573,-2.805,0.183,0.221,-0.146,0.948
12.716,4.268,-2.195,0.488,0.229,-0.141,0.957
12.737,3.902,-1.098,0.671,0.228,-0.139,0.957
12.747,3.537,-0.793,0.732,0.226,-0.137,0.958
12.757,3.232,-0.61,0.854,0.23,-0.139,0.956
12.797,3.293,0.122,1.037,0.23,-0.139,0.957
12.807,3.11,0.305,0.915,0.229,-0.137,0.95
12.817,2.988,0.366,0.793,0.229,-0.137,0.95
12.838,3.171,0.366,0.671,0.227,-0.137,0.947
12.847,3.232,0.671,0.793,0.229,-0.132,0.953
12.857,3.049,0.854,0.915,0.232,-0.131,0.956
12.867,2.988,1.098,0.793,0.23,-0.135,0.958
12.888,2.805,1.463,0.549,0.231,-0.135,0.951
12.898,2.805,1.585,0.427,0.23,-0.134,0.954
12.908,2.378,1.829,0.305,0.231,-0.132,0.954
12.917,2.073,2.073,0.427,0.229,-0.131,0.954
12.927,1.829,2.134,0.427,0.229,-0.13,0.957
12.948,1.28,2.134,0.427,0.229,-0.127,0.957
12.958,1.098,2.317,0.488,0.228,-0.127,0.958
12.968,0.732,2.439,0.671,0.229,-0.127,0.959
12.987,0.549,2.256,0.61,0.222,-0.129,0.946
13.008,0.549,1.829,0.427,0.224,-0.13,0.944
13.018,0.427,1.89,0.427,0.226,-0.128,0.95
13.028,0.549,1.89,0.427,0.228,-0.131,0.948
13.068,0.244,2.317,-0.61,0.223,-0.131,0.946
13.078,0.183,2.256,-0.793,0.219,-0.131,0.941
13.088,0.183,1.89,-1.341,0.215,-0.133,0.938
13.109,0.488,0.915,-3.171,0.205,-0.14,0.926
13.128,0.854,-0.061,-4.756,0.204,-0.134,0.926
13.138,0.183,-0.915,-5.854,0.198,-0.134,0.919
13.159,-2.561,-1.768,-8.293,0.19,-0.131,0.907
13.169,-3.841,0.976,-8.232,0.212,-0.12,0.929
13.188,-7.073,3.11,-6.951,0.198,-0.109,0.929
13.198,-8.476,0.671,-5.915,0.203,-0.108,0.938
13.219,-11.646,-13.659,-3.598,0.185,-0.092,0.945
13.229,-11.037,-22.256,-2.5,0.181,-0.125,0.961
13.239,-11.89,-29.329,-1.402,0.186,-0.133,0.955
13.258,-20.305,-31.22,4.146,0.29,-0.107,1.026
13.279,-10.915,-32.317,4.634,0.25,-0.204,0.964
13.289,-3.171,-32.988,1.341,0.258,-0.207,0.962
13.299,3.659,-29.817,-0.671,0.311,-0.185,0.985
13.339,4.268,-69.085,-9.024,0.182,-0.155,0.98
13.349,2.561,-94.817,-16.159,0.137,-0.17,0.979
13.359,0.793,-120.549,-21.463,0.15,-0.15,1.003
13.399,-52.5,-290.732,-51.341,-0.14,-0.053,1.171
13.409,-73.476,-345.976,-69.695,0.082,-0.082,1.119
13.43,-66.402,-421.159,-97.073,0.168,-0.24,0.891
13.44,-46.28,-433.476,-104.024,0.183,-0.26,0.85
13.459,-4.695,-389.329,-118.354,0.382,-0.216,0.925
13.469,-5.366,-285.61,-116.28,0.178,-0.05,1.88
13.49,-1.524,40.671,-71.098,0.465,-0.315,2.334
13.5,2.622,39.634,-74.207,-0.561,-0.293,1.154
13.51,11.768,57.439,-68.415,-0.122,-0.392,0.959
13.529,13.598,82.317,-51.951,-0.11,-0.46,0.87
13.55,3.171,115.244,-26.098,-0.062,-0.542,0.951
13.56,-2.622,129.329,-10.793,-0.061,-0.581,0.923
13.57,-7.744,142.073,5.305,-0.041,-0.604,0.927
13.61,-27.5,200.061,62.866,0.17,-0.435,1.172
13.62,-32.134,211.463,69.878,0.212,-0.322,1.175
13.63,-35.366,220.427,72.378,0.256,-0.203,1.16
13.67,-38.354,222.5,50.0,0.472,0.109,1.156
13.68,-34.207,216.89,43.354,0.503,0.085,1.152
13.701,-29.207,204.878,30.671,0.51,0.009,1.369
13.711,-28.659,209.817,27.744,0.577,-0.09,1.676
13.73,-25.488,230.244,27.805,0.75,-0.221,1.833
13.74,-24.268,227.378,25.427,0.749,-0.221,1.612
13.761,-30.854,223.171,23.537,0.853,-0.289,1.582
13.771,-35.366,220.549,25.305,0.868,-0.327,1.513
13.781,-37.317,213.598,28.171,0.842,-0.359,1.361
13.8,-34.024,193.476,34.207,0.782,-0.35,1.181
13.821,-37.988,173.049,33.78,0.751,-0.159,1.115
13.831,-42.866,166.585,32.012,0.773,-0.057,1.184
13.841,-41.159,160.183,29.451,0.788,-0.018,1.125
13.86,-26.037,132.927,21.402,0.756,0.042,0.749
13.881,-6.098,108.415,8.476,0.8,0.049,0.686
13.891,1.28,97.195,-1.951,0.796,0.046,0.579
13.901,-4.39,83.049,-13.171,0.798,0.112,0.468
13.922,-25.183,52.195,-27.317,0.787,0.04,0.333
13.941,-15.244,24.817,-21.829,0.807,-0.262,0.343
13.951,-7.378,11.951,-13.415,0.79,-0.342,0.328
13.972,1.768,-18.049,1.707,0.726,-0.337,0.272
13.982,4.573,-28.963,7.805,0.719,-0.341,0.369
14.001,7.622,-47.5,20.305,0.656,-0.38,0.487
14.011,9.024,-54.634,28.049,0.642,-0.414,0.554
14.032,10.61,-71.402,45.122,0.573,-0.437,0.526
14.042,4.024,-65.976,58.232,0.543,-0.425,0.526
14.052,4.817,-124.024,68.232,-2.379,-0.88,0.454
14.071,48.72,-169.085,29.878,0.445,-0.241,0.001
14.092,62.012,-166.402,21.951,0.259,0.273,1.422
14.102,57.5,-134.329,5.854,0.107,0.886,2.182
14.112,39.512,-138.11,-17.195,0.145,1.259,1.066
14.152,12.317,-126.28,-15.549,0.288,-0.642,1.219
14.162,12.805,-121.098,-15.244,0.309,-0.369,1.345
14.172,13.537,-103.171,-18.049,0.424,-0.12,1.743
14.212,38.049,-55.366,-4.451,0.374,-0.331,1.415
14.222,30.915,-44.817,-2.134,0.367,-0.133,1.387
14.243,24.329,-37.683,-1.341,0.254,-0.226,1.108
14.253,16.524,-29.085,-0.793,0.281,-0.137,1.144
14.272,7.5,-26.951,-3.11,0.169,-0.18,0.944
14.282,12.256,-29.268,-3.598,0.179,-0.188,0.937
14.303,15.183,-22.927,-1.89,0.255,-0.172,1.012
14.313,13.72,-19.512,-0.549,0.265,-0.134,1.028
14.323,13.293,-18.537,0.671,0.237,-0.13,0.983
14.342,16.098,-18.11,1.524,0.229,-0.161,0.929
14.363,15.244,-15.0,0.976,0.255,-0.15,0.965
14.373,13.841,-12.317,0.427,0.256,-0.141,0.967
14.383,12.317,-10.793,0.0,0.259,-0.132,0.979
14.402,12.439,-10.976,-1.22,0.246,-0.147,0.945
14.423,8.415,-9.756,-1.768,0.266,-0.116,0.98
14.433,7.744,-8.293,-1.341,0.273,-0.127,0.973
14.443,6.402,-7.622,-0.915,0.263,-0.117,0.959
14.483,3.72,-3.11,0.61,0.275,-0.125,0.972
14.493,3.293,-2.866,0.427,0.266,-0.123,0.959
14.503,2.622,-1.951,0.305,0.267,-0.121,0.961
14.524,1.646,0.0,0.366,0.271,-0.12,0.959
14.543,1.159,-0.427,-0.061,0.26,-0.125,0.945
14.553,1.037,-0.915,-0.61,0.259,-0.127,0.944
14.574,0.671,-0.549,-0.305,0.267,-0.12,0.955
14.584,0.671,-0.244,-0.122,0.265,-0.12,0.952
14.594,0.488,0.0,-0.061,0.267,-0.117,0.951
14.603,0.183,0.305,-0.305,0.267,-0.123,0.958
14.613,0.061,0.122,-0.732,0.263,-0.126,0.947
14.634,-0.549,0.183,-1.159,0.265,-0.121,0.948
14.644,-0.671,0.183,-1.28,0.264,-0.121,0.948
14.654,-0.732,0.183,-1.28,0.267,-0.122,0.95
14.673,-0.671,0.427,-0.854,0.27,-0.124,0.949
14.694,-0.549,-0.122,-0.671,0.268,-0.121,0.948
14.704,-0.61,-0.366,-0.61,0.264,-0.122,0.94
14.714,-0.732,-0.305,-0.427,0.267,-0.119,0.945
14.754,-1.159,0.793,0.061,0.271,-0.12,0.951
14.764,-1.341,0.976,-0.061,0.271,-0.122,0.95
14.774,-1.524,1.098,0.0,0.268,-0.124,0.949
14.795,-1.463,1.585,-0.061,0.269,-0.125,0.949
14.814,-0.854,1.22,-0.061,0.262,-0.126,0.945
14.824,-0.732,1.463,0.0,0.267,-0.121,0.944
14.845,-0.305,2.073,0.488,0.27,-0.122,0.949
14.855,-0.183,2.5,0.549,0.269,-0.124,0.948
14.865,-0.183,2.683,0.549,0.268,-0.125,0.948
14.884,0.122,3.049,0.427,0.265,-0.125,0.948
14.905,0.793,3.841,0.793,0.27,-0.122,0.953
14.915,1.098,4.207,0.976,0.267,-0.125,0.948
14.925,0.549,4.329,0.671,0.27,-0.128,0.959
14.944,-0.671,4.085,0.488,0.263,-0.124,0.955
14.965,-1.402,4.512,0.793,0.269,-0.122,0.957
14.975,-1.28,5.0,0.549,0.263,-0.127,0.951
14.985,-1.28,5.244,-0.061,0.26,-0.13,0.949
15.025,-1.829,5.671,-1.463,0.247,-0.127,0.945
15.035,-2.012,5.671,-1.585,0.247,-0.125,0.944
15.045,-2.195,5.915,-1.829,0.249,-0.127,0.942
15.066,-2.927,5.122,-2.988,0.245,-0.13,0.941
15.085,-3.598,4.756,-4.024,0.249,-0.135,0.954
15.095,-1.707,4.207,-4.512,0.244,-0.144,0.953
15.116,0.0,2.378,-6.341,0.234,-0.136,0.933
15.126,1.585,2.988,-7.256,0.247,-0.139,0.949
15.145,4.817,3.171,-9.634,0.25,-0.133,0.946
15.155,6.463,2.927,-10.366,0.248,-0.121,0.95
15.176,10.427,2.378,-13.659,0.256,-0.087,0.949
15.186,8.293,2.927,-17.866,0.273,0.007,0.962
15.196,5.671,2.5,-26.159,0.261,0.024,0.961
15.215,-17.317,1.22,-66.402,0.286,0.345,0.96
15.236,-28.232,3.171,-112.073,0.311,0.186,0.979
15.246,-31.646,3.11,-132.866,0.313,0.172,0.969
15.256,-33.171,1.585,-151.463,0.312,0.105,0.947
15.296,-37.134,0.854,-212.866,0.373,0.053,0.94
15.306,-38.598,2.683,-225.732,0.396,0.044,0.968
15.316,-39.085,4.573,-237.927,0.422,0.009,0.957
15.337,-42.988,9.695,-258.963,0.459,0.013,0.97
15.356,-49.146,13.72,-276.646,0.468,0.054,0.962
15.366,-52.317,16.89,-282.256,0.481,0.004,0.961
15.387,-50.244,24.695,-291.585,0.488,0.007,0.986
15.397,-45.549,27.5,-298.963,0.5,0.109,0.962
15.416,-36.402,28.902,-318.476,0.604,0.308,0.937
15.426,-32.561,29.634,-328.78,0.675,0.369,0.941
15.447,-30.549,28.902,-343.232,0.849,0.338,0.862
15.457,-29.39,28.902,-340.671,0.917,0.166,0.832
15.467,-27.927,29.878,-330.122,0.926,-0.099,0.877
15.486,-25.732,36.402,-286.22,0.854,-0.604,0.998
15.507,-25.0,26.28,-224.329,0.637,-0.826,0.716
15.517,-26.22,18.963,-192.744,0.559,-0.831,0.71
15.527,-25.671,14.39,-163.476,0.507,-0.805,0.797
15.567,-13.476,8.354,-89.512,0.322,-0.397,0.877
15.577,-11.341,7.195,-80.305,0.321,-0.336,0.902
15.587,-8.902,4.451,-73.78,0.292,-0.296,0.856
15.608,-5.732,-3.476,-67.927,0.259,-0.218,0.797
15.617,-7.134,-7.622,-68.476,0.235,-0.166,0.777
15.627,-9.085,-12.134,-70.183,0.222,-0.135,0.756
15.637,-9.756,-17.317,-72.561,0.202,-0.128,0.721
15.658,-24.146,-6.646,-82.134,0.117,-0.076,0.813
15.668,-51.646,48.293,-77.439,0.32,-0.166,2.452
15.687,-23.659,39.207,-76.402,-0.486,-0.545,0.78
15.697,-18.293,30.122,-60.305,-0.321,-0.575,1.254
15.718,8.78,-12.317,1.098,0.099,-0.632,0.675
15.728,-11.28,-0.732,0.0,0.368,0.407,1.342
15.738,-17.805,-5.366,3.354,0.185,0.053,0.923
15.757,-5.854,-8.049,0.122,0.224,-0.219,0.97
15.778,-6.402,-12.073,-0.183,0.183,-0.136,0.863
15.788,-3.171,-16.646,-0.671,0.174,-0.167,0.871
15.798,-0.854,-16.341,-1.28,0.234,-0.174,0.968
15.838,3.841,-10.305,-1.098,0.236,-0.142,0.93
15.848,4.329,-9.817,-0.793,0.248,-0.14,0.955
15.858,4.512,-8.598,-0.122,0.265,-0.136,0.977
15.879,5.061,-9.268,0.671,0.248,-0.143,0.945
15.898,5.61,-9.939,0.549,0.251,-0.141,0.948
15.908,4.634,-9.634,0.61,0.254,-0.129,0.955
15.929,3.415,-8.354,0.366,0.261,-0.135,0.956
15.939,2.988,-9.573,-0.061,0.252,-0.134,0.946
15.958,1.89,-12.012,-1.707,0.26,-0.137,0.953
15.968,1.585,-10.61,-1.646,0.279,-0.132,0.968
15.989,1.22,-8.049,-1.037,0.283,-0.128,0.966
15.999,1.463,-8.049,-0.793,0.274,-0.129,0.947
16.009,1.524,-7.561,-0.549,0.277,-0.131,0.953
16.028,1.037,-4.329,-0.427,0.292,-0.13,0.972
16.049,1.707,-2.927,-0.732,0.277,-0.136,0.943
16.059,1.646,-2.927,-0.976,0.279,-0.135,0.947
16.069,1.585,-2.195,-0.854,0.286,-0.13,0.958
16.109,1.707,-2.012,-0.122,0.278,-0.125,0.938
16.119,1.829,-2.195,0.061,0.28,-0.125,0.948
16.129,2.195,-2.012,0.244,0.284,-0.127,0.952
16.159,2.134,-0.61,0.183,0.292,-0.125,0.957
16.169,2.012,-0.488,0.366,0.287,-0.123,0.951
16.179,2.073,-0.549,0.732,0.285,-0.12,0.948
16.2,2.317,0.061,0.732,0.288,-0.127,0.949
16.21,2.5,0.183,0.854,0.29,-0.126,0.954
16.229,2.256,0.305,1.768,0.286,-0.115,0.94
16.239,2.073,-0.244,2.134,0.278,-0.115,0.935
16.26,2.195,0.0,2.439,0.287,-0.121,0.948
16.27,2.378,0.244,2.683,0.286,-0.119,0.947
16.28,2.317,0.915,2.622,0.288,-0.121,0.944
16.299,2.012,2.195,3.11,0.283,-0.115,0.941
16.32,1.585,1.951,2.378,0.279,-0.127,0.942
16.33,1.707,1.89,1.89,0.28,-0.127,0.945
16.34,1.707,1.646,1.707,0.28,-0.124,0.947
16.38,1.037,1.098,1.341,0.276,-0.119,0.939
16.39,0.976,0.976,1.098,0.28,-0.123,0.94
16.4,1.037,1.159,0.915,0.283,-0.121,0.946
16.43,0.976,2.134,0.915,0.285,-0.118,0.946
16.44,0.976,2.195,1.341,0.285,-0.115,0.947
16.45,1.28,2.378,1.768,0.284,-0.113,0.947
16.471,1.524,2.805,2.134,0.287,-0.119,0.949
16.481,1.646,2.866,2.195,0.285,-0.12,0.951
16.5,2.195,3.293,2.683,0.284,-0.116,0.955
16.51,2.439,3.171,2.988,0.277,-0.116,0.946
16.531,2.561,3.049,3.415,0.277,-0.115,0.952
16.541,2.256,3.11,3.354,0.279,-0.116,0.944
16.551,1.159,3.293,3.232,0.283,-0.112,0.953
16.57,-0.854,3.232,1.037,0.273,-0.125,0.942
16.591,-2.805,3.171,0.122,0.272,-0.121,0.944
16.601,-3.354,2.988,-0.549,0.272,-0.124,0.945
16.611,-3.72,2.988,-0.793,0.276,-0.116,0.951
16.651,-4.024,2.195,-1.28,0.273,-0.12,0.946
16.661,-4.024,2.317,-1.28,0.276,-0.123,0.946
16.671,-4.085,2.378,-1.098,0.273,-0.116,0.946
16.701,-3.171,2.256,-0.61,0.268,-0.121,0.944
16.711,-3.171,2.317,-0.61,0.272,-0.125,0.945
16.721,-3.293,2.622,-0.732,0.276,-0.122,0.944
16.742,-3.598,2.378,-0.915,0.271,-0.125,0.945
16.752,-3.841,2.5,-1.037,0.272,-0.125,0.947
16.771,-3.902,3.049,-0.915,0.272,-0.125,0.945
16.781,-3.902,3.354,-0.976,0.271,-0.128,0.946
16.802,-3.232,3.354,-1.037,0.269,-0.13,0.944
16.812,-3.232,3.78,-0.976,0.276,-0.13,0.95
16.822,-3.171,4.207,-0.854,0.273,-0.129,0.955
16.841,-3.354,4.512,-0.854,0.273,-0.131,0.953
16.862,-3.598,4.939,-0.854,0.267,-0.131,0.95
16.872,-3.841,5.183,-0.732,0.272,-0.133,0.952
16.882,-4.085,5.61,-0.732,0.27,-0.131,0.956
16.922,-4.573,7.195,-1.159,0.26,-0.135,0.945
16.932,-4.939,7.073,-1.646,0.252,-0.14,0.938
16.942,-5.488,6.829,-1.951,0.251,-0.135,0.936
16.972,-6.402,5.61,-4.024,0.239,-0.145,0.926
16.982,-6.098,4.756,-5.183,0.229,-0.162,0.905
16.992,-5.732,2.317,-6.037,0.214,-0.139,0.889
17.013,-6.22,-1.89,-7.378,0.219,-0.149,0.894
17.023,-6.829,-7.988,-7.378,0.182,-0.108,0.864
17.042,-5.244,-18.049,-5.305,0.208,-0.133,0.889
17.052,-4.878,-22.256,-3.537,0.218,-0.125,0.929
17.073,-5.854,-33.902,-1.89,0.222,-0.115,0.92
17.083,-3.232,-42.927,-1.951,0.209,-0.162,0.935
17.093,-0.854,-50.183,-1.159,0.242,-0.169,0.972
17.112,-4.878,-74.695,-5.488,0.217,-0.11,1.053
17.133,6.768,-105.427,-17.439,0.042,-0.256,1.108
17.143,17.5,-113.598,-23.476,-0.12,-0.27,1.209
17.153,24.207,-113.598,-30.183,-0.288,-0.199,1.19
17.193,1.585,23.841,-50.305,-0.266,-0.089,1.772
17.203,-0.183,42.561,-49.878,-0.457,-0.257,1.42
17.213,2.073,52.866,-45.122,-0.458,-0.387,1.103
17.243,-13.537,76.89,-22.622,-0.325,-0.46,1.094
17.253,-19.634,84.451,-14.268,-0.279,-0.48,1.125
17.263,-23.963,91.646,-5.061,-0.235,-0.501,1.162
17.284,-29.268,106.768,13.11,-0.13,-0.499,1.244
17.294,-31.341,114.817,21.768,-0.074,-0.474,1.283
17.313,-33.841,126.646,36.829,-0.003,-0.405,1.229
17.323,-35.671,128.72,42.561,0.027,-0.362,1.19
17.344,-36.768,132.012,52.012,0.116,-0.295,1.208
17.354,-35.183,132.927,55.549,0.146,-0.268,1.222
17.364,-32.5,133.72,58.171,0.179,-0.239,1.226
17.383,-26.585,130.671,59.573,0.204,-0.173,1.14
17.404,-23.841,123.902,56.585,0.239,-0.11,1.109
17.414,-22.073,120.549,54.451,0.261,-0.098,1.104
17.424,-18.841,117.561,52.073,0.274,-0.103,1.111
17.443,-13.476,115.915,47.866,0.3,-0.128,1.162
17.464,-13.841,116.768,43.415,0.325,-0.096,1.158
17.474,-16.037,113.354,39.329,0.315,-0.037,1.034
17.484,-15.732,107.378,33.78,0.325,0.002,0.922
17.505,-8.537,92.866,20.183,0.339,0.002,0.794
17.524,-9.817,79.939,5.488,0.333,0.025,0.8
17.534,-11.341,75.671,-1.341,0.331,0.01,0.806
17.555,-11.22,68.354,-11.951,0.323,-0.053,0.79
17.565,-10.61,64.634,-14.634,0.313,-0.095,0.75
17.584,-8.841,50.244,-15.854,0.26,-0.163,0.578
17.594,-8.232,42.317,-14.878,0.245,-0.191,0.564
17.615,-7.012,30.732,-10.427,0.204,-0.254,0.613
17.625,-7.134,28.049,-7.561,0.185,-0.273,0.675
17.635,-7.683,28.171,-5.244,0.192,-0.266,0.75
17.654,-7.683,30.366,-2.683,0.217,-0.227,0.756
17.675,-6.28,15.488,-3.171,0.203,-0.2,0.499
17.685,-5.854,7.805,-2.5,0.248,-0.228,0.518
17.695,-4.878,1.341,0.244,0.292,-0.292,0.539
17.714,-2.805,-11.707,13.11,0.38,-0.428,0.536
17.735,-5.183,-27.866,32.683,0.459,-0.485,0.434
17.745,-19.512,-58.963,41.159,-0.297,-0.459,0.172
17.755,-17.744,-197.012,1.829,-3.388,-0.368,-0.334
17.776,23.537,-179.146,5.122,0.768,0.05,0.421
17.795,43.78,-160.732,-3.841,-0.402,0.134,0.685
17.805,25.61,-152.988,-10.0,0.116,0.286,1.31
17.826,22.134,-119.329,-18.902,0.15,0.145,1.443
17.836,16.037,-113.049,-18.598,0.15,-0.047,1.35
17.855,6.341,-97.012,-11.28,0.161,-0.299,1.224
17.865,3.659,-93.598,-11.28,0.12,-0.249,1.121
17.886,1.463,-90.427,-12.012,0.11,-0.296,1.013
17.896,4.756,-90.183,-10.671,0.122,-0.353,0.977
17.906,7.744,-89.024,-8.11,0.14,-0.361,0.97
17.925,18.049,-89.573,-5.854,0.131,-0.243,0.894
17.946,26.402,-94.817,-7.683,0.168,-0.109,0.943
17.956,28.171,-98.293,-8.11,0.187,-0.129,0.979
17.966,28.049,-94.878,-7.866,0.283,-0.213,1.202
17.985,39.878,-67.073,-0.976,0.372,-0.249,1.333
18.006,16.28,-31.402,1.341,0.393,-0.131,1.426
18.016,20.427,-33.049,1.159,0.24,-0.24,1.06
18.026,24.024,-34.451,0.915,0.204,-0.159,1.0
18.047,17.317,-20.61,2.195,0.318,-0.145,1.14
18.066,12.927,-16.159,1.951,0.267,-0.131,1.015
18.076,12.073,-13.049,2.073,0.282,-0.146,1.015
18.097,12.012,-11.098,2.805,0.261,-0.136,0.981
18.107,11.951,-10.427,2.622,0.255,-0.146,0.962
18.126,12.134,-9.329,2.012,0.253,-0.139,0.948
18.136,12.927,-8.902,2.134,0.263,-0.135,0.965
18.157,12.439,-7.927,1.89,0.266,-0.119,0.969
18.167,12.195,-7.378,1.585,0.256,-0.13,0.947
18.177,10.976,-6.463,1.159,0.267,-0.124,0.957
18.196,7.073,-4.39,0.915,0.268,-0.108,0.956
18.217,4.39,-3.11,0.671,0.262,-0.113,0.938
18.227,3.049,-1.463,0.183,0.273,-0.116,0.957
18.237,1.768,-0.915,-0.122,0.259,-0.115,0.934
18.277,-2.988,3.293,0.427,0.273,-0.111,0.95
18.287,-3.902,3.963,0.366,0.272,-0.114,0.952
18.297,-4.939,4.512,0.305,0.266,-0.107,0.944
18.337,-8.963,6.037,-1.463,0.271,-0.124,0.956
18.347,-8.537,5.732,-2.134,0.27,-0.137,0.967
18.368,-7.866,4.268,-2.012,0.265,-0.125,0.96
18.378,-5.915,3.537,-1.159,0.261,-0.13,0.955
18.397,-2.439,3.232,0.122,0.262,-0.132,0.952
18.407,-1.707,2.988,0.183,0.258,-0.134,0.951
18.428,-1.341,2.439,0.122,0.253,-0.132,0.942
18.438,-0.793,2.134,0.0,0.252,-0.134,0.939
18.448,-0.732,0.915,-0.183,0.248,-0.133,0.931
18.467,-0.793,-0.244,-0.183,0.259,-0.129,0.95
18.488,-0.061,0.854,-0.122,0.261,-0.132,0.957
18.498,0.0,1.28,-0.183,0.262,-0.132,0.952
18.508,0.061,1.707,-0.305,0.261,-0.132,0.953
18.548,0.305,2.927,-0.244,0.258,-0.13,0.953
18.558,0.061,3.354,-0.183,0.259,-0.13,0.952
18.568,0.366,3.72,-0.183,0.257,-0.129,0.948
18.608,1.89,6.341,0.732,0.256,-0.13,0.95
18.618,2.805,7.134,1.037,0.259,-0.13,0.953
18.628,3.476,7.988,1.159,0.255,-0.13,0.95
18.649,3.049,8.171,0.915,0.251,-0.128,0.953
18.659,2.195,7.866,0.732,0.248,-0.126,0.952
18.668,1.402,7.5,0.549,0.246,-0.125,0.953
18.678,1.098,7.5,0.366,0.246,-0.127,0.953
18.699,0.61,8.049,0.244,0.249,-0.124,0.952
18.709,0.183,8.659,0.244,0.248,-0.125,0.954
18.719,-0.183,9.085,0.122,0.241,-0.126,0.953
18.738,0.0,9.146,-0.061,0.234,-0.128,0.944
18.759,0.61,9.268,-0.549,0.231,-0.131,0.941
18.769,0.732,9.756,-0.671,0.235,-0.13,0.945
18.779,0.488,9.39,-0.976,0.224,-0.128,0.939
18.819,0.122,7.988,-4.024,0.211,-0.13,0.93
18.829,0.0,8.354,-4.756,0.207,-0.13,0.924
18.839,-1.037,9.085,-5.183,0.208,-0.129,0.928
18.86,-3.171,9.695,-5.305,0.192,-0.118,0.919
18.879,-4.085,8.232,-3.232,0.192,-0.107,0.925
18.889,-5.976,1.037,-2.622,0.156,-0.112,0.918
18.899,-8.293,-5.732,-1.402,0.183,-0.091,0.962
18.92,-12.5,-21.037,1.341,0.179,-0.101,0.958
18.939,-16.28,-33.049,4.451,0.203,-0.117,0.969
18.949,-16.585,-35.549,6.585,0.229,-0.117,0.97
18.97,-10.61,-35.183,7.439,0.282,-0.153,0.994
18.98,-5.793,-39.512,5.061,0.253,-0.188,0.983
18.99,-2.378,-49.878,0.122,0.209,-0.193,0.952
19.009,1.159,-72.134,-7.256,0.23,-0.159,0.964
19.03,3.171,-104.024,-13.902,0.244,-0.164,0.991
19.04,5.61,-124.817,-17.622,0.174,-0.156,0.984
19.05,-0.915,-145.854,-19.024,0.218,-0.14,1.047
19.09,-49.329,-287.5,-58.232,0.212,-0.126,1.056
19.1,-44.573,-322.622,-65.305,0.223,-0.198,0.996
19.11,-28.293,-350.183,-70.549,0.245,-0.275,0.917
19.131,7.073,-352.866,-83.415,0.186,-0.273,0.967
19.15,11.22,-140.122,-74.817,1.163,-0.088,2.809
19.16,15.122,-5.793,-53.232,1.202,-0.351,3.029
19.17,16.402,-14.756,-58.11,-0.669,-0.326,1.154
19.191,17.866,13.78,-43.476,-0.207,-0.521,1.14
19.201,12.561,37.744,-30.366,-0.194,-0.59,1.23
19.22,3.354,83.598,0.0,-0.16,-0.657,1.166
19.241,-5.671,115.305,25.488,-0.143,-0.559,0.973
19.251,-10.488,128.841,35.549,-0.096,-0.493,0.975
19.261,-15.305,144.085,43.171,-0.048,-0.436,1.03
19.28,-25.183,174.512,53.293,0.047,-0.308,1.109
19.301,-34.085,188.537,55.488,0.104,-0.145,0.928
19.311,-38.354,188.659,54.207,0.17,-0.09,0.916
19.321,-42.134,187.561,51.951,0.237,-0.045,0.958
19.361,-35.793,180.915,29.512,0.345,0.084,1.25
19.371,-32.439,190.488,22.073,0.476,0.044,1.613
19.381,-28.963,206.463,15.854,0.621,0.008,1.824
19.402,-21.402,209.878,1.098,0.642,-0.033,1.437
19.421,-18.598,215.488,5.488,0.769,-0.403,1.622
19.431,-18.902,216.89,17.195,0.777,-0.579,1.521
19.441,-21.829,213.049,30.366,0.761,-0.643,1.35
19.462,-32.256,199.512,51.524,0.736,-0.538,1.197
19.472,-34.573,192.683,58.293,0.719,-0.473,1.178
19.481,-34.695,185.488,62.561,0.7,-0.396,1.15
19.491,-35.061,177.5,64.085,0.681,-0.307,1.122
19.512,-37.805,167.683,62.988,0.699,-0.146,1.151
19.522,-40.122,159.329,61.22,0.659,-0.075,1.054
19.532,-38.476,153.659,60.305,0.688,-0.046,1.085
19.551,-17.073,139.085,56.22,0.724,-0.05,0.904
19.572,-4.939,115.0,37.012,0.759,0.121,0.612
19.582,-12.378,98.293,22.5,0.77,0.215,0.477
19.592,-20.488,81.524,9.878,0.79,0.198,0.421
19.632,-2.073,14.512,28.293,0.865,-0.373,0.222
19.642,3.11,-4.207,40.061,0.869,-0.379,0.208
19.652,5.122,-20.915,49.695,0.878,-0.343,0.248
19.673,-2.012,-57.439,41.707,0.852,-0.298,0.316
19.692,37.012,-183.476,-58.537,-0.72,-0.77,0.734
19.702,73.232,-184.451,-75.061,-0.167,-0.106,0.417
19.712,31.524,-150.305,-48.293,0.5,-0.031,1.498
19.733,44.512,-161.463,-18.232,-0.323,-0.749,0.331
19.743,49.329,-145.366,-6.89,0.33,-0.642,1.443
19.752,54.085,-118.537,-6.829,0.432,-0.088,2.018
19.762,38.049,-111.037,-14.817,0.17,0.41,1.617
19.783,6.22,-99.939,-16.037,0.125,-0.195,1.24
19.793,3.171,-95.854,-12.866,0.127,-0.384,1.143
19.803,5.549,-90.061,-10.671,0.156,-0.367,1.152
19.822,11.829,-86.28,-9.207,0.098,-0.308,0.972
19.843,13.78,-88.72,-7.683,0.109,-0.244,0.928
19.853,16.524,-87.683,-8.11,0.146,-0.221,0.984
19.863,19.024,-87.988,-8.293,0.168,-0.187,0.986
19.903,37.073,-69.207,-6.22,0.306,-0.185,1.306
19.913,25.061,-38.902,-1.463,0.553,-0.01,1.792
19.923,17.927,-35.061,0.427,0.268,-0.143,1.2
19.944,16.098,-27.988,1.341,0.262,-0.134,1.124
19.963,15.671,-20.244,3.11,0.24,-0.232,1.045
19.973,17.256,-20.122,3.354,0.213,-0.166,0.989
19.983,17.683,-16.829,3.476,0.238,-0.167,1.021
20.004,17.683,-10.915,3.476,0.234,-0.15,1.001
20.014,18.902,-11.402,3.354,0.209,-0.164,0.936
20.023,16.951,-9.573,2.744,0.228,-0.143,0.982
20.033,14.756,-8.232,2.622,0.242,-0.135,1.01
20.054,12.988,-10.0,2.195,0.227,-0.138,0.972
20.064,11.463,-9.573,2.073,0.233,-0.136,0.976
20.074,9.207,-7.988,2.317,0.241,-0.126,0.98
20.093,6.159,-5.671,2.134,0.232,-0.133,0.964
20.114,4.451,-3.354,1.22,0.239,-0.138,0.966
20.124,4.207,-2.439,0.61,0.239,-0.138,0.955
20.134,3.598,-1.22,0.305,0.243,-0.134,0.965
20.174,1.89,0.183,0.671,0.238,-0.132,0.956
20.184,1.768,-0.183,0.549,0.228,-0.133,0.944
20.194,1.829,-0.671,0.488,0.229,-0.133,0.949
20.215,1.707,-0.732,0.366,0.24,-0.134,0.957
20.234,1.402,-1.341,0.305,0.236,-0.129,0.957
20.244,1.646,-1.524,0.305,0.231,-0.131,0.943
20.254,2.561,-2.134,0.549,0.229,-0.129,0.935
20.275,3.72,-2.256,0.854,0.238,-0.127,0.954
20.285,3.963,-1.951,0.915,0.243,-0.125,0.956
20.304,3.72,-0.976,0.854,0.244,-0.123,0.96
20.325,3.049,0.122,0.854,0.244,-0.12,0.956
20.335,2.866,0.671,0.915,0.241,-0.124,0.956
20.345,2.5,1.341,0.732,0.244,-0.127,0.957
20.364,1.646,1.829,0.427,0.24,-0.124,0.95
20.385,1.098,1.89,0.183,0.236,-0.122,0.95
20.395,0.915,1.829,0.122,0.238,-0.122,0.95
20.405,0.793,1.829,0.122,0.238,-0.124,0.949
20.445,0.549,1.829,-0.305,0.239,-0.123,0.953
20.455,0.671,2.012,-0.183,0.243,-0.123,0.952
20.465,0.793,2.073,-0.366,0.238,-0.125,0.947
20.486,1.037,2.378,-0.549,0.24,-0.124,0.954
20.505,1.037,3.171,-0.549,0.237,-0.12,0.953
20.515,1.037,3.293,-0.793,0.234,-0.124,0.952
20.525,1.098,3.171,-1.098,0.234,-0.123,0.949
20.546,1.098,3.049,-1.341,0.232,-0.122,0.95
20.556,1.159,3.049,-1.28,0.232,-0.12,0.95
20.575,1.28,3.11,-0.976,0.234,-0.118,0.947
20.596,1.341,2.866,-1.402,0.229,-0.122,0.943
20.606,1.28,2.683,-1.707,0.227,-0.124,0.939
20.616,1.524,2.866,-2.012,0.23,-0.121,0.939
20.635,1.707,3.232,-2.378,0.224,-0.119,0.936
20.656,0.976,2.805,-3.11,0.215,-0.117,0.93
20.666,0.671,2.5,-3.72,0.213,-0.118,0.928
20.676,-0.244,3.11,-5.061,0.207,-0.125,0.921
20.697,-2.378,7.256,-6.829,0.214,-0.117,0.929
20.716,-4.573,6.402,-6.707,0.199,-0.119,0.921
20.726,-6.098,2.195,-6.341,0.188,-0.097,0.927
20.736,-9.085,-4.085,-5.854,0.187,-0.096,0.946
20.757,-10.0,-22.622,-3.72,0.193,-0.091,0.97
20.776,-10.549,-43.537,-2.622,0.175,-0.078,0.948
20.786,-13.415,-49.573,-1.22,0.222,-0.095,0.979
20.796,-15.488,-53.598,-1.159,0.258,-0.124,1.001
20.817,-9.268,-62.378,-7.805,0.282,-0.125,0.944
20.827,-4.695,-60.183,-7.439,0.331,-0.12,0.962
20.846,15.915,-69.085,-5.427,0.292,-0.223,1.003
20.867,13.171,-136.037,-20.061,0.048,-0.122,1.021
20.877,7.134,-184.512,-21.402,0.081,-0.124,1.126
20.887,5.549,-247.622,-24.207,-0.09,-0.158,1.137
20.927,-27.256,-443.902,-86.037,0.195,-0.175,0.895
20.937,-0.427,-449.085,-94.268,0.292,-0.301,0.811
20.947,12.439,-431.402,-103.659,0.373,-0.179,0.798
20.987,6.037,1.402,-70.244,-0.721,-0.3,0.921
20.997,14.329,10.244,-61.707,-0.216,-0.471,0.77
21.007,13.171,16.341,-50.427,-0.168,-0.489,0.75
21.028,4.085,60.61,-17.988,-0.069,-0.661,1.157
21.047,-1.22,105.305,17.927,-0.098,-0.684,1.024
21.057,-6.768,117.988,32.256,-0.11,-0.607,0.876
21.067,-14.268,129.512,43.841,-0.082,-0.511,0.881
21.088,-23.963,165.427,61.646,0.069,-0.427,1.161
21.098,-28.78,183.354,68.11,0.115,-0.348,1.162
21.117,-37.622,198.171,71.037,0.127,-0.134,0.95
21.138,-42.927,209.573,62.561,0.248,0.03,1.146
21.148,-43.659,217.378,55.549,0.324,0.087,1.227
21.158,-44.329,219.512,47.134,0.361,0.14,1.198
21.198,-32.866,201.829,21.707,0.431,-0.049,1.362
21.208,-29.146,208.72,19.573,0.507,-0.136,1.687
21.218,-28.354,223.537,19.878,0.616,-0.196,1.963
21.258,-28.293,235.427,31.585,0.669,-0.348,1.518
21.268,-31.22,230.427,36.098,0.657,-0.349,1.46
21.278,-34.085,225.549,40.122,0.66,-0.314,1.445
21.299,-33.659,212.012,42.012,0.636,-0.196,1.338
21.318,-30.793,190.671,34.451,0.626,-0.06,1.19
21.328,-30.854,176.402,27.317,0.614,0.012,1.091
21.338,-32.5,163.78,19.207,0.627,0.063,1.096
21.359,-33.293,148.354,7.012,0.686,0.052,1.123
21.369,-28.78,138.963,2.012,0.698,0.034,0.976
21.388,-14.695,117.744,-10.61,0.738,-0.012,0.748
21.409,-21.89,89.085,-21.768,0.753,-0.011,0.52
21.419,-20.915,74.085,-23.171,0.769,-0.107,0.453
21.429,-16.89,60.549,-21.098,0.779,-0.225,0.427
21.469,-9.756,10.488,14.024,0.771,-0.401,0.322
21.479,-7.5,-2.195,22.866,0.753,-0.391,0.323
21.489,-6.037,-15.671,29.573,0.722,-0.342,0.315
21.51,-3.11,-37.622,39.695,0.676,-0.277,0.431
21.529,0.183,-54.024,46.28,0.639,-0.246,0.579
21.539,1.037,-58.049,48.902,0.64,-0.233,0.67
21.549,2.378,-62.5,50.854,0.631,-0.22,0.705
21.57,2.988,-70.305,52.378,0.622,-0.148,0.671
21.589,-37.134,-227.378,1.098,-5.892,-0.359,0.71
21.599,31.159,-180.0,-25.793,-0.218,-0.51,1.106
21.609,35.122,-195.244,-23.963,0.563,0.826,-1.713
21.63,30.61,-122.622,-19.207,0.105,-0.041,2.494
21.64,36.341,-132.622,-29.939,0.094,0.301,0.878
21.659,24.268,-116.037,-21.829,0.391,-0.373,1.957
21.68,9.329,-94.268,-15.915,0.212,-0.372,1.417
21.69,3.902,-78.415,-13.963,0.273,-0.334,1.555
21.7,-1.646,-66.098,-12.988,0.239,-0.239,1.45
21.74,10.915,-59.024,-6.402,0.092,-0.338,0.929
21.75,12.439,-58.537,-6.829,0.099,-0.253,0.952
21.76,12.439,-56.951,-7.073,0.111,-0.21,0.978
21.781,15.305,-57.988,-8.354,0.105,-0.175,0.906
21.8,22.073,-66.28,-8.963,0.102,-0.203,0.85
21.81,24.817,-66.585,-7.561,0.165,-0.2,0.944
21.82,24.329,-65.427,-5.61,0.186,-0.199,0.966
21.841,49.939,-50.427,-0.366,0.342,-0.28,1.316
21.86,43.598,-36.463,3.171,0.162,-0.19,0.934
21.87,37.744,-27.805,3.72,0.285,-0.176,1.162
21.88,29.207,-22.378,3.598,0.268,-0.109,1.123
21.901,23.963,-20.854,2.012,0.229,-0.148,1.046
21.911,21.22,-19.695,2.073,0.239,-0.123,1.055
21.93,16.098,-9.695,1.829,0.292,-0.128,1.126
21.951,13.476,-9.39,1.463,0.223,-0.149,0.964
21.961,11.951,-9.39,1.524,0.227,-0.122,0.979
21.971,10.732,-8.354,2.195,0.244,-0.128,0.997
22.011,9.817,-6.22,2.256,0.231,-0.137,0.969
22.021,9.024,-6.524,1.829,0.234,-0.132,0.964
22.031,8.293,-6.463,1.402,0.228,-0.128,0.951
22.052,6.524,-5.671,1.585,0.238,-0.114,0.958
22.071,4.939,-5.0,0.854,0.241,-0.129,0.963
22.081,4.207,-4.695,0.671,0.244,-0.124,0.962
22.091,3.598,-4.39,0.549,0.248,-0.12,0.964
22.112,2.622,-3.232,0.671,0.248,-0.114,0.962
22.131,2.012,-2.378,0.976,0.244,-0.116,0.955
22.141,1.951,-2.256,0.976,0.246,-0.118,0.955
22.151,1.707,-1.707,0.915,0.245,-0.115,0.956
22.172,1.098,-0.122,1.098,0.25,-0.117,0.961
22.182,0.976,0.061,0.793,0.243,-0.121,0.949
22.201,0.671,-0.122,0.488,0.244,-0.118,0.951
22.222,0.0,1.646,0.793,0.25,-0.112,0.959
22.232,-0.305,2.378,0.793,0.252,-0.114,0.96
22.242,-0.61,2.683,0.793,0.25,-0.117,0.956
22.282,-0.915,3.232,0.305,0.244,-0.117,0.954
22.292,-0.854,3.293,0.366,0.244,-0.117,0.956
22.302,-0.915,3.293,0.183,0.242,-0.119,0.951
22.323,-0.976,2.866,0.0,0.239,-0.12,0.948
22.342,-1.22,3.171,-0.183,0.243,-0.115,0.953
22.352,-1.646,3.11,-0.244,0.24,-0.118,0.954
22.362,-2.256,3.598,-0.366,0.241,-0.117,0.958
22.383,-4.024,4.817,-0.732,0.243,-0.117,0.955
22.393,-5.122,5.549,-0.976,0.241,-0.116,0.956
22.412,-4.939,4.878,-0.61,0.233,-0.122,0.948
22.422,-4.451,4.512,-0.732,0.232,-0.13,0.948
22.443,-4.268,3.415,-1.646,0.226,-0.134,0.938
22.453,-3.963,2.744,-1.951,0.226,-0.133,0.936
22.472,-3.72,1.524,-2.317,0.228,-0.135,0.941
22.493,-3.476,0.427,-2.805,0.23,-0.13,0.948
22.503,-3.537,-0.061,-2.805,0.229,-0.128,0.948
22.513,-3.537,-0.427,-2.622,0.234,-0.126,0.955
22.534,-3.232,-0.671,-2.134,0.236,-0.128,0.957
22.553,-2.805,-0.305,-1.463,0.242,-0.127,0.959
22.563,-2.805,0.122,-1.098,0.241,-0.125,0.96
22.573,-2.561,0.488,-0.793,0.24,-0.126,0.957
22.594,-2.683,0.793,-0.61,0.239,-0.129,0.958
22.613,-2.988,0.854,-0.183,0.238,-0.13,0.955
22.623,-3.11,0.793,-0.061,0.238,-0.13,0.955
22.633,-3.171,0.671,-0.122,0.234,-0.135,0.945
22.654,-3.232,0.549,0.122,0.234,-0.132,0.952
22.664,-3.11,0.488,0.305,0.236,-0.135,0.949
22.683,-2.927,0.427,0.183,0.237,-0.137,0.948
22.693,-2.988,0.427,0.183,0.233,-0.138,0.946
22.714,-2.683,0.427,0.122,0.236,-0.137,0.95
22.724,-2.744,0.671,0.244,0.238,-0.137,0.952
22.743,-2.256,0.915,0.366,0.232,-0.138,0.938
22.753,-1.89,0.793,0.183,0.229,-0.141,0.933
22.774,-2.134,1.22,0.244,0.236,-0.136,0.949
22.784,-2.073,1.585,0.366,0.238,-0.137,0.953
22.824,-1.037,1.768,0.671,0.234,-0.142,0.945
22.834,-0.61,1.463,0.549,0.231,-0.146,0.94
22.844,-0.183,1.037,0.366,0.229,-0.15,0.94
22.865,0.61,0.366,0.0,0.228,-0.148,0.939
22.884,0.61,-0.183,-0.305,0.232,-0.144,0.946
22.894,0.793,-0.305,-0.366,0.231,-0.146,0.947
22.904,0.732,-0.305,-0.488,0.234,-0.142,0.952
22.925,0.854,-0.061,-0.61,0.235,-0.142,0.95
22.944,0.793,0.0,-0.61,0.237,-0.139,0.952
22.954,0.732,0.305,-0.427,0.239,-0.136,0.955
22.964,0.549,0.61,-0.183,0.242,-0.138,0.954
22.985,0.305,1.098,0.061,0.237,-0.14,0.957
22.995,0.0,1.098,0.244,0.238,-0.137,0.955
23.014,-0.244,1.22,0.305,0.239,-0.139,0.957
23.024,-0.305,1.159,0.305,0.236,-0.14,0.954
23.045,-0.732,1.341,0.244,0.24,-0.14,0.952
23.055,-0.732,1.341,0.305,0.239,-0.138,0.951
23.095,-0.671,1.341,0.183,0.234,-0.141,0.947
23.105,-0.732,1.159,0.122,0.231,-0.141,0.946
23.115,-0.61,1.098,0.061,0.233,-0.143,0.948
23.136,-0.366,0.854,0.122,0.235,-0.143,0.949
23.155,-0.305,0.793,0.061,0.235,-0.143,0.95
23.165,-0.305,0.854,0.183,0.236,-0.14,0.951
23.175,-0.183,0.854,0.122,0.235,-0.14,0.954
23.196,-0.305,0.915,0.305,0.237,-0.141,0.952
23.215,-0.061,0.915,0.244,0.233,-0.144,0.949
23.225,-0.061,0.915,0.244,0.235,-0.142,0.949
23.235,-0.061,0.915,0.244,0.236,-0.141,0.949
23.256,-0.244,0.854,0.244,0.235,-0.141,0.954
23.266,-0.183,0.915,0.305,0.235,-0.14,0.948
23.285,-0.183,0.915,0.244,0.233,-0.141,0.948
23.295,-0.061,0.915,0.305,0.235,-0.143,0.951
23.316,-0.183,0.976,0.183,0.234,-0.141,0.948
23.326,-0.183,0.915,0.122,0.234,-0.141,0.947
23.366,-0.366,0.976,0.183,0.237,-0.141,0.951
23.376,-0.305,0.915,0.122,0.238,-0.143,0.951
23.386,-0.305,0.854,0.122,0.234,-0.144,0.947
23.407,-0.183,0.915,0.122,0.234,-0.141,0.949
23.426,-0.122,0.915,0.122,0.235,-0.142,0.948
23.436,-0.183,0.793,0.122,0.234,-0.143,0.948
23.446,-0.122,0.915,0.061,0.233,-0.142,0.946
23.467,0.061,0.793,0.0,0.232,-0.143,0.944
23.486,0.061,0.854,0.0,0.236,-0.141,0.95
23.496,0.0,0.915,0.122,0.237,-0.143,0.952
23.506,0.0,0.854,0.122,0.233,-0.141,0.951
23.527,0.0,0.976,0.061,0.236,-0.141,0.951
23.537,0.0,0.854,0.122,0.237,-0.142,0.95
23.547,-0.061,0.854,0.122,0.234,-0.142,0.948
23.566,-0.122,0.976,0.122,0.235,-0.142,0.949
23.587,0.0,0.976,0.061,0.237,-0.143,0.946
23.597,-0.061,0.793,-0.061,0.234,-0.144,0.946
23.637,0.061,0.976,0.183,0.234,-0.141,0.947
23.647,0.0,0.915,0.122,0.235,-0.142,0.945
23.657,0.0,0.854,0.122,0.233,-0.143,0.951
23.678,0.0,0.854,0.122,0.235,-0.141,0.95
23.697,-0.122,0.915,0.122,0.234,-0.137,0.951
23.707,-0.122,0.854,0.183,0.233,-0.139,0.948
23.717,-0.061,0.854,0.244,0.236,-0.142,0.948
23.738,0.0,0.976,0.061,0.231,-0.143,0.947
23.757,0.244,0.854,0.061,0.232,-0.142,0.951
23.767,0.122,0.915,0.0,0.234,-0.139,0.952
23.777,0.061,0.854,0.061,0.235,-0.139,0.951
23.798,0.122,0.793,0.061,0.234,-0.142,0.949
23.808,0.122,0.793,0.061,0.234,-0.143,0.946
23.827,0.183,0.732,0.061,0.239,-0.141,0.95
23.837,0.183,0.732,0.0,0.235,-0.142,0.951
23.858,0.122,0.793,0.061,0.237,-0.139,0.951
23.868,0.061,0.671,0.061,0.234,-0.141,0.949
23.878,0.061,0.732,0.122,0.231,-0.14,0.95
23.908,0.183,0.732,0.0,0.234,-0.143,0.95
23.918,0.183,0.793,0.061,0.236,-0.14,0.952
23.928,0.061,0.732,0.0,0.238,-0.139,0.952
23.949,0.061,0.854,0.0,0.236,-0.14,0.949
23.968,-0.122,0.793,0.183,0.234,-0.14,0.949
23.978,-0.122,0.793,0.122,0.233,-0.139,0.953
23.988,-0.183,0.854,0.061,0.237,-0.141,0.952
24.009,-0.061,0.793,0.122,0.233,-0.141,0.951
24.019,-0.122,0.854,0.122,0.234,-0.14,0.951
24.028,-0.061,0.854,0.183,0.232,-0.141,0.951
24.038,-0.183,0.793,0.122,0.235,-0.14,0.95
24.048,-0.183,0.793,0.061,0.235,-0.14,0.949
24.069,-0.122,0.793,0.061,0.233,-0.138,0.954
24.079,-0.183,0.854,0.183,0.237,-0.14,0.951
24.098,-0.244,0.793,0.183,0.233,-0.141,0.952
24.108,-0.183,0.793,0.183,0.236,-0.14,0.95
24.129,-0.244,0.793,0.244,0.234,-0.142,0.949
24.139,-0.366,0.854,0.183,0.235,-0.14,0.952
24.149,-0.427,0.793,0.183,0.234,-0.14,0.952
24.179,-0.427,0.854,0.305,0.236,-0.14,0.951
24.189,-0.671,0.915,0.366,0.236,-0.14,0.95
24.199,-0.61,0.976,0.366,0.234,-0.141,0.949
24.22,-0.427,1.098,0.305,0.235,-0.142,0.95
24.239,-0.366,1.037,0.183,0.232,-0.14,0.947
24.249,-0.244,0.976,0.122,0.231,-0.141,0.95
24.259,-0.305,0.915,0.183,0.235,-0.141,0.95
24.28,-0.244,0.854,0.183,0.233,-0.141,0.951
24.29,-0.305,0.854,0.183,0.233,-0.142,0.948
24.299,-0.244,0.915,0.122,0.236,-0.143,0.949
24.309,-0.305,0.854,0.061,0.236,-0.143,0.952
24.319,-0.305,0.915,0.183,0.234,-0.141,0.953
24.34,-0.244,0.732,0.122,0.234,-0.143,0.948
24.35,-0.183,0.793,0.122,0.236,-0.142,0.951
24.369,-0.183,0.915,0.061,0.233,-0.145,0.947
24.379,-0.122,0.854,0.122,0.232,-0.142,0.947
24.4,-0.122,0.793,0.122,0.234,-0.143,0.95
24.41,0.0,0.793,0.061,0.233,-0.142,0.95
24.42,-0.122,0.793,0.061,0.236,-0.143,0.95
24.45,-0.122,0.854,0.122,0.236,-0.143,0.949
24.46,-0.244,0.793,0.061,0.235,-0.143,0.951
24.47,-0.244,0.732,0.061,0.234,-0.14,0.952
24.491,-0.183,0.732,0.061,0.234,-0.142,0.95
24.51,-0.061,0.915,0.122,0.236,-0.142,0.95
24.52,-0.061,0.854,0.244,0.234,-0.14,0.948
24.53,-0.061,0.732,0.061,0.235,-0.142,0.949
24.551,0.0,0.854,0.122,0.237,-0.141,0.951
24.561,0.061,0.915,0.122,0.237,-0.144,0.949
24.57,0.0,0.854,0.122,0.233,-0.142,0.947
24.58,0.0,0.854,0.122,0.234,-0.142,0.95
24.59,0.0,0.915,0.122,0.234,-0.14,0.949
24.611,-0.061,0.854,0.122,0.236,-0.141,0.951
24.621,0.0,0.915,0.183,0.233,-0.143,0.952
24.64,-0.244,0.915,0.183,0.234,-0.141,0.949
24.65,-0.244,0.976,0.183,0.235,-0.14,0.951
24.671,-0.305,0.976,0.244,0.236,-0.139,0.952
24.681,-0.488,1.037,0.244,0.235,-0.141,0.949
24.691,-0.305,1.037,0.183,0.236,-0.143,0.948
24.721,-0.305,0.915,0.183,0.237,-0.141,0.95
24.731,-0.427,0.854,0.183,0.233,-0.143,0.95
24.741,-0.427,0.854,0.244,0.235,-0.142,0.948
24.762,-0.305,0.915,0.183,0.234,-0.143,0.948
24.781,-0.244,0.915,0.122,0.235,-0.144,0.948
24.791,-0.305,0.976,0.122,0.236,-0.143,0.949
24.801,-0.427,0.854,0.183,0.236,-0.142,0.95
24.822,-0.305,0.854,0.183,0.235,-0.142,0.949
24.841,-0.366,0.976,0.122,0.234,-0.143,0.949
24.851,-0.305,0.915,0.122,0.236,-0.14,0.947
24.861,-0.244,0.854,0.122,0.234,-0.142,0.95
24.882,-0.244,0.915,0.244,0.235,-0.144,0.947
24.892,-0.183,0.915,0.244,0.236,-0.143,0.948
24.911,-0.305,0.854,0.244,0.231,-0.142,0.951
24.921,-0.366,0.915,0.244,0.235,-0.143,0.95
24.942,-0.427,0.854,0.183,0.234,-0.144,0.951
24.952,-0.549,0.793,0.183,0.233,-0.143,0.951
24.962,-0.427,0.732,0.305,0.233,-0.141,0.949
24.992,-0.427,0.854,0.183,0.234,-0.143,0.951
25.002,-0.366,0.915,0.061,0.235,-0.143,0.95
25.012,-0.305,0.915,0.183,0.235,-0.145,0.948
25.033,-0.244,0.915,0.061,0.235,-0.145,0.949
25.052,-0.305,0.854,0.183,0.235,-0.144,0.95
25.062,-0.183,0.854,0.183,0.233,-0.145,0.948
25.072,-0.122,0.854,0.122,0.232,-0.145,0.949
25.093,-0.061,0.793,0.0,0.233,-0.145,0.947
