X,Y,Z
0.0,0.0,0.0
0.0,0.0,0.0
0.0,0.0,0.0
0.0,0.0,0.0
0.0,0.0,0.0
0.0,0.0,0.0
0.0,0.0,0.0
0.0,0.0,0.0
0.0,0.0,0.0
0.0,0.0,0.0
0.0,0.0,0.0
0.0,0.0,0.0
0.0,0.0,0.0
0.0,0.0,0.0
0.0,0.0,0.0
0.0,0.0,0.0
0.0,0.0,0.0
0.0,0.0,0.0
0.0,0.0,0.0
0.0,0.0,0.0
0.0,0.0,0.0
0.0,0.0,0.0
0.0,0.0,0.0
0.0,0.0,0.0
0.0,0.0,0.0
0.0,0.0,0.0
0.0,0.0,0.0
0.0,0.0,0.0
0.0,0.0,0.0
0.0,0.0,0.0
0.0,0.0,0.0
0.0,0.0,0.0
0.0,0.0,0.0
0.0,0.0,0.0
0.0,0.0,0.0
0.0,0.0,0.0
0.0,0.0,0.0
0.0,0.0,0.0
0.0,0.0,0.0
0.0,0.0,0.0
0.0,0.0,0.0
0.0,0.0,0.0
0.0,0.0,0.0
0.0,0.0,0.0
0.0,0.0,0.0
0.0,0.0,0.0
0.0,0.0,0.0
0.0,0.0,0.0
0.0,0.0,0.0
0.0,0.0,0.0
0.0,0.0,0.0
0.0,0.0,0.0
0.0,0.0,0.0
0.0,0.0,0.0
0.0,0.0,0.0
0.0,0.0,0.0
0.0,0.0,0.0
0.0,0.0,0.0
0.0,0.0,0.0
0.0,0.0,0.0
0.0,0.0,0.0
0.0,0.0,0.0
0.0,0.0,0.0
0.0,0.0,0.0
0.0,0.0,0.0
0.0,0.0,0.0
0.0,0.0,0.0
0.0,0.0,0.0
0.0,0.0,0.0
0.0,0.0,0.0
0.0,0.0,0.0
0.0,0.0,0.0
0.0,0.0,0.0
0.0,0.0,0.0
0.0,0.0,0.0
0.0,0.0,0.0
0.0,0.0,0.0
0.0,0.0,0.0
0.0,0.0,0.0
0.0,0.0,0.0
0.0,0.0,0.0
0.0,0.0,0.0
0.0,0.0,0.0
0.0,0.0,0.0
0.0,0.0,0.0
0.0,0.0,0.0
0.0,0.0,0.0
0.0,0.0,0.0
0.0,0.0,0.0
0.0,0.0,0.0
0.0,0.0,0.0
0.0,0.0,0.0
0.0,0.0,0.0
0.0,0.0,0.0
0.0,0.0,0.0
0.0,0.0,0.0
0.0,0.0,0.0
0.0,0.0,0.0
0.0,0.0,0.0
0.0,0.0,0.0
0.0,0.0,0.0
0.0,0.0,0.0
0.0,0.0,0.0
0.0,0.0,0.0
0.0,0.0,0.0
0.0,0.0,0.0
0.0,0.0,0.0
0.0,0.0,0.0
0.0,0.0,0.0
0.0,0.0,0.0
0.0,0.0,0.0
0.0,0.0,0.0
0.0,0.0,0.0
0.0,0.0,0.0
0.0,0.0,0.0
0.0,0.0,0.0
0.0,0.0,0.0
0.0,0.0,0.0
0.0,0.0,0.0
0.0,0.0,0.0
0.0,0.0,0.0
0.0,0.0,0.0
0.0,0.0,0.0
0.0,0.0,0.0
0.0,0.0,0.0
0.0,0.0,0.0
0.0,0.0,0.0
0.0,0.0,0.0
0.0,0.0,0.0
0.0,0.0,0.0
0.0,0.0,0.0
0.0,0.0,0.0
0.0,0.0,0.0
0.0,0.0,0.0
0.0,0.0,0.0
0.0,0.0,0.0
0.0,0.0,0.0
0.0,0.0,0.0
0.0,0.0,0.0
0.0,0.0,0.0
0.0,0.0,0.0
0.0,0.0,0.0
0.0,0.0,0.0
0.0,0.0,0.0
0.0,0.0,0.0
0.0,0.0,0.0
0.0,0.0,0.0
0.0,0.0,0.0
0.0,0.0,0.0
0.0,0.0,0.0
0.0,0.0,0.0
0.0,0.0,0.0
0.0,0.0,0.0
0.0,0.0,0.0
0.0,0.0,0.0
0.0,0.0,0.0
0.0,0.0,0.0
0.0,0.0,0.0
0.0,0.0,0.0
0.0,0.0,0.0
0.0,0.0,0.0
0.0,0.0,0.0
0.0,0.0,0.0
0.0,0.0,0.0
0.0,0.0,0.0
0.0,0.0,0.0
0.0,0.0,0.0
0.0,0.0,0.0
0.0,0.0,0.0
0.0,0.0,0.0
0.0,0.0,0.0
0.0,0.0,0.0
0.0,0.0,0.0
0.0,0.0,0.0
0.0,0.0,0.0
0.0,0.0,0.0
0.0,0.0,0.0
0.0,0.0,0.0
0.0,0.0,0.0
0.0,0.0,0.0
0.0,0.0,0.0
0.0,0.0,0.0
0.0,0.0,0.0
0.0,0.0,0.0
0.0,0.0,0.0
0.0,0.0,0.0
0.0,0.0,0.0
0.0,0.0,0.0
0.0,0.0,0.0
0.0,0.0,0.0
0.0,0.0,0.0
0.0,0.0,0.0
0.0,0.0,0.0
0.0,0.0,0.0
0.0,0.0,0.0
0.0,0.0,0.0
0.0,0.0,0.0
0.0,0.0,0.0
0.0,0.0,0.0
0.0,0.0,0.0
0.0,0.0,0.0
0.0,0.0,0.0
0.0,0.0,0.0
0.0,0.0,0.0
0.0,0.0,0.0
0.0,0.0,0.0
0.0,0.0,0.0
0.0,0.0,0.0
0.0,0.0,0.0
0.0,0.0,0.0
0.0,0.0,0.0
0.0,0.0,0.0
0.0,0.0,0.0
0.0,0.0,0.0
0.0,0.0,0.0
0.0,0.0,0.0
0.0,0.0,0.0
0.0,0.0,0.0
0.0,0.0,0.0
0.0,0.0,0.0
0.0,0.0,0.0
0.0,0.0,0.0
0.0,0.0,0.0
0.0,0.0,0.0
0.0,0.0,0.0
0.0,0.0,0.0
0.0,0.0,0.0
0.0,0.0,0.0
0.0,0.0,0.0
0.0,0.0,0.0
0.0,0.0,0.0
0.0,0.0,0.0
0.0,0.0,0.0
0.0,0.0,0.0
0.0,0.0,0.0
0.0,0.0,0.0
0.0,0.0,0.0
0.0,0.0,0.0
0.0,0.0,0.0
0.0,0.0,0.0
0.0,0.0,0.0
0.0,0.0,0.0
0.0,0.0,0.0
0.0,0.0,0.0
0.0,0.0,0.0
0.0,0.0,0.0
0.0,0.0,0.0
0.0,0.0,0.0
0.0,0.0,0.0
0.0,0.0,0.0
0.0,0.0,0.0
0.0,0.0,0.0
0.0,0.0,0.0
0.0,0.0,0.0
0.0,0.0,0.0
0.0,0.0,0.0
0.0,0.0,0.0
0.0,0.0,0.0
0.0,0.0,0.0
0.0,0.0,0.0
0.0,0.0,0.0
0.0,0.0,0.0
0.0,0.0,0.0
0.0,0.0,0.0
0.0,0.0,0.0
0.0,0.0,0.0
0.0,0.0,0.0
0.0,0.0,0.0
0.0,0.0,0.0
0.0,0.0,0.0
0.0,0.0,0.0
0.0,0.0,0.0
0.0,0.0,0.0
0.0,0.0,0.0
0.0,0.0,0.0
0.0,0.0,0.0
0.0,0.0,0.0
0.0,0.0,0.0
0.0,0.0,0.0
0.0,0.0,0.0
0.0,0.0,0.0
0.0,0.0,0.0
0.0,0.0,0.0
0.0,0.0,0.0
0.0,0.0,0.0
0.0,0.0,0.0
0.0,0.0,0.0
0.0,0.0,0.0
0.0,0.0,0.0
0.0,0.0,0.0
0.0,0.0,0.0
0.0,0.0,0.0
0.0,0.0,0.0
0.0,0.0,0.0
0.0,0.0,0.0
0.0,0.0,0.0
0.0,0.0,0.0
0.0,0.0,0.0
0.0,0.0,0.0
0.0,0.0,0.0
0.0,0.0,0.0
0.0,0.0,0.0
0.0,0.0,0.0
0.0,0.0,0.0
0.0,0.0,0.0
0.0,0.0,0.0
0.0,0.0,0.0
0.0,0.0,0.0
0.0,0.0,0.0
0.0,0.0,0.0
0.0,0.0,0.0
0.0,0.0,0.0
0.0,0.0,0.0
0.0,0.0,0.0
0.0,0.0,0.0
0.0,0.0,0.0
0.0,0.0,0.0
0.0,0.0,0.0
0.0,0.0,0.0
0.0,0.0,0.0
0.0,0.0,0.0
0.0,0.0,0.0
0.0,0.0,0.0
0.0,0.0,0.0
0.0,0.0,0.0
0.0,0.0,0.0
0.0,0.0,0.0
0.0,0.0,0.0
0.0,0.0,0.0
0.0,0.0,0.0
0.0,0.0,0.0
0.0,0.0,0.0
0.0,0.0,0.0
0.0,0.0,0.0
0.0,0.0,0.0
0.0,0.0,0.0
0.0,0.0,0.0
0.0,0.0,0.0
0.0,0.0,0.0
0.0,0.0,0.0
0.0,0.0,0.0
0.0,0.0,0.0
0.0,0.0,0.0
0.0,0.0,0.0
0.0,0.0,0.0
0.0,0.0,0.0
0.0,0.0,0.0
0.0,0.0,0.0
0.0,0.0,0.0
0.0,0.0,0.0
0.0,0.0,0.0
0.0,0.0,0.0
0.0,0.0,0.0
0.0,0.0,0.0
0.0,0.0,0.0
0.0,0.0,0.0
0.0,0.0,0.0
0.0,0.0,0.0
0.0,0.0,0.0
0.0,0.0,0.0
0.0,0.0,0.0
0.0,0.0,0.0
0.0,0.0,0.0
0.0,0.0,0.0
0.0,0.0,0.0
0.0,0.0,0.0
0.0,0.0,0.0
0.0,0.0,0.0
0.0,0.0,0.0
0.0,0.0,0.0
0.0,0.0,0.0
0.0,0.0,0.0
0.0,0.0,0.0
0.0,0.0,0.0
0.0,0.0,0.0
0.0,0.0,0.0
0.0,0.0,0.0
0.0,0.0,0.0
0.0,0.0,0.0
0.0,0.0,0.0
0.0,0.0,0.0
0.0,0.0,0.0
0.0,0.0,0.0
0.0,0.0,0.0
0.0,0.0,0.0
0.0,0.0,0.0
0.0,0.0,0.0
0.0,0.0,0.0
0.0,0.0,0.0
0.0,0.0,0.0
0.0,0.0,0.0
0.0,0.0,0.0
0.0,0.0,0.0
0.0,0.0,0.0
0.0,0.0,0.0
0.0,0.0,0.0
0.0,0.0,0.0
0.0,0.0,0.0
0.0,0.0,0.0
0.0,0.0,0.0
0.0,0.0,0.0
0.0,0.0,0.0
0.0,0.0,0.0
0.0,0.0,0.0
0.0,0.0,0.0
0.0,0.0,0.0
0.0,0.0,0.0
0.0,0.0,0.0
0.0,0.0,0.0
0.0,0.0,0.0
0.0,0.0,0.0
0.0,0.0,0.0
0.0,0.0,0.0
0.0,0.0,0.0
0.0,0.0,0.0
0.0,0.0,0.0
0.0,0.0,0.0
0.0,0.0,0.0
0.0,0.0,0.0
0.0,0.0,0.0
0.0,0.0,0.0
0.0,0.0,0.0
0.0,0.0,0.0
0.0,0.0,0.0
0.0,0.0,0.0
0.0,0.0,0.0
0.0,0.0,0.0
0.0,0.0,0.0
0.0,0.0,0.0
0.0,0.0,0.0
0.0,0.0,0.0
0.0,0.0,0.0
0.0,0.0,0.0
0.0,0.0,0.0
0.0,0.0,0.0
0.0,0.0,0.0
0.0,0.0,0.0
0.0,0.0,0.0
0.0,0.0,0.0
0.0,0.0,0.0
0.0,0.0,0.0
0.0,0.0,0.0
0.0,0.0,0.0
0.0,0.0,0.0
0.0,0.0,0.0
0.0,0.0,0.0
0.0,0.0,0.0
0.0,0.0,0.0
0.0,0.0,0.0
0.0,0.0,0.0
0.0,0.0,0.0
0.0,0.0,0.0
0.0,0.0,0.0
0.0,0.0,0.0
0.0,0.0,0.0
0.0,0.0,0.0
0.0,0.0,0.0
0.0,0.0,0.0
0.0,0.0,0.0
0.0,0.0,0.0
0.0,0.0,0.0
0.0,0.0,0.0
0.0,0.0,0.0
0.0,0.0,0.0
0.0,0.0,0.0
0.0,0.0,0.0
0.0,0.0,0.0
0.0,0.0,0.0
0.0,0.0,0.0
0.0,0.0,0.0
0.0,0.0,0.0
0.0,0.0,0.0
0.0,0.0,0.0
0.0,0.0,0.0
0.0,0.0,0.0
0.0,0.0,0.0
0.0,0.0,0.0
0.0,0.0,0.0
0.0,0.0,0.0
0.0,0.0,0.0
0.0,0.0,0.0
0.0,0.0,0.0
0.0,0.0,0.0
0.0,0.0,0.0
0.0,0.0,0.0
0.0,0.0,0.0
0.0,0.0,0.0
0.0,0.0,0.0
0.0,0.0,0.0
0.0,0.0,0.0
0.0,0.0,0.0
0.0,0.0,0.0
0.0,0.0,0.0
0.0,0.0,0.0
0.0,0.0,0.0
0.0,0.0,0.0
0.0,0.0,0.0
0.0,0.0,0.0
0.0,0.0,0.0
0.0,0.0,0.0
0.0,0.0,0.0
0.0,0.0,0.0
0.0,0.0,0.0
0.0,0.0,0.0
0.0,0.0,0.0
0.0,0.0,0.0
0.0,0.0,0.0
0.0,0.0,0.0
0.0,0.0,0.0
0.0,0.0,0.0
0.0,0.0,0.0
0.0,0.0,0.0
0.0,0.0,0.0
0.0,0.0,0.0
0.0,0.0,0.0
0.0,0.0,0.0
0.0,0.0,0.0
0.0,0.0,0.0
0.0,0.0,0.0
0.0,0.0,0.0
0.0,0.0,0.0
0.0,0.0,0.0
0.0,0.0,0.0
0.0,0.0,0.0
0.0,0.0,0.0
0.0,0.0,0.0
0.0,0.0,0.0
0.0,0.0,0.0
0.0,0.0,0.0
0.0,0.0,0.0
0.0,0.0,0.0
0.0,0.0,0.0
0.0,0.0,0.0
0.0,0.0,0.0
0.0,0.0,0.0
0.0,0.0,0.0
0.0,0.0,0.0
0.0,0.0,0.0
0.0,0.0,0.0
0.0,0.0,0.0
0.0,0.0,0.0
0.0,0.0,0.0
0.0,0.0,0.0
0.0,0.0,0.0
0.0,0.0,0.0
0.0,0.0,0.0
0.0,0.0,0.0
0.0,0.0,0.0
0.0,0.0,0.0
0.0,0.0,0.0
0.0,0.0,0.0
0.0,0.0,0.0
0.0,0.0,0.0
0.0,0.0,0.0
0.0,0.0,0.0
0.0,0.0,0.0
0.0,0.0,0.0
0.0,0.0,0.0
0.0,0.0,0.0
0.0,0.0,0.0
0.0,0.0,0.0
0.0,0.0,0.0
0.0,0.0,0.0
0.0,0.0,0.0
0.0,0.0,0.0
0.0,0.0,0.0
0.0,0.0,0.0
0.0,0.0,0.0
0.0,0.0,0.0
0.0,0.0,0.0
0.0,0.0,0.0
0.0,0.0,0.0
0.0,0.0,0.0
0.0,0.0,0.0
0.0,0.0,0.0
0.0,0.0,0.0
0.0,0.0,0.0
0.0,0.0,0.0
0.0,0.0,0.0
0.0,0.0,0.0
0.0,0.0,0.0
0.0,0.0,0.0
0.0,0.0,0.0
0.0,0.0,0.0
0.0,0.0,0.0
0.0,0.0,0.0
0.0,0.0,0.0
0.0,0.0,0.0
0.0,0.0,0.0
0.0,0.0,0.0
0.0,0.0,0.0
0.0,0.0,0.0
0.0,0.0,0.0
0.0,0.0,0.0
0.0,0.0,0.0
0.0,0.0,0.0
0.0,0.0,0.0
0.0,0.0,0.0
0.0,0.0,0.0
0.0,0.0,0.0
0.0,0.0,0.0
0.0,0.0,0.0
0.0,0.0,0.0
0.0,0.0,0.0
0.0,0.0,0.0
0.0,0.0,0.0
0.0,0.0,0.0
0.0,0.0,0.0
0.0,0.0,0.0
0.0,0.0,0.0
0.0,0.0,0.0
0.0,0.0,0.0
0.0,0.0,0.0
0.0,0.0,0.0
0.0,0.0,0.0
0.0,0.0,0.0
0.0,0.0,0.0
0.0,0.0,0.0
0.0,0.0,0.0
0.0,0.0,0.0
0.0,0.0,0.0
0.0,0.0,0.0
0.0,0.0,0.0
0.0,0.0,0.0
0.0,0.0,0.0
0.0007711586935919,8.093223940682388e-05,0.0
0.0016032773161025,0.0001542389230429,0.0
0.0028680081441169,0.0002568367770659,0.0
0.0045120605941291,0.0004269497856878,0.0
0.0062807891722063,0.0006536955047653,0.0
0.0085038048934258,0.0010018945010098,0.0
0.0102113331046891,0.001289532480073,0.0
0.0127651058917373,0.0019808602708183,0.0
0.0150629752419595,0.002762605009079,0.0
0.0168045984904654,0.0034100519227268,0.0
0.0187751314658041,0.0041228280336723,0.0
0.0204151747333812,0.0046622592898126,0.0
0.0226903102914593,0.0047804759820283,0.0
0.0230220043961408,0.0045522431234117,0.0
0.0226686367962653,0.0040277333461971,0.0
0.0217303743381613,0.003129332918381,0.0
0.0205130706045831,0.0021771597435504,0.0
0.0193364828871572,0.0015221645154537,0.0
0.017821154182671,0.0010007052426656,0.0
0.0167462631531007,0.0007281199142407,0.0
0.0149930817465536,0.0004138041696893,0.0
0.013377506225493,0.000203552442297,0.0
0.011937403300125,1.3687974446844204e-05,0.0
0.0106351769587358,-0.0002149810333929,0.0
0.0098661065365755,-0.0003934815077416,0.0
0.0092239941952943,-0.0005649402318294,0.0
0.0088861518629104,-0.0006591857706555,0.0
0.0087730902203332,-0.000691080929813,0.0
0.0087730902203332,-0.000691080929813,0.0
0.0087730902203332,-0.000691080929813,0.0
0.0087730902203332,-0.000691080929813,0.0
0.0087730902203332,-0.000691080929813,0.0
0.0082306542470766,-0.000749689471286,0.0
0.0075819128636448,-0.0008380829654197,0.0
0.0061176823573862,-0.0011681368432491,0.0
0.0048754257430894,-0.001561422764311,0.0
0.0034570371195633,-0.0020989376468487,0.0
0.0005711557122391,-0.0033024617568482,0.0
-0.001142815768788,-0.0040076138984866,0.0
-0.0043244861508588,-0.005147501352413,0.0
-0.0060717357927676,-0.0056452057519516,0.0
-0.0085698081237143,-0.0060476862261666,0.0
-0.010660413051808,-0.0059290262310657,0.0
-0.0117386653434193,-0.0056763670463508,0.0
-0.0135417123461729,-0.0046095952862298,0.0
-0.0142713623782219,-0.0036684623078906,0.0
-0.0148008379012205,-0.0019370491619341,0.0
-0.0147676545555385,-0.0002843636929838,0.0
-0.0136319743063161,0.0028103762590403,0.0
-0.0122018311594684,0.0051432356836668,0.0
-0.0106609206987182,0.0069073991369939,0.0
-0.0076176445062066,0.0093378375918181,0.0
-0.0051738420795984,0.0107375245207719,0.0
8.383167406082704e-05,0.0126599230354282,0.0
0.003409265720171,0.0133794160275823,0.0
0.0077771171496128,0.0139612086176398,0.0
0.012905471256514,0.0144076914603135,0.0
0.0171078923008842,0.0146812037201622,0.0
0.0252480886666745,0.0151372995697509,0.0
0.0320442156085,0.0155411276248469,0.0
0.0375450650115512,0.0158766992282614,0.0
0.0446278625933346,0.0162999113580041,0.0
0.0502350409101133,0.0166214149464021,0.0
0.0574787300733729,0.017063575842456,0.0
0.0643158044790404,0.0175258256404869,0.0
0.0707267945469897,0.0179474031247058,0.0
0.0760801475593815,0.018243206055567,0.0
0.0819445436880274,0.0184499569544442,0.0
0.08938379755895,0.0184455469525916,0.0
0.0989317073395933,0.0178183898471485,0.0
0.1057881388489211,0.017086562248308,0.0
0.1109993568749585,0.0163676906941235,0.0
0.117273430421102,0.0154038930794958,0.0
0.1241782885777539,0.0143709484697895,0.0
0.1320671758471399,0.013394783150134,0.0
0.1388862195480352,0.0128346315470116,0.0
0.1452755110052803,0.0125555530255513,0.0
0.1506572469298519,0.0124157088532331,0.0
0.1577309392383775,0.0121958874028826,0.0
0.1661940837622598,0.0117058601413897,0.0
0.1764060967945348,0.0107915645307925,0.0
0.1833773702923435,0.0099584393292276,0.0
0.1895392400919345,0.0088761721793075,0.0
0.1908581232053468,0.0082711880964554,0.0
0.1918217854631448,0.0074350602570937,0.0
0.1937406350634773,0.0060733399619577,0.0
0.1945813430999114,0.005601670359336,0.0
0.1957536173844155,0.0051445138424984,0.0
0.1966013578366007,0.0048102752321564,0.0
0.1977741191089622,0.0041706063091601,0.0
0.1997984781944878,0.0032718416575472,0.0
0.2006266750744711,0.0032181111110654,0.0
0.2016199756689461,0.0036213056517415,0.0
0.2020733668092205,0.0039733789337768,0.0
0.2023982448973807,0.0042110737087582,0.0
0.2023982448973807,0.0042110737087582,0.0
0.2023982448973807,0.0042110737087582,0.0
0.2023982448973807,0.0042110737087582,0.0
0.2023982448973807,0.0042110737087582,0.0
0.2023906222905827,0.0041418262346574,0.0
0.2023837192100102,0.0039229077067264,0.0
0.2025026187654874,0.0036363656393576,0.0
0.20291738350641,0.0034536647510849,0.0
0.2031752862253367,0.0034019089513692,0.0
0.2034865614348258,0.0033205851376113,0.0
0.2034280746875722,0.0032744955885947,0.0
0.2034832702239845,0.0031946335456047,0.0
0.2034957267296971,0.0031834045800606,0.0
0.2035189190764972,0.0031723691289911,0.0
0.2035189190764972,0.0031723691289911,0.0
0.2035189190764972,0.0031723691289911,0.0
0.2035189190764972,0.0031723691289911,0.0
0.2035189190764972,0.0031723691289911,0.0
0.2035189190764972,0.0031723691289911,0.0
0.2035189190764972,0.0031723691289911,0.0
0.2035189190764972,0.0031723691289911,0.0
0.2035189190764972,0.0031723691289911,0.0
0.2035189190764972,0.0031723691289911,0.0
0.2035189190764972,0.0031723691289911,0.0
0.2035189190764972,0.0031723691289911,0.0
0.2035189190764972,0.0031723691289911,0.0
0.2035189190764972,0.0031723691289911,0.0
0.2035189190764972,0.0031723691289911,0.0
0.2035189190764972,0.0031723691289911,0.0
0.2035189190764972,0.0031723691289911,0.0
0.2035189190764972,0.0031723691289911,0.0
0.2035189190764972,0.0031723691289911,0.0
0.2035189190764972,0.0031723691289911,0.0
0.2035189190764972,0.0031723691289911,0.0
0.2035189190764972,0.0031723691289911,0.0
0.2035189190764972,0.0031723691289911,0.0
0.2035189190764972,0.0031723691289911,0.0
0.2035189190764972,0.0031723691289911,0.0
0.2035189190764972,0.0031723691289911,0.0
0.2035189190764972,0.0031723691289911,0.0
0.2035189190764972,0.0031723691289911,0.0
0.2035189190764972,0.0031723691289911,0.0
0.2035189190764972,0.0031723691289911,0.0
0.2035189190764972,0.0031723691289911,0.0
0.2035189190764972,0.0031723691289911,0.0
0.2035189190764972,0.0031723691289911,0.0
0.2035189190764972,0.0031723691289911,0.0
0.2035189190764972,0.0031723691289911,0.0
0.2035189190764972,0.0031723691289911,0.0
0.2035189190764972,0.0031723691289911,0.0
0.2035189190764972,0.0031723691289911,0.0
0.2035189190764972,0.0031723691289911,0.0
0.2035189190764972,0.0031723691289911,0.0
0.2035189190764972,0.0031723691289911,0.0
0.2035189190764972,0.0031723691289911,0.0
0.2035189190764972,0.0031723691289911,0.0
0.2035189190764972,0.0031723691289911,0.0
0.2035189190764972,0.0031723691289911,0.0
0.2035189190764972,0.0031723691289911,0.0
0.2035189190764972,0.0031723691289911,0.0
0.2035189190764972,0.0031723691289911,0.0
0.2035189190764972,0.0031723691289911,0.0
0.2035189190764972,0.0031723691289911,0.0
0.2035189190764972,0.0031723691289911,0.0
0.2035189190764972,0.0031723691289911,0.0
0.2035189190764972,0.0031723691289911,0.0
0.2035189190764972,0.0031723691289911,0.0
0.2035189190764972,0.0031723691289911,0.0
0.2035189190764972,0.0031723691289911,0.0
0.2035189190764972,0.0031723691289911,0.0
0.2035189190764972,0.0031723691289911,0.0
0.2035189190764972,0.0031723691289911,0.0
0.2035189190764972,0.0031723691289911,0.0
0.2035189190764972,0.0031723691289911,0.0
0.2035189190764972,0.0031723691289911,0.0
0.2035189190764972,0.0031723691289911,0.0
0.2035189190764972,0.0031723691289911,0.0
0.2034953818103472,0.0031502285932372,0.0
0.2033623928551526,0.0030976823281648,0.0
0.2023065783387161,0.0029337200297236,0.0
0.2010756930866817,0.0028708329286025,0.0
0.1986665584090899,0.0029162948988177,0.0
0.1961494563853935,0.0029626776258014,0.0
0.1919303399708784,0.0030177874931686,0.0
0.1837975624353802,0.0031423061786814,0.0
0.1780342875538252,0.0031795215839688,0.0
0.1689530981389156,0.0031406882952774,0.0
0.1611649484740352,0.0029835629622476,0.0
0.1527358745506417,0.0027367066350152,0.0
0.1362990818168507,0.0024131653560473,0.0
0.1191922368850855,0.0020326533955879,0.0
0.0952681390901647,0.001022004946499,0.0
0.0772458004693977,-0.0002345242460721,0.0
0.0481025611675546,-0.002985814540887,0.0
0.0216765021358516,-0.0059607342098981,0.0
-0.0036558130486187,-0.0090763837883951,0.0
-0.0320144499776336,-0.0126796357660185,0.0
-0.0591294216642791,-0.0161653262010898,0.0
-0.0966540638846981,-0.0212233848907295,0.0
-0.1305670237812367,-0.0262354663917147,0.0
-0.1577096557633898,-0.0305412037027697,0.0
-0.1927838329927414,-0.0363587239476884,0.0
-0.2206876303545073,-0.0410157070506114,0.0
-0.2566080351060734,-0.0467932871556212,0.0
-0.2903314899357571,-0.0518388247058754,0.0
-0.3216096112580596,-0.0561817465129689,0.0
-0.3554481917337714,-0.0605237671555163,0.0
-0.3838900972561436,-0.0638149783036298,0.0
-0.4197570208222578,-0.0674772446461873,0.0
-0.4576305019147009,-0.0708196554517106,0.0
-0.4899965899905782,-0.0733682064998903,0.0
-0.5266569873587557,-0.0759090074106489,0.0
-0.5506810764765214,-0.0774366348416857,0.0
-0.58585689541147,-0.0795672017174018,0.0
-0.6153385526025289,-0.0813603092930192,0.0
-0.646060308462773,-0.0833271169486455,0.0
-0.6693066474241793,-0.0849057851218629,0.0
-0.6897413064054986,-0.0863588057545012,0.0
-0.7189390628584326,-0.0885434336080774,0.0
-0.74447341720321,-0.0905043322149829,0.0
-0.7717333775732742,-0.0924439188875942,0.0
-0.7846449973542438,-0.0932506663994773,0.0
-0.8059508217305684,-0.0942808592952556,0.0
-0.821588012960639,-0.0947017670704393,0.0
-0.8350011448819346,-0.0947944781783876,0.0
-0.8559087072979467,-0.0942144948465912,0.0
-0.8692513539177645,-0.093243828705069,0.0
-0.8825177728587628,-0.0918126922916229,0.0
-0.8927982937729624,-0.0903701825133616,0.0
-0.902280213596319,-0.0887233732065155,0.0
-0.9160995455269736,-0.0855471050471554,0.0
-0.9229903574705428,-0.0836312926558384,0.0
-0.931102283822653,-0.0810941418302041,0.0
-0.9377159624705874,-0.0788001076471788,0.0
-0.9426926894170548,-0.0770111994901916,0.0
-0.9515980606647816,-0.0738980114527756,0.0
-0.9552339795930944,-0.0726669853978658,0.0
-0.9598137484645612,-0.0711384806753311,0.0
-0.9616724273604188,-0.0705574484044293,0.0
-0.9650722244170786,-0.0696415131202405,0.0
-0.9673033738999148,-0.0691785615736622,0.0
-0.9685549299559602,-0.0689934801120116,0.0
-0.9695973985643216,-0.0690436240498773,0.0
-0.9693439424820924,-0.0693367011981701,0.0
-0.9680151738053064,-0.0698425452100514,0.0
-0.9668770454679044,-0.0704384083471103,0.0
-0.9708830537360384,-0.0717327386098125,0.0
-0.9764533424627154,-0.0743919191863888,0.0
-0.9791256848228076,-0.0761214242007546,0.0
-0.9839001129844468,-0.0784856855194789,0.0
-0.986527838474394,-0.0795537295418945,0.0
-0.9897442934474828,-0.0808884244707652,0.0
-0.990820020506618,-0.081259451682676,0.0
-0.9915235773506788,-0.0814542113650509,0.0
-0.992051146672556,-0.0813966306458918,0.0
-0.992180456243668,-0.0811091304648886,0.0
-0.9922370606630972,-0.0803582321168703,0.0
-0.9922559052279796,-0.0802030214269607,0.0
-0.992262499393912,-0.0801742275250926,0.0
-0.992258257687328,-0.0801826592729315,0.0
-0.9922503248322238,-0.0802834936136919,0.0
-0.9922922418008217,-0.080753733026986,0.0
-0.992137124087739,-0.0811223349799243,0.0
-0.991887549176929,-0.0814412460727412,0.0
-0.9916846247494944,-0.0816706022215737,0.0
-0.9914332632501764,-0.0817647212165128,0.0
-0.9911007348828956,-0.0816505768953059,0.0
-0.9907663535903868,-0.0814739174305862,0.0
-0.9907430133106216,-0.0813982905913023,0.0
-0.9907363984225566,-0.0814135366520528,0.0
-0.9907344080229264,-0.081424809412946,0.0
-0.9907344080229264,-0.081424809412946,0.0
-0.9907344080229264,-0.081424809412946,0.0
-0.9907344080229264,-0.081424809412946,0.0
-0.9907344080229264,-0.081424809412946,0.0
-0.9907344080229264,-0.081424809412946,0.0
-0.9907344080229264,-0.081424809412946,0.0
-0.9907344080229264,-0.081424809412946,0.0
-0.9907344080229264,-0.081424809412946,0.0
-0.9907344080229264,-0.081424809412946,0.0
-0.9907344080229264,-0.081424809412946,0.0
-0.9907344080229264,-0.081424809412946,0.0
-0.9907344080229264,-0.081424809412946,0.0
-0.9907344080229264,-0.081424809412946,0.0
-0.9907344080229264,-0.081424809412946,0.0
-0.9907344080229264,-0.081424809412946,0.0
-0.9907344080229264,-0.081424809412946,0.0
-0.9907344080229264,-0.081424809412946,0.0
-0.9907344080229264,-0.081424809412946,0.0
-0.9907344080229264,-0.081424809412946,0.0
-0.9907344080229264,-0.081424809412946,0.0
-0.9907344080229264,-0.081424809412946,0.0
-0.9907344080229264,-0.081424809412946,0.0
-0.9907344080229264,-0.081424809412946,0.0
-0.9907344080229264,-0.081424809412946,0.0
-0.9907344080229264,-0.081424809412946,0.0
-0.9907344080229264,-0.081424809412946,0.0
-0.9907344080229264,-0.081424809412946,0.0
-0.9907344080229264,-0.081424809412946,0.0
-0.9907344080229264,-0.081424809412946,0.0
-0.9907344080229264,-0.081424809412946,0.0
-0.9907344080229264,-0.081424809412946,0.0
-0.9907344080229264,-0.081424809412946,0.0
-0.9907344080229264,-0.081424809412946,0.0
-0.9907344080229264,-0.081424809412946,0.0
-0.9907344080229264,-0.081424809412946,0.0
-0.9907344080229264,-0.081424809412946,0.0
-0.9907344080229264,-0.081424809412946,0.0
-0.9907344080229264,-0.081424809412946,0.0
-0.9907344080229264,-0.081424809412946,0.0
-0.9907344080229264,-0.081424809412946,0.0
-0.9907344080229264,-0.081424809412946,0.0
-0.9907344080229264,-0.081424809412946,0.0
-0.9907344080229264,-0.081424809412946,0.0
-0.9907344080229264,-0.081424809412946,0.0
-0.9907344080229264,-0.081424809412946,0.0
-0.9907344080229264,-0.081424809412946,0.0
-0.9907344080229264,-0.081424809412946,0.0
-0.9907344080229264,-0.081424809412946,0.0
-0.9907344080229264,-0.081424809412946,0.0
-0.9907344080229264,-0.081424809412946,0.0
-0.9907344080229264,-0.081424809412946,0.0
-0.9907344080229264,-0.081424809412946,0.0
-0.9907344080229264,-0.081424809412946,0.0
-0.9907344080229264,-0.081424809412946,0.0
-0.9907344080229264,-0.081424809412946,0.0
-0.9907344080229264,-0.081424809412946,0.0
-0.9907344080229264,-0.081424809412946,0.0
-0.9907344080229264,-0.081424809412946,0.0
-0.9907344080229264,-0.081424809412946,0.0
-0.9907344080229264,-0.081424809412946,0.0
-0.9907344080229264,-0.081424809412946,0.0
-0.9907344080229264,-0.081424809412946,0.0
-0.9907344080229264,-0.081424809412946,0.0
-0.9909844294739724,-0.0815467890399399,0.0
-0.9912693903092852,-0.0816851091410009,0.0
-0.9920956947084876,-0.0818574196452951,0.0
-0.9935626365240012,-0.0819543777894666,0.0
-0.9957259427581876,-0.0819242162251553,0.0
-0.9997912603316312,-0.0817837296478227,0.0
-1.0037031991542091,-0.0816856863351958,0.0
-1.0117215362679643,-0.0814047899944782,0.0
-1.0162349826630432,-0.0812916212495361,0.0
-1.0258729537365816,-0.0812360470953471,0.0
-1.038867166358054,-0.0814872822304792,0.0
-1.0615728389162145,-0.0813619166834097,0.0
-1.078029662433849,-0.0812110200582429,0.0
-1.0968828038465084,-0.0812219825896236,0.0
-1.1233452183540278,-0.0818080134835016,0.0
-1.143352014531604,-0.0826658970296559,0.0
-1.190598242982771,-0.0861833395323553,0.0
-1.2132729168313423,-0.0884379653876787,0.0
-1.2366980928815423,-0.0912046863909187,0.0
-1.2732287157829163,-0.0964268169171788,0.0
-1.2985133865897565,-0.1005733332772208,0.0
-1.354121498028904,-0.1104900952110882,0.0
-1.3840611826332745,-0.1158770303054941,0.0
-1.4145257208526396,-0.1212373940790815,0.0
-1.4510675096931775,-0.1273951691552447,0.0
-1.485176778932513,-0.1327306204074514,0.0
-1.5336997536861434,-0.1394793197813072,0.0
-1.5622448653509282,-0.1430580523718247,0.0
-1.6021209788914164,-0.1477265710638735,0.0
-1.6333320865041638,-0.1512453550365736,0.0
-1.6643426242099009,-0.1546624901184774,0.0
-1.711572502614151,-0.1594854860171152,0.0
-1.7468417846391044,-0.1627140205007241,0.0
-1.7786314143342756,-0.1654510843055921,0.0
-1.804438957660644,-0.1676432546231953,0.0
-1.8319837304218776,-0.170074999122059,0.0
-1.865674885012664,-0.1732689096976258,0.0
-1.9061163007789608,-0.177452510352448,0.0
-1.9336376153810528,-0.1804029613076396,0.0
-1.9574954622784675,-0.1829612019356444,0.0
-1.9817609885772989,-0.1855264508428756,0.0
-1.9992719123481328,-0.1873065683492352,0.0
-2.02321244311715,-0.1893645857211804,0.0
-2.0433738145980387,-0.1907215514092525,0.0
-2.057809916453674,-0.1914830728650979,0.0
-2.0734636117053924,-0.1921175988013373,0.0
-2.0865395355858736,-0.1923459957089649,0.0
-2.0993224407799578,-0.1923044096168236,0.0
-2.111710499127619,-0.1923789649016125,0.0
-2.120455731247346,-0.1927885408253498,0.0
-2.130405348083867,-0.1938658218559366,0.0
-2.1373333753179518,-0.1951376009125509,0.0
-2.1447132085674614,-0.1971044816915804,0.0
-2.153270372001878,-0.2002982773412643,0.0
-2.158530831626025,-0.2028421188388196,0.0
-2.162453422322843,-0.2050526006531886,0.0
-2.166336514688159,-0.2074951784736193,0.0
-2.1705917252995035,-0.2104272449881023,0.0
-2.1737142270789334,-0.2127896119512047,0.0
-2.1759484575275536,-0.2146589814023165,0.0
-2.177665741442481,-0.2163860185598558,0.0
-2.178490372863385,-0.2181855430082502,0.0
-2.178395048810498,-0.2194287885356209,0.0
-2.1768667014109644,-0.221635150867716,0.0
-2.17569099795493,-0.2236187530237037,0.0
-2.178973003969107,-0.2272648028364422,0.0
-2.1825852053376664,-0.2313175180737076,0.0
-2.1852598795302773,-0.2352350594046293,0.0
-2.188786291015064,-0.2385650057048555,0.0
-2.191309587187483,-0.2399016969490222,0.0
-2.193177428109141,-0.2399956743578285,0.0
-2.19427987255599,-0.239619818073661,0.0
-2.1951932183816707,-0.2391676852222056,0.0
-2.195700861790791,-0.2388900649266554,0.0
-2.195949403836938,-0.2383680928019062,0.0
-2.196047148800513,-0.2380121338693812,0.0
-2.1960998489964663,-0.237845330804308,0.0
-2.1961190555428227,-0.2378176810985941,0.0
-2.1961067441053674,-0.2378279550759853,0.0
-2.1959831032075865,-0.2380259247075529,0.0
-2.1959213643795312,-0.2381599868619645,0.0
-2.1956535016703373,-0.2381822369311055,0.0
-2.1954117776001505,-0.2381084791692324,0.0
-2.195144412607958,-0.2380471870457755,0.0
-2.194744255340498,-0.2378004803559521,0.0
-2.1945661742754194,-0.2376388322653742,0.0
-2.1942569471877125,-0.2373961535925828,0.0
-2.1940615046617804,-0.2372596223365523,0.0
-2.1939820934057463,-0.2371660459423225,0.0
-2.193963927375313,-0.2371289086444529,0.0
-2.193963927375313,-0.2371289086444529,0.0
-2.193963927375313,-0.2371289086444529,0.0
-2.193963927375313,-0.2371289086444529,0.0
-2.193963927375313,-0.2371289086444529,0.0
-2.193963927375313,-0.2371289086444529,0.0
-2.193963927375313,-0.2371289086444529,0.0
-2.193963927375313,-0.2371289086444529,0.0
-2.193963927375313,-0.2371289086444529,0.0
-2.193963927375313,-0.2371289086444529,0.0
-2.193963927375313,-0.2371289086444529,0.0
-2.193963927375313,-0.2371289086444529,0.0
-2.193963927375313,-0.2371289086444529,0.0
-2.193963927375313,-0.2371289086444529,0.0
-2.193963927375313,-0.2371289086444529,0.0
-2.193963927375313,-0.2371289086444529,0.0
-2.193963927375313,-0.2371289086444529,0.0
-2.193963927375313,-0.2371289086444529,0.0
-2.193963927375313,-0.2371289086444529,0.0
-2.193963927375313,-0.2371289086444529,0.0
-2.193963927375313,-0.2371289086444529,0.0
-2.193963927375313,-0.2371289086444529,0.0
-2.193963927375313,-0.2371289086444529,0.0
-2.193963927375313,-0.2371289086444529,0.0
-2.193963927375313,-0.2371289086444529,0.0
-2.193963927375313,-0.2371289086444529,0.0
-2.193963927375313,-0.2371289086444529,0.0
-2.193963927375313,-0.2371289086444529,0.0
-2.193963927375313,-0.2371289086444529,0.0
-2.193963927375313,-0.2371289086444529,0.0
-2.193963927375313,-0.2371289086444529,0.0
-2.193963927375313,-0.2371289086444529,0.0
-2.193963927375313,-0.2371289086444529,0.0
-2.193963927375313,-0.2371289086444529,0.0
-2.193963927375313,-0.2371289086444529,0.0
-2.193963927375313,-0.2371289086444529,0.0
-2.193963927375313,-0.2371289086444529,0.0
-2.193963927375313,-0.2371289086444529,0.0
-2.193963927375313,-0.2371289086444529,0.0
-2.193963927375313,-0.2371289086444529,0.0
-2.193963927375313,-0.2371289086444529,0.0
-2.193963927375313,-0.2371289086444529,0.0
-2.193963927375313,-0.2371289086444529,0.0
-2.193963927375313,-0.2371289086444529,0.0
-2.193963927375313,-0.2371289086444529,0.0
-2.193963927375313,-0.2371289086444529,0.0
-2.193963927375313,-0.2371289086444529,0.0
-2.193963927375313,-0.2371289086444529,0.0
-2.193963927375313,-0.2371289086444529,0.0
-2.193963927375313,-0.2371289086444529,0.0
-2.193963927375313,-0.2371289086444529,0.0
-2.193963927375313,-0.2371289086444529,0.0
-2.193963927375313,-0.2371289086444529,0.0
-2.193969278162912,-0.2371251333459711,0.0
-2.1940179416141663,-0.2370561434996645,0.0
-2.1942365218127864,-0.2369884851933603,0.0
-2.194971500323952,-0.237241747685569,0.0
-2.1959592641900048,-0.2375107900691206,0.0
-2.19956950599698,-0.2381348221201684,0.0
-2.20288803855229,-0.2386181190449487,0.0
-2.210280414973228,-0.2396212608870267,0.0
-2.218639162222782,-0.2406256945621124,0.0
-2.231252846364569,-0.2421160465831839,0.0
-2.240472981867339,-0.2432277280056384,0.0
-2.246768397100517,-0.244068976687285,0.0
-2.266401073937595,-0.2467924127896689,0.0
-2.279260701091532,-0.2487466245774511,0.0
-2.2961400661896447,-0.2514510916410978,0.0
-2.315980904068763,-0.2545971475023552,0.0
-2.3391711292138604,-0.2581487901195785,0.0
-2.364103064869177,-0.2619683404476445,0.0
-2.377144527561325,-0.2640350869085345,0.0
-2.420415425019505,-0.2716585979913269,0.0
-2.4409024419010312,-0.2756274271853371,0.0
-2.4728308133476227,-0.2823647265058529,0.0
-2.494876781431701,-0.2873590668843359,0.0
-2.517429323840356,-0.2926875030652767,0.0
-2.5589301922050254,-0.3026948331367892,0.0
-2.5823522139931985,-0.3082490097443107,0.0
-2.625208165690734,-0.3178995417715179,0.0
-2.6492821329401632,-0.3230090712141984,0.0
-2.678324719625362,-0.3287746052381235,0.0
-2.719595571779576,-0.3360769642941552,0.0
-2.7511210045586454,-0.340956180095786,0.0
-2.7872722836526997,-0.3459065438609816,0.0
-2.81112500095117,-0.3488143902149619,0.0
-2.8370196872172646,-0.3516696616374433,0.0
-2.869294703495102,-0.3549385009873088,0.0
-2.898336358651728,-0.3577646920008815,0.0
-2.924318327488976,-0.3602724982482053,0.0
-2.945285337823242,-0.3622679024237671,0.0
-2.973539368338892,-0.3648709606110487,0.0
-2.987191824565969,-0.3660725890103887,0.0
-3.009743353937944,-0.3679077660774978,0.0
-3.049971014521492,-0.37050642225825,0.0
-3.066376293346723,-0.3713120913863448,0.0
-3.0849632045985365,-0.3720564094491455,0.0
-3.099519533520496,-0.3725362573358592,0.0
-3.1196749089378915,-0.3729784302628676,0.0
-3.135777419168924,-0.3731929050339393,0.0
-3.1526137872074163,-0.3733830904178274,0.0
-3.1659738560513104,-0.3735631350565376,0.0
-3.177208760228691,-0.3737666463305186,0.0
-3.1913856062471573,-0.3741148810327082,0.0
-3.2009460122755624,-0.3744953683583343,0.0
-3.208279212950484,-0.3749777008179921,0.0
-3.2166886380596518,-0.3759478909937221,0.0
-3.2226214151022217,-0.3770030796090109,0.0
-3.229421658033498,-0.3786056909918617,0.0
-3.2350410612778475,-0.380246435791755,0.0
-3.239677923667589,-0.3817895611123269,0.0
-3.2441396190800798,-0.3834340165347454,0.0
-3.2474723133630934,-0.3847826156594487,0.0
-3.250495913228838,-0.3860981407460964,0.0
-3.254668752833108,-0.3881087433324794,0.0
-3.257929150824159,-0.3898059602804775,0.0
-3.259689427091262,-0.3907848669357558,0.0
-3.261019812639999,-0.3915891264490904,0.0
-3.262479944371021,-0.3927079736939795,0.0
-3.263166194390084,-0.393727799166522,0.0
-3.263164647498799,-0.3952794676802313,0.0
-3.262431643649806,-0.3965143874798395,0.0
-3.261291065003844,-0.3975951975145899,0.0
-3.2596770615932265,-0.4004505900283453,0.0
-3.2626336960373097,-0.4029072661129918,0.0
-3.267829715538808,-0.4071327234389197,0.0
-3.26985583922364,-0.4089888703017141,0.0
-3.272346860129528,-0.4104302339961048,0.0
-3.275431956542311,-0.4110669194884682,0.0
-3.2770611313294333,-0.4108505011673158,0.0
-3.279246987052742,-0.4102843670148265,0.0
-3.2797976811588683,-0.4101071124279752,0.0
-3.280282267997655,-0.409652584426674,0.0
-3.280512524183769,-0.4091479976091861,0.0
-3.280723200612448,-0.4087186037855768,0.0
-3.2807704272992724,-0.4086763336875848,0.0
-3.2807704272992724,-0.4086763336875848,0.0
-3.2807861809869205,-0.4086554978834719,0.0
-3.2808317686007262,-0.4087024731849157,0.0
-3.280846827762348,-0.4086730642549183,0.0
-3.280752713893879,-0.4086556520007702,0.0
-3.280726892432541,-0.408695019381488,0.0
-3.280721756243253,-0.4087006263172901,0.0
-3.280721756243253,-0.4087006263172901,0.0
-3.280721756243253,-0.4087006263172901,0.0
-3.280721756243253,-0.4087006263172901,0.0
-3.280721756243253,-0.4087006263172901,0.0
-3.280721756243253,-0.4087006263172901,0.0
-3.280721756243253,-0.4087006263172901,0.0
-3.280721756243253,-0.4087006263172901,0.0
-3.280721756243253,-0.4087006263172901,0.0
-3.280721756243253,-0.4087006263172901,0.0
-3.280721756243253,-0.4087006263172901,0.0
-3.280721756243253,-0.4087006263172901,0.0
-3.280721756243253,-0.4087006263172901,0.0
-3.280721756243253,-0.4087006263172901,0.0
-3.280721756243253,-0.4087006263172901,0.0
-3.280721756243253,-0.4087006263172901,0.0
-3.280721756243253,-0.4087006263172901,0.0
-3.280721756243253,-0.4087006263172901,0.0
-3.280721756243253,-0.4087006263172901,0.0
-3.280721756243253,-0.4087006263172901,0.0
-3.280721756243253,-0.4087006263172901,0.0
-3.280721756243253,-0.4087006263172901,0.0
-3.280721756243253,-0.4087006263172901,0.0
-3.280721756243253,-0.4087006263172901,0.0
-3.280721756243253,-0.4087006263172901,0.0
-3.280721756243253,-0.4087006263172901,0.0
-3.280721756243253,-0.4087006263172901,0.0
-3.280721756243253,-0.4087006263172901,0.0
-3.280721756243253,-0.4087006263172901,0.0
-3.280721756243253,-0.4087006263172901,0.0
-3.280721756243253,-0.4087006263172901,0.0
-3.280721756243253,-0.4087006263172901,0.0
-3.280721756243253,-0.4087006263172901,0.0
-3.280721756243253,-0.4087006263172901,0.0
-3.280721756243253,-0.4087006263172901,0.0
-3.280721756243253,-0.4087006263172901,0.0
-3.280721756243253,-0.4087006263172901,0.0
-3.280721756243253,-0.4087006263172901,0.0
-3.280721756243253,-0.4087006263172901,0.0
-3.280721756243253,-0.4087006263172901,0.0
-3.280721756243253,-0.4087006263172901,0.0
-3.280721756243253,-0.4087006263172901,0.0
-3.280721756243253,-0.4087006263172901,0.0
-3.280721756243253,-0.4087006263172901,0.0
-3.280721756243253,-0.4087006263172901,0.0
-3.280721756243253,-0.4087006263172901,0.0
-3.280721756243253,-0.4087006263172901,0.0
-3.280721756243253,-0.4087006263172901,0.0
-3.280721756243253,-0.4087006263172901,0.0
-3.280721756243253,-0.4087006263172901,0.0
-3.280721756243253,-0.4087006263172901,0.0
-3.280721756243253,-0.4087006263172901,0.0
-3.280721756243253,-0.4087006263172901,0.0
-3.280721756243253,-0.4087006263172901,0.0
-3.280721756243253,-0.4087006263172901,0.0
-3.280721756243253,-0.4087006263172901,0.0
-3.280721756243253,-0.4087006263172901,0.0
-3.280721756243253,-0.4087006263172901,0.0
-3.280721756243253,-0.4087006263172901,0.0
-3.280721756243253,-0.4087006263172901,0.0
-3.280721756243253,-0.4087006263172901,0.0
-3.280721756243253,-0.4087006263172901,0.0
-3.280721756243253,-0.4087006263172901,0.0
-3.280721756243253,-0.4087006263172901,0.0
-3.2808068083825432,-0.4087482157104583,0.0
-3.281099245843373,-0.408835248214328,0.0
-3.2821266287999107,-0.408940889175166,0.0
-3.283239129516102,-0.4089554381321657,0.0
-3.2848587067442008,-0.4089145228526587,0.0
-3.2879478098359893,-0.4087174025183696,0.0
-3.292889319700167,-0.4083594543111796,0.0
-3.2980083539897187,-0.4079158438262873,0.0
-3.3078347951514244,-0.4073302537063482,0.0
-3.3155773937675885,-0.4071821662224142,0.0
-3.332576738266334,-0.4070471203960791,0.0
-3.343651317667716,-0.4068432969098677,0.0
-3.3643947420432343,-0.4064017639468504,0.0
-3.3872240443115835,-0.406342031796441,0.0
-3.4071613511216974,-0.4068076783705388,0.0
-3.426486490288969,-0.4076639169893463,0.0
-3.4575393301627178,-0.4098146014910281,0.0
-3.486393547079304,-0.4125324038544833,0.0
-3.5192199171997776,-0.4162617679821461,0.0
-3.546206770782998,-0.4197326447586722,0.0
-3.581783736223488,-0.4246351096692575,0.0
-3.610465908658024,-0.4286945793531093,0.0
-3.644929444672099,-0.4334459282674591,0.0
-3.690641725119552,-0.4391260155200304,0.0
-3.723231859560208,-0.4425695994965429,0.0
-3.758722865586503,-0.4456920743451351,0.0
-3.799807668922072,-0.4483317864472677,0.0
-3.8271767422836658,-0.4495998969010636,0.0
-3.8679597458461177,-0.4507327295537792,0.0
-3.886795047700948,-0.4509811489322568,0.0
-3.921277084756493,-0.4510111420700797,0.0
-3.96740551340822,-0.4506831370546932,0.0
-3.992219694365682,-0.4506181909705128,0.0
-4.034760798079364,-0.4509916858596158,0.0
-4.0594180779799816,-0.4515076473282103,0.0
-4.08917247382269,-0.4523732461738998,0.0
-4.109271664083312,-0.4530510927728488,0.0
-4.140998639605675,-0.4540944493811623,0.0
-4.161527573129557,-0.4546302749498055,0.0
-4.177496101605494,-0.4548203415211828,0.0
-4.197992340758664,-0.4544224340508968,0.0
-4.212700590053231,-0.4536035566008272,0.0
-4.234119475613404,-0.4513462009522203,0.0
-4.244683592477373,-0.4494647375023072,0.0
-4.25691179342341,-0.4462657158997903,0.0
-4.269354400948409,-0.4421973540447796,0.0
-4.276644621717733,-0.4395241114872428,0.0
-4.287800787986883,-0.4352813531114451,0.0
-4.293113374539637,-0.4333219132334644,0.0
-4.29980839874054,-0.4309723294400525,0.0
-4.303599238764519,-0.4297751178745674,0.0
-4.306889482502619,-0.4288587763061552,0.0
-4.311292448191376,-0.4279337269717661,0.0
-4.313460205816227,-0.4277515443988878,0.0
-4.3144463230976,-0.4278032328396212,0.0
-4.31462431724274,-0.4279717005885205,0.0
-4.313842702902453,-0.4282449690360457,0.0
-4.311645664258458,-0.4288507402992789,0.0
-4.311729491394568,-0.429293380147248,0.0
-4.318952182557407,-0.4303481961410613,0.0
-4.321926394982438,-0.4313475000239311,0.0
-4.326141936716062,-0.4328972342079356,0.0
-4.329641749480796,-0.4341487651943301,0.0
-4.332116682049707,-0.4352803221785823,0.0
-4.3348660525233,-0.4360361227037482,0.0
-4.335847999903888,-0.4359918542564353,0.0
-4.336900780195179,-0.435687657924984,0.0
-4.337295334897119,-0.4354404649484137,0.0
-4.337562132877943,-0.4350509227150073,0.0
-4.337642180747693,-0.4349928040068785,0.0
-4.337644225020201,-0.4350277478869963,0.0
-4.337642449870065,-0.435032203533769,0.0
-4.337642449870065,-0.435032203533769,0.0
-4.337608774099759,-0.4350590462455571,0.0
-4.337663759557805,-0.4351199658859869,0.0
-4.337687070261798,-0.4351468196287045,0.0
-4.3376275590263,-0.4351761555096793,0.0
-4.337621490686257,-0.4352446060661992,0.0
-4.337614493971579,-0.4352586094344623,0.0
-4.337614493971579,-0.4352586094344623,0.0
-4.337614493971579,-0.4352586094344623,0.0
-4.337614493971579,-0.4352586094344623,0.0
-4.337614493971579,-0.4352586094344623,0.0
-4.337614493971579,-0.4352586094344623,0.0
-4.337614493971579,-0.4352586094344623,0.0
-4.337614493971579,-0.4352586094344623,0.0
-4.337614493971579,-0.4352586094344623,0.0
-4.337614493971579,-0.4352586094344623,0.0
-4.337614493971579,-0.4352586094344623,0.0
-4.337614493971579,-0.4352586094344623,0.0
-4.337614493971579,-0.4352586094344623,0.0
-4.337614493971579,-0.4352586094344623,0.0
-4.337614493971579,-0.4352586094344623,0.0
-4.337614493971579,-0.4352586094344623,0.0
-4.337614493971579,-0.4352586094344623,0.0
-4.337614493971579,-0.4352586094344623,0.0
-4.337614493971579,-0.4352586094344623,0.0
-4.337614493971579,-0.4352586094344623,0.0
-4.337614493971579,-0.4352586094344623,0.0
-4.337614493971579,-0.4352586094344623,0.0
-4.337614493971579,-0.4352586094344623,0.0
-4.337614493971579,-0.4352586094344623,0.0
-4.337614493971579,-0.4352586094344623,0.0
-4.337614493971579,-0.4352586094344623,0.0
-4.337614493971579,-0.4352586094344623,0.0
-4.337614493971579,-0.4352586094344623,0.0
-4.337614493971579,-0.4352586094344623,0.0
-4.337614493971579,-0.4352586094344623,0.0
-4.337614493971579,-0.4352586094344623,0.0
-4.337614493971579,-0.4352586094344623,0.0
-4.337614493971579,-0.4352586094344623,0.0
-4.337614493971579,-0.4352586094344623,0.0
-4.337614493971579,-0.4352586094344623,0.0
-4.337614493971579,-0.4352586094344623,0.0
-4.337614493971579,-0.4352586094344623,0.0
-4.337614493971579,-0.4352586094344623,0.0
-4.337614493971579,-0.4352586094344623,0.0
-4.337614493971579,-0.4352586094344623,0.0
-4.337614493971579,-0.4352586094344623,0.0
-4.337614493971579,-0.4352586094344623,0.0
-4.337614493971579,-0.4352586094344623,0.0
-4.337614493971579,-0.4352586094344623,0.0
-4.337614493971579,-0.4352586094344623,0.0
-4.337614493971579,-0.4352586094344623,0.0
-4.337614493971579,-0.4352586094344623,0.0
-4.337614493971579,-0.4352586094344623,0.0
-4.337614493971579,-0.4352586094344623,0.0
-4.337614493971579,-0.4352586094344623,0.0
-4.337614493971579,-0.4352586094344623,0.0
-4.337614493971579,-0.4352586094344623,0.0
-4.337614493971579,-0.4352586094344623,0.0
-4.337614493971579,-0.4352586094344623,0.0
-4.337614493971579,-0.4352586094344623,0.0
-4.337614493971579,-0.4352586094344623,0.0
-4.337614493971579,-0.4352586094344623,0.0
-4.337614493971579,-0.4352586094344623,0.0
-4.337614493971579,-0.4352586094344623,0.0
-4.337614493971579,-0.4352586094344623,0.0
-4.337614493971579,-0.4352586094344623,0.0
-4.337814966377727,-0.4352986983387922,0.0
-4.3381063172157655,-0.4353811412307161,0.0
-4.339497503140769,-0.4357081625654017,0.0
-4.340903822858471,-0.4359502946890627,0.0
-4.342923454431871,-0.4361453084113404,0.0
-4.347673588342291,-0.436164631166723,0.0
-4.352415319649991,-0.4360019586774568,0.0
-4.367524658837922,-0.4357578036982649,0.0
-4.375776087048539,-0.4359792613434159,0.0
-4.393010729522948,-0.4368447142464254,0.0
-4.404138373313274,-0.4372638552563594,0.0
-4.424223645352893,-0.4380752456362448,0.0
-4.439192856573456,-0.4388938366230387,0.0
-4.455193559794278,-0.4400015946558201,0.0
-4.481014829605347,-0.4420962900353109,0.0
-4.499553106668218,-0.4437268697917154,0.0
-4.529488963972305,-0.4467415836431033,0.0
-4.55690414760708,-0.4499604434481687,0.0
-4.590222075405887,-0.4544171950332968,0.0
-4.620322442061096,-0.4586900976317978,0.0
-4.64921939275164,-0.4629517361856753,0.0
-4.691666580920617,-0.4694845762659546,0.0
-4.725038271900739,-0.4747583438223226,0.0
-4.753765880775463,-0.4792580036691203,0.0
-4.790887579215,-0.4848398155898702,0.0
-4.820386090118263,-0.488965355177693,0.0
-4.858191486950267,-0.4937746827609098,0.0
-4.9068642587263,-0.4990270124273237,0.0
-4.933809127945761,-0.5016599484324561,0.0
-4.973897056106977,-0.5051798353760816,0.0
-4.99242174266706,-0.5066747397610366,0.0
-5.026320753076444,-0.5092830481615725,0.0
-5.064358221610728,-0.5123014230104629,0.0
-5.096282602414663,-0.5151373394311677,0.0
-5.124635222901246,-0.5180222815074456,0.0
-5.147442194303229,-0.5205599402714683,0.0
-5.175862205891589,-0.5238803755742613,0.0
-5.206645221511487,-0.5274951331977012,0.0
-5.239086710666995,-0.5310381432053076,0.0
-5.258701461872063,-0.5329374911732376,0.0
-5.27551655416735,-0.5343803940382494,0.0
-5.298753355115141,-0.5359655595706201,0.0
-5.318296053133726,-0.5368392358045015,0.0
-5.34085962396542,-0.5375348158487424,0.0
-5.352332954660853,-0.5377023242821595,0.0
-5.362997007088802,-0.5375757164308417,0.0
-5.377483988610625,-0.5370013833575275,0.0
-5.386174147636472,-0.5365818468227621,0.0
-5.4040019464313,-0.5361206780045553,0.0
-5.408422802616531,-0.5361171300397197,0.0
-5.4162389243715205,-0.5363104846170422,0.0
-5.421085481507208,-0.5365893357564385,0.0
-5.4277216598364255,-0.5373811588960429,0.0
-5.4322137270151245,-0.5383552494415895,0.0
-5.434405674078744,-0.5391675944750332,0.0
-5.436257755855328,-0.5405520278543411,0.0
-5.4365389584745705,-0.5415296307613319,0.0
-5.435320857823823,-0.5430214336704687,0.0
-5.432787162373738,-0.5442794617060133,0.0
-5.4279786792367135,-0.5455995187456206,0.0
-5.4270258653777885,-0.5444517141320342,0.0
-5.433957534688682,-0.5417562364119256,0.0
-5.440367300339299,-0.5381485875898411,0.0
-5.445027244887804,-0.5356994744645793,0.0
-5.448229911274931,-0.534733168623025,0.0
-5.450993609167666,-0.5348875887096078,0.0
-5.45238060660814,-0.5353519616952305,0.0
-5.453441226086094,-0.5352240374744259,0.0
-5.454145108158922,-0.5342220731069881,0.0
-5.454503383546239,-0.5336471797425174,0.0
-5.454874613548067,-0.5334071697264212,0.0
-5.455071612249156,-0.5335293046534281,0.0
-5.4551182527300925,-0.533665233560154,0.0
-5.455111106791765,-0.5336847263955881,0.0
-5.455111106791765,-0.5336847263955881,0.0
-5.455111106791765,-0.5336847263955881,0.0
-5.455111106791765,-0.5336847263955881,0.0
-5.455111106791765,-0.5336847263955881,0.0
-5.455111106791765,-0.5336847263955881,0.0
-5.455111106791765,-0.5336847263955881,0.0
-5.455111106791765,-0.5336847263955881,0.0
-5.455111106791765,-0.5336847263955881,0.0
-5.455111106791765,-0.5336847263955881,0.0
-5.455111106791765,-0.5336847263955881,0.0
-5.455111106791765,-0.5336847263955881,0.0
-5.455111106791765,-0.5336847263955881,0.0
-5.455111106791765,-0.5336847263955881,0.0
-5.455111106791765,-0.5336847263955881,0.0
-5.455111106791765,-0.5336847263955881,0.0
-5.455111106791765,-0.5336847263955881,0.0
-5.455111106791765,-0.5336847263955881,0.0
-5.455111106791765,-0.5336847263955881,0.0
-5.455111106791765,-0.5336847263955881,0.0
-5.455111106791765,-0.5336847263955881,0.0
-5.455111106791765,-0.5336847263955881,0.0
-5.455111106791765,-0.5336847263955881,0.0
-5.455111106791765,-0.5336847263955881,0.0
-5.455111106791765,-0.5336847263955881,0.0
-5.455111106791765,-0.5336847263955881,0.0
-5.455111106791765,-0.5336847263955881,0.0
-5.455111106791765,-0.5336847263955881,0.0
-5.455111106791765,-0.5336847263955881,0.0
-5.455111106791765,-0.5336847263955881,0.0
-5.455111106791765,-0.5336847263955881,0.0
-5.455111106791765,-0.5336847263955881,0.0
-5.455111106791765,-0.5336847263955881,0.0
-5.455111106791765,-0.5336847263955881,0.0
-5.455111106791765,-0.5336847263955881,0.0
-5.455111106791765,-0.5336847263955881,0.0
-5.455111106791765,-0.5336847263955881,0.0
-5.455111106791765,-0.5336847263955881,0.0
-5.455111106791765,-0.5336847263955881,0.0
-5.455111106791765,-0.5336847263955881,0.0
-5.455111106791765,-0.5336847263955881,0.0
-5.455111106791765,-0.5336847263955881,0.0
-5.455111106791765,-0.5336847263955881,0.0
-5.455111106791765,-0.5336847263955881,0.0
-5.455111106791765,-0.5336847263955881,0.0
-5.455111106791765,-0.5336847263955881,0.0
-5.455111106791765,-0.5336847263955881,0.0
-5.455111106791765,-0.5336847263955881,0.0
-5.455111106791765,-0.5336847263955881,0.0
-5.455111106791765,-0.5336847263955881,0.0
-5.455111106791765,-0.5336847263955881,0.0
-5.455111106791765,-0.5336847263955881,0.0
-5.455111106791765,-0.5336847263955881,0.0
-5.455111106791765,-0.5336847263955881,0.0
-5.455111106791765,-0.5336847263955881,0.0
-5.455111106791765,-0.5336847263955881,0.0
-5.455111106791765,-0.5336847263955881,0.0
-5.455111106791765,-0.5336847263955881,0.0
-5.455111106791765,-0.5336847263955881,0.0
-5.455111106791765,-0.5336847263955881,0.0
-5.455111106791765,-0.5336847263955881,0.0
-5.455111106791765,-0.5336847263955881,0.0
-5.455111106791765,-0.5336847263955881,0.0
-5.455111106791765,-0.5336847263955881,0.0
-5.455111106791765,-0.5336847263955881,0.0
-5.455111106791765,-0.5336847263955881,0.0
-5.455111106791765,-0.5336847263955881,0.0
-5.455111106791765,-0.5336847263955881,0.0
-5.455111106791765,-0.5336847263955881,0.0
-5.455111106791765,-0.5336847263955881,0.0
-5.455111106791765,-0.5336847263955881,0.0
-5.455111106791765,-0.5336847263955881,0.0
-5.455111106791765,-0.5336847263955881,0.0
-5.455111106791765,-0.5336847263955881,0.0
-5.455111106791765,-0.5336847263955881,0.0
-5.455111106791765,-0.5336847263955881,0.0
-5.455111106791765,-0.5336847263955881,0.0
-5.455118206570763,-0.5336822132906968,0.0
-5.455219820364204,-0.5336978001830549,0.0
-5.455982998698161,-0.5337034275370224,0.0
-5.45700049589371,-0.5336962086254157,0.0
-5.459296814101285,-0.5335739823413852,0.0
-5.462107319848115,-0.5332993697450267,0.0
-5.470099802947882,-0.5323675449060253,0.0
-5.478122810786047,-0.531467080913109,0.0
-5.486011387890794,-0.5308460689192993,0.0
-5.499062640947633,-0.5302583920008072,0.0
-5.51106809861128,-0.5299533181390617,0.0
-5.534982085248615,-0.5295944168908611,0.0
-5.550379987064368,-0.5297686667668906,0.0
-5.572290992898399,-0.5306396337183484,0.0
-5.599703053150951,-0.5324302125434671,0.0
-5.619344669595525,-0.5340447962035095,0.0
-5.657464071389044,-0.5379844837094272,0.0
-5.6891244210424015,-0.541972153620554,0.0
-5.715041197921633,-0.5454901783423715,0.0
-5.749270104969906,-0.5501746760531746,0.0
-5.77702717148351,-0.5538481790604163,0.0
-5.821034418650989,-0.5593843575792817,0.0
-5.860601280261429,-0.5639285814263565,0.0
-5.8952290373901794,-0.567411161748734,0.0
-5.922045103904957,-0.5698177494759384,0.0
-5.954362370779479,-0.5724942144675081,0.0
-5.98945435127425,-0.575182389540702,0.0
-6.029886450705424,-0.5779420765368267,0.0
-6.064623449372004,-0.5800959003462312,0.0
-6.096152073752867,-0.5819815946475607,0.0
-6.121921520612379,-0.5835259335945292,0.0
-6.154598688160038,-0.5855270348962356,0.0
-6.190846001385147,-0.5878704851057129,0.0
-6.223280074478326,-0.5900848571409858,0.0
-6.247651552040972,-0.5918015294866037,0.0
-6.275194011903463,-0.5937555831547483,0.0
-6.299270939247589,-0.5954203870026477,0.0
-6.323706702971196,-0.5969097899771031,0.0
-6.352885217568185,-0.5982053884776004,0.0
-6.370126732635717,-0.5986146744556259,0.0
-6.386141646950386,-0.5987529781468955,0.0
-6.400959452138592,-0.5987059415479402,0.0
-6.421532561726182,-0.5982673367614313,0.0
-6.4405535341413,-0.5969414612483194,0.0
-6.44991363801506,-0.5960022230984848,0.0
-6.462057839376288,-0.5948054329293352,0.0
-6.469221939371677,-0.594328820946964,0.0
-6.4757217520247,-0.5941422166026847,0.0
-6.485639008536363,-0.5944238408379724,0.0
-6.490291666213434,-0.5948052625564535,0.0
-6.496239187949902,-0.5956243997235139,0.0
-6.499602308654668,-0.5963360871523957,0.0
-6.503430544733583,-0.5976497473107666,0.0
-6.505585989503515,-0.5990522928860721,0.0
-6.50674976492424,-0.6003970326046449,0.0
-6.507220754690661,-0.6023313816621009,0.0
-6.506720441923138,-0.6039434311867716,0.0
-6.5033126005900375,-0.6078141605302764,0.0
-6.500328914120947,-0.6102354111122124,0.0
-6.503404958259334,-0.614490440094729,0.0
-6.511910268165127,-0.6221628507353693,0.0
-6.515369922865238,-0.6260892109217968,0.0
-6.521001800606554,-0.6305685913455191,0.0
-6.523811375608323,-0.6319655723488218,0.0
-6.528167334315825,-0.6316143884763101,0.0
-6.530047771828152,-0.631132856003317,0.0
-6.531410046273848,-0.631121248452982,0.0
-6.532512233457565,-0.6313389867380322,0.0
-6.5332936074499415,-0.6312877737914542,0.0
-6.5341492740998826,-0.6313935152130737,0.0
-6.5345369959381,-0.6319460565245595,0.0
-6.534928369617874,-0.6326375502513667,0.0
-6.535433038952161,-0.6334580585989454,0.0
-6.535575983887228,-0.6342253718344404,0.0
-6.53578162915232,-0.6350749412731509,0.0
-6.535845489171453,-0.6353191092001619,0.0
-6.535931192544415,-0.6355763170918179,0.0
-6.535941958086465,-0.6356177933465715,0.0
-6.535941958086465,-0.6356177933465715,0.0
-6.535941958086465,-0.6356177933465715,0.0
-6.535941958086465,-0.6356177933465715,0.0
-6.535941958086465,-0.6356177933465715,0.0
-6.535941958086465,-0.6356177933465715,0.0
-6.535941958086465,-0.6356177933465715,0.0
-6.535941958086465,-0.6356177933465715,0.0
-6.535941958086465,-0.6356177933465715,0.0
-6.535941958086465,-0.6356177933465715,0.0
-6.535941958086465,-0.6356177933465715,0.0
-6.535941958086465,-0.6356177933465715,0.0
-6.535941958086465,-0.6356177933465715,0.0
-6.535941958086465,-0.6356177933465715,0.0
-6.535941958086465,-0.6356177933465715,0.0
-6.535941958086465,-0.6356177933465715,0.0
-6.535941958086465,-0.6356177933465715,0.0
-6.535941958086465,-0.6356177933465715,0.0
-6.535941958086465,-0.6356177933465715,0.0
-6.535941958086465,-0.6356177933465715,0.0
-6.535941958086465,-0.6356177933465715,0.0
-6.535941958086465,-0.6356177933465715,0.0
-6.535941958086465,-0.6356177933465715,0.0
-6.535941958086465,-0.6356177933465715,0.0
-6.535941958086465,-0.6356177933465715,0.0
-6.535941958086465,-0.6356177933465715,0.0
-6.535941958086465,-0.6356177933465715,0.0
-6.535941958086465,-0.6356177933465715,0.0
-6.535941958086465,-0.6356177933465715,0.0
-6.535941958086465,-0.6356177933465715,0.0
-6.535941958086465,-0.6356177933465715,0.0
-6.535941958086465,-0.6356177933465715,0.0
-6.535941958086465,-0.6356177933465715,0.0
-6.535941958086465,-0.6356177933465715,0.0
-6.535941958086465,-0.6356177933465715,0.0
-6.535941958086465,-0.6356177933465715,0.0
-6.535941958086465,-0.6356177933465715,0.0
-6.535941958086465,-0.6356177933465715,0.0
-6.535941958086465,-0.6356177933465715,0.0
-6.535941958086465,-0.6356177933465715,0.0
-6.535941958086465,-0.6356177933465715,0.0
-6.535941958086465,-0.6356177933465715,0.0
-6.535941958086465,-0.6356177933465715,0.0
-6.535941958086465,-0.6356177933465715,0.0
-6.535941958086465,-0.6356177933465715,0.0
-6.535941958086465,-0.6356177933465715,0.0
-6.535941958086465,-0.6356177933465715,0.0
-6.535941958086465,-0.6356177933465715,0.0
-6.535941958086465,-0.6356177933465715,0.0
-6.535941958086465,-0.6356177933465715,0.0
-6.535941958086465,-0.6356177933465715,0.0
-6.535941958086465,-0.6356177933465715,0.0
-6.535941958086465,-0.6356177933465715,0.0
-6.535941958086465,-0.6356177933465715,0.0
-6.535941958086465,-0.6356177933465715,0.0
-6.535941958086465,-0.6356177933465715,0.0
-6.535941958086465,-0.6356177933465715,0.0
-6.535941958086465,-0.6356177933465715,0.0
-6.535941958086465,-0.6356177933465715,0.0
-6.535941958086465,-0.6356177933465715,0.0
-6.53610761403786,-0.6356534598065676,0.0
-6.536559156046744,-0.6357314123551829,0.0
-6.5378202497808,-0.6358317092916511,0.0
-6.539673440490085,-0.6358903192685513,0.0
-6.542309509057003,-0.635847259624651,0.0
-6.5497752644549765,-0.6356007657177506,0.0
-6.556717943947129,-0.6353813936878563,0.0
-6.567458982520466,-0.6352828821936489,0.0
-6.577323597347228,-0.6353491889406725,0.0
-6.595245609515938,-0.635370802281801,0.0
-6.614383602812636,-0.6355857461715319,0.0
-6.629018114276368,-0.6360974485048542,0.0
-6.650019462668565,-0.6374877808315164,0.0
-6.671028359687434,-0.6396490634809474,0.0
-6.695348504439945,-0.6428100411206235,0.0
-6.732429821374996,-0.6485083064668663,0.0
-6.754241769443061,-0.652135086161023,0.0
-6.788617826102564,-0.6583008972439984,0.0
-6.812496873044221,-0.6628342254337887,0.0
-6.867687582713222,-0.673531419606511,0.0
-6.893555840312218,-0.6784223342465031,0.0
-6.927869412142565,-0.6845862700583341,0.0
-6.949255910385848,-0.6882179509534667,0.0
-6.978894301343434,-0.6929254637569691,0.0
-7.027753746512472,-0.6997681715978192,0.0
-7.055003880888802,-0.7031438215549909,0.0
-7.104115690468814,-0.7084229127246684,0.0
-7.131323000431792,-0.710974855495915,0.0
-7.158321369216716,-0.7132324963525574,0.0
-7.205934261337445,-0.7166588340657623,0.0
-7.23175025886437,-0.7184007325968813,0.0
-7.276560269606938,-0.7217456760070489,0.0
-7.302872473741326,-0.7239956445618984,0.0
-7.328285272816544,-0.7263579127422948,0.0
-7.357148364965989,-0.7291913944424471,0.0
-7.392573659757679,-0.7326378625715871,0.0
-7.422033891285871,-0.7352664310012985,0.0
-7.440574250415111,-0.7366587170969277,0.0
-7.466509081466104,-0.7379690550568512,0.0
-7.482660065845654,-0.7383521055840591,0.0
-7.5049834571111,-0.7381769616578268,0.0
-7.522761877795263,-0.7374248306401254,0.0
-7.535422333078977,-0.7365391198274577,0.0
-7.5528434097596815,-0.7349181787456888,0.0
-7.563445039965843,-0.7335539812938617,0.0
-7.577722823751639,-0.7313592361665273,0.0
-7.588795236516166,-0.7298361606322044,0.0
-7.59789652850361,-0.7291505370263252,0.0
-7.60672120762062,-0.7291759687153598,0.0
-7.615677692103633,-0.7300393436685767,0.0
-7.624554373233445,-0.7314998147201286,0.0
-7.631263596236168,-0.7329907762628378,0.0
-7.635228440300164,-0.7340492744362185,0.0
-7.639735409683965,-0.7354959509348288,0.0
-7.643185397534094,-0.7367978852113095,0.0
-7.646258757095451,-0.7380439195384528,0.0
-7.64910720160301,-0.7393104609031301,0.0
-7.650149674867289,-0.7399532601512487,0.0
-7.6507212318083475,-0.74115630283374,0.0
-7.650400442313395,-0.7422669365181992,0.0
-7.65195823799998,-0.7451887443606546,0.0
-7.655805725916318,-0.7477682345842838,0.0
-7.658948733941254,-0.7513730121044825,0.0
-7.662141669486732,-0.7535842335756018,0.0
-7.664827655064145,-0.7548566309696162,0.0
-7.668486353858679,-0.7554246912760555,0.0
-7.670202678363062,-0.7551637758846687,0.0
-7.6716389315871965,-0.7545311152215863,0.0
-7.672017172443334,-0.7541287032207561,0.0
-7.672239616904922,-0.7536995574968953,0.0
-7.672380818109428,-0.7531192437140325,0.0
-7.672469519754992,-0.7529087284538001,0.0
-7.672668719048031,-0.7530683703261112,0.0
-7.672824532157066,-0.7534039964710417,0.0
-7.672830652887738,-0.7537721368586503,0.0
-7.672795862003737,-0.7542163098719344,0.0
-7.672825180712051,-0.7543704643925029,0.0
-7.672836282529855,-0.7543901432148943,0.0
-7.672836282529855,-0.7543901432148943,0.0
-7.672836282529855,-0.7543901432148943,0.0
-7.672836282529855,-0.7543901432148943,0.0
-7.672836282529855,-0.7543901432148943,0.0
-7.672836282529855,-0.7543901432148943,0.0
-7.672836282529855,-0.7543901432148943,0.0
-7.672836282529855,-0.7543901432148943,0.0
-7.672836282529855,-0.7543901432148943,0.0
-7.672836282529855,-0.7543901432148943,0.0
-7.672836282529855,-0.7543901432148943,0.0
-7.672836282529855,-0.7543901432148943,0.0
-7.672836282529855,-0.7543901432148943,0.0
-7.672836282529855,-0.7543901432148943,0.0
-7.672836282529855,-0.7543901432148943,0.0
-7.672836282529855,-0.7543901432148943,0.0
-7.672836282529855,-0.7543901432148943,0.0
-7.672836282529855,-0.7543901432148943,0.0
-7.672836282529855,-0.7543901432148943,0.0
-7.672836282529855,-0.7543901432148943,0.0
-7.672836282529855,-0.7543901432148943,0.0
-7.672836282529855,-0.7543901432148943,0.0
-7.672836282529855,-0.7543901432148943,0.0
-7.672836282529855,-0.7543901432148943,0.0
-7.672836282529855,-0.7543901432148943,0.0
-7.672836282529855,-0.7543901432148943,0.0
-7.672836282529855,-0.7543901432148943,0.0
-7.672836282529855,-0.7543901432148943,0.0
-7.672836282529855,-0.7543901432148943,0.0
-7.672836282529855,-0.7543901432148943,0.0
-7.672836282529855,-0.7543901432148943,0.0
-7.672836282529855,-0.7543901432148943,0.0
-7.672836282529855,-0.7543901432148943,0.0
-7.672836282529855,-0.7543901432148943,0.0
-7.672836282529855,-0.7543901432148943,0.0
-7.672836282529855,-0.7543901432148943,0.0
-7.672836282529855,-0.7543901432148943,0.0
-7.672836282529855,-0.7543901432148943,0.0
-7.672836282529855,-0.7543901432148943,0.0
-7.672836282529855,-0.7543901432148943,0.0
-7.672836282529855,-0.7543901432148943,0.0
-7.672836282529855,-0.7543901432148943,0.0
-7.672836282529855,-0.7543901432148943,0.0
-7.672836282529855,-0.7543901432148943,0.0
-7.672836282529855,-0.7543901432148943,0.0
-7.672836282529855,-0.7543901432148943,0.0
-7.672836282529855,-0.7543901432148943,0.0
-7.672836282529855,-0.7543901432148943,0.0
-7.672836282529855,-0.7543901432148943,0.0
-7.672836282529855,-0.7543901432148943,0.0
-7.672836282529855,-0.7543901432148943,0.0
-7.672836282529855,-0.7543901432148943,0.0
-7.672836282529855,-0.7543901432148943,0.0
-7.672836282529855,-0.7543901432148943,0.0
-7.672836282529855,-0.7543901432148943,0.0
-7.672836282529855,-0.7543901432148943,0.0
-7.672836282529855,-0.7543901432148943,0.0
-7.672836282529855,-0.7543901432148943,0.0
-7.672836282529855,-0.7543901432148943,0.0
-7.672836282529855,-0.7543901432148943,0.0
-7.672836282529855,-0.7543901432148943,0.0
-7.672836282529855,-0.7543901432148943,0.0
-7.672836282529855,-0.7543901432148943,0.0
-7.672836282529855,-0.7543901432148943,0.0
-7.672836282529855,-0.7543901432148943,0.0
-7.672836282529855,-0.7543901432148943,0.0
-7.672878770679191,-0.7543910128136849,0.0
-7.673368713309819,-0.7544499211132707,0.0
-7.6741609041419165,-0.7545435028062512,0.0
-7.674824057919629,-0.754599145499178,0.0
-7.676967383376,-0.7546539826503583,0.0
-7.679193124973049,-0.7546500218972095,0.0
-7.686075770746632,-0.7546213803068694,0.0
-7.69155832323788,-0.7545884785110407,0.0
-7.699486063871792,-0.7546990271275973,0.0
-7.709424511841594,-0.7550209197787807,0.0
-7.71808529688298,-0.7552919627024506,0.0
-7.736255360096785,-0.755879940910288,0.0
-7.748965152586763,-0.7564460980751402,0.0
-7.76334846047913,-0.7573794544191743,0.0
-7.782207011600634,-0.7591536421191525,0.0
-7.801137103507912,-0.76157063985079,0.0
-7.835850171526776,-0.7671354673880644,0.0
-7.854399736287014,-0.7704567000381427,0.0
-7.883694664813165,-0.776165672394127,0.0
-7.904039476506866,-0.7803946820238484,0.0
-7.9357680930126415,-0.7872273718074937,0.0
-7.964121426572537,-0.793371169715981,0.0
-7.990858658154161,-0.7990837808392024,0.0
-8.02016652065139,-0.805181085648567,0.0
-8.0428768239496,-0.8096917985398521,0.0
-8.070198003273955,-0.8147623938590893,0.0
-8.09977330486249,-0.8197706367665487,0.0
-8.133750612676186,-0.8248467144132144,0.0
-8.16298951946861,-0.8286579366361638,0.0
-8.189552929132294,-0.831561848492639,0.0
-8.21770988151284,-0.8341066806297867,0.0
-8.23881146991462,-0.8357195021427836,0.0
-8.269246079262041,-0.8379586960550414,0.0
-8.296349636096693,-0.8402202450900881,0.0
-8.316614802364247,-0.8422361347635311,0.0
-8.339376188277885,-0.8448901543615095,0.0
-8.359127549817797,-0.8475640894336789,0.0
-8.384790224170017,-0.8515665031623875,0.0
-8.402992329959401,-0.8546243629072195,0.0
-8.41722420320444,-0.8570650537018597,0.0
-8.43387068626603,-0.8599070055416366,0.0
-8.44984444351829,-0.8626494858173447,0.0
-8.45676258535144,-0.8638514690534973,0.0
-8.472616713783463,-0.8665959553406538,0.0
-8.48045037401071,-0.8679187298876652,0.0
-8.492834114949646,-0.869781802742374,0.0
-8.49888609222134,-0.8704738526934855,0.0
-8.505834704831969,-0.8710747231166822,0.0
-8.511321922278064,-0.8714782313986237,0.0
-8.515341414670733,-0.8718107024076314,0.0
-8.520473997996485,-0.8723942876093695,0.0
-8.523312425060075,-0.8728169888571294,0.0
-8.526301316273003,-0.8733484361953813,0.0
-8.52888853411854,-0.8738671411072271,0.0
-8.530299170439438,-0.874177984887958,0.0
-8.531907878025645,-0.8746671466812225,0.0
-8.532602872112212,-0.8750568597698155,0.0
-8.533077244077772,-0.8758285963273266,0.0
-8.53278481969479,-0.8771151138576114,0.0
-8.532024399280688,-0.8783360493699583,0.0
-8.530903968733046,-0.8795338727216221,0.0
-8.529333239606235,-0.8808481563111568,0.0
-8.52579229958836,-0.8832163004484425,0.0
-8.523332262562239,-0.8846575052485597,0.0
-8.518722864565786,-0.8871354594195665,0.0
-8.515040443857409,-0.8890497426320543,0.0
-8.509593519386202,-0.8920495639833289,0.0
-8.50993159418566,-0.8965873547623942,0.0
-8.511709909548577,-0.8997282653683295,0.0
-8.5134049093617,-0.9048389357493458,0.0
-8.515586091566751,-0.9070652854315252,0.0
-8.516854109697295,-0.9075161384089948,0.0
-8.517874805681737,-0.907262210747922,0.0
-8.518737853462685,-0.906810814606564,0.0
-8.519659115940796,-0.9062983421313076,0.0
-8.519860142284976,-0.9061605358272944,0.0
-8.519988172890166,-0.9059035800947352,0.0
-8.520003346898648,-0.9058038115877872,0.0
-8.520003346898648,-0.9058038115877872,0.0
-8.520003346898648,-0.9058038115877872,0.0
-8.519994541271739,-0.905838838173274,0.0
-8.519948589431644,-0.9059650374616844,0.0
-8.51997853213346,-0.906013816638676,0.0
-8.519895094261111,-0.9060291835029004,0.0
-8.519825033394628,-0.9062343741442962,0.0
-8.519780173215143,-0.9063387905118682,0.0
-8.519696590622639,-0.9064202988594992,0.0
-8.519677099914345,-0.9064482393258848,0.0
-8.519667755755778,-0.9064532827179343,0.0
-8.519667755755778,-0.9064532827179343,0.0
-8.519667755755778,-0.9064532827179343,0.0
-8.519667755755778,-0.9064532827179343,0.0
-8.519667755755778,-0.9064532827179343,0.0
-8.519667755755778,-0.9064532827179343,0.0
-8.519667755755778,-0.9064532827179343,0.0
-8.519667755755778,-0.9064532827179343,0.0
-8.519667755755778,-0.9064532827179343,0.0
-8.519667755755778,-0.9064532827179343,0.0
-8.519667755755778,-0.9064532827179343,0.0
-8.519667755755778,-0.9064532827179343,0.0
-8.519667755755778,-0.9064532827179343,0.0
-8.519667755755778,-0.9064532827179343,0.0
-8.519667755755778,-0.9064532827179343,0.0
-8.519667755755778,-0.9064532827179343,0.0
-8.519667755755778,-0.9064532827179343,0.0
-8.519667755755778,-0.9064532827179343,0.0
-8.519667755755778,-0.9064532827179343,0.0
-8.519667755755778,-0.9064532827179343,0.0
-8.519667755755778,-0.9064532827179343,0.0
-8.519667755755778,-0.9064532827179343,0.0
-8.519667755755778,-0.9064532827179343,0.0
-8.519667755755778,-0.9064532827179343,0.0
-8.519667755755778,-0.9064532827179343,0.0
-8.519667755755778,-0.9064532827179343,0.0
-8.519667755755778,-0.9064532827179343,0.0
-8.519667755755778,-0.9064532827179343,0.0
-8.519667755755778,-0.9064532827179343,0.0
-8.519667755755778,-0.9064532827179343,0.0
-8.519667755755778,-0.9064532827179343,0.0
-8.519667755755778,-0.9064532827179343,0.0
-8.519667755755778,-0.9064532827179343,0.0
-8.519667755755778,-0.9064532827179343,0.0
-8.519667755755778,-0.9064532827179343,0.0
-8.519667755755778,-0.9064532827179343,0.0
-8.519667755755778,-0.9064532827179343,0.0
-8.519667755755778,-0.9064532827179343,0.0
-8.519667755755778,-0.9064532827179343,0.0
-8.519667755755778,-0.9064532827179343,0.0
-8.519667755755778,-0.9064532827179343,0.0
-8.519667755755778,-0.9064532827179343,0.0
-8.519667755755778,-0.9064532827179343,0.0
-8.519667755755778,-0.9064532827179343,0.0
-8.519667755755778,-0.9064532827179343,0.0
-8.519667755755778,-0.9064532827179343,0.0
-8.519667755755778,-0.9064532827179343,0.0
-8.519667755755778,-0.9064532827179343,0.0
-8.519667755755778,-0.9064532827179343,0.0
-8.519667755755778,-0.9064532827179343,0.0
-8.519667755755778,-0.9064532827179343,0.0
-8.519667755755778,-0.9064532827179343,0.0
-8.519667755755778,-0.9064532827179343,0.0
-8.519667755755778,-0.9064532827179343,0.0
-8.519667755755778,-0.9064532827179343,0.0
-8.519667755755778,-0.9064532827179343,0.0
-8.519667755755778,-0.9064532827179343,0.0
-8.519667755755778,-0.9064532827179343,0.0
-8.519667755755778,-0.9064532827179343,0.0
-8.519667755755778,-0.9064532827179343,0.0
-8.519667755755778,-0.9064532827179343,0.0
-8.519667755755778,-0.9064532827179343,0.0
-8.519667755755778,-0.9064532827179343,0.0
-8.519667755755778,-0.9064532827179343,0.0
-8.519667755755778,-0.9064532827179343,0.0
-8.519667755755778,-0.9064532827179343,0.0
-8.519667755755778,-0.9064532827179343,0.0
-8.519667755755778,-0.9064532827179343,0.0
-8.519667755755778,-0.9064532827179343,0.0
-8.519667755755778,-0.9064532827179343,0.0
-8.519667755755778,-0.9064532827179343,0.0
-8.519748523906989,-0.9064625076025788,0.0
-8.520079026222767,-0.9064916385086697,0.0
-8.52161268946832,-0.9065529605060536,0.0
-8.523572263614867,-0.906507422227044,0.0
-8.527284230141642,-0.9062727149427442,0.0
-8.531062877682627,-0.9059654285599305,0.0
-8.536166778240412,-0.9054716626109304,0.0
-8.54882204405516,-0.90461533202733,0.0
-8.561144547662629,-0.9042780432300812,0.0
-8.576675453121853,-0.9038219514834164,0.0
-8.588343357413914,-0.903370675310018,0.0
-8.612597721635655,-0.9028992740514332,0.0
-8.627570643110806,-0.9030454262333836,0.0
-8.651514686306031,-0.9042503015494948,0.0
-8.673409550466642,-0.9061237277755873,0.0
-8.69108135371013,-0.9080969357095,0.0
-8.718873305543559,-0.9118622420420376,0.0
-8.7381071543282,-0.9148434494611596,0.0
-8.76778252701287,-0.9199040446778164,0.0
-8.793980106362708,-0.9245469013147244,0.0
-8.818392824375655,-0.9287407083890568,0.0
-8.844885429146062,-0.9329477428846832,0.0
-8.869199634773484,-0.9363856611892416,0.0
-8.903129095195164,-0.9404916663857316,0.0
-8.922690026753457,-0.9424775748331612,0.0
-8.943641626699593,-0.9443888540235824,0.0
-8.969097963261952,-0.9466666616112894,0.0
-8.987813788822352,-0.9485314994113908,0.0
-9.013990769571098,-0.9516290749196674,0.0
-9.031643220992068,-0.954155755578684,0.0
-9.046188044143602,-0.9565911175341696,0.0
-9.060076155587222,-0.959207427327282,0.0
-9.07352955560581,-0.9617076146078576,0.0
-9.083427617387322,-0.9632329583389831,0.0
-9.0927063666888,-0.9640406849935116,0.0
-9.097256224367982,-0.9639706159171156,0.0
-9.10073063649656,-0.9617438580458744,0.0
-9.101873249009548,-0.9598413517082705,0.0
-9.104093226913571,-0.9589177363431748,0.0
-9.104199732542698,-0.9598264023995308,0.0
-9.103684502300744,-0.9605771219883203,0.0
-9.103499803752117,-0.960680107206591,0.0
-9.10330962150178,-0.9610583863690396,0.0
-9.103174557345843,-0.9611913818731264,0.0
-9.103086292845216,-0.9612161647783724,0.0
-9.103041728923614,-0.961241373124604,0.0
-9.10303931194183,-0.9612413911116182,0.0
-9.10303931194183,-0.9612413911116182,0.0
-9.10303931194183,-0.9612413911116182,0.0
-9.10303931194183,-0.9612413911116182,0.0
-9.10303931194183,-0.9612413911116182,0.0
-9.10303931194183,-0.9612413911116182,0.0
-9.10303931194183,-0.9612413911116182,0.0
-9.10303931194183,-0.9612413911116182,0.0
-9.10303931194183,-0.9612413911116182,0.0
-9.10303931194183,-0.9612413911116182,0.0
-9.10303931194183,-0.9612413911116182,0.0
-9.10303931194183,-0.9612413911116182,0.0
-9.10303931194183,-0.9612413911116182,0.0
-9.10303931194183,-0.9612413911116182,0.0
-9.10303931194183,-0.9612413911116182,0.0
-9.10303931194183,-0.9612413911116182,0.0
-9.10303931194183,-0.9612413911116182,0.0
-9.10303931194183,-0.9612413911116182,0.0
-9.10303931194183,-0.9612413911116182,0.0
-9.10303931194183,-0.9612413911116182,0.0
-9.10303931194183,-0.9612413911116182,0.0
-9.10303931194183,-0.9612413911116182,0.0
-9.10303931194183,-0.9612413911116182,0.0
-9.10303931194183,-0.9612413911116182,0.0
-9.10303931194183,-0.9612413911116182,0.0
-9.10303931194183,-0.9612413911116182,0.0
-9.10303931194183,-0.9612413911116182,0.0
-9.102947964364754,-0.9611959718898324,0.0
-9.10252741892144,-0.9609246627960034,0.0
-9.102046495134436,-0.9604007158659787,0.0
-9.10123002301404,-0.9590205077012268,0.0
-9.099739446204268,-0.9556022294765678,0.0
-9.097231102397224,-0.9494877031524048,0.0
-9.094233447250469,-0.9424960299492536,0.0
-9.089352167839817,-0.9324638440041148,0.0
-9.083984381522647,-0.9226253152181574,0.0
-9.07801266822567,-0.9127291182283676,0.0
-9.070495590739752,-0.901420571358223,0.0
-9.059177532155266,-0.8862376650745407,0.0
-9.05099977629093,-0.8764418975408225,0.0
-9.0396444367411,-0.8642977454889497,0.0
-9.03002153628866,-0.8551652139956526,0.0
-9.02077202555943,-0.8472652667447573,0.0
-9.002068174289324,-0.8335330743556473,0.0
-8.991841232157418,-0.8269369992004959,0.0
-8.972953619478195,-0.8164687992605271,0.0
-8.962293885736614,-0.8113457741788569,0.0
-8.945963943564557,-0.8045909304610653,0.0
-8.931490892933569,-0.7996733860552404,0.0
-8.920237797083306,-0.7964306185057011,0.0
-8.903221839963015,-0.792462772919201,0.0
-8.891927439151765,-0.7904025071224228,0.0
-8.875275799336746,-0.7882073176858854,0.0
-8.861218531038217,-0.7870260379614348,0.0
-8.846540561966552,-0.7863282866315988,0.0
-8.831486311303358,-0.7860953071218226,0.0
-8.821928377872645,-0.7861458765994329,0.0
-8.805817933724015,-0.786531411348503,0.0
-8.797413543112327,-0.7867980090713752,0.0
-8.783911529671737,-0.7869882823657612,0.0
-8.777753993004834,-0.786820057067362,0.0
-8.773166990359787,-0.7864361312183811,0.0
-8.771161522704347,-0.785969497978385,0.0
-8.771573216888413,-0.7863023991936954,0.0
-8.772097530971111,-0.7865617004558563,0.0
-8.771675588629464,-0.7866186819964774,0.0
-8.771189616821902,-0.7867132126593939,0.0
-8.770765493046099,-0.7867659527385616,0.0
-8.770600370044805,-0.7868173641046848,0.0
-8.770489428553939,-0.7868564710134678,0.0
-8.770489428553939,-0.7868564710134678,0.0
-8.770489428553939,-0.7868564710134678,0.0
-8.770489428553939,-0.7868564710134678,0.0
-8.770489428553939,-0.7868564710134678,0.0
-8.770489428553939,-0.7868564710134678,0.0
-8.770489428553939,-0.7868564710134678,0.0
-8.770489428553939,-0.7868564710134678,0.0
-8.770489428553939,-0.7868564710134678,0.0
-8.770489428553939,-0.7868564710134678,0.0
-8.770489428553939,-0.7868564710134678,0.0
-8.770489428553939,-0.7868564710134678,0.0
-8.770489428553939,-0.7868564710134678,0.0
-8.770489428553939,-0.7868564710134678,0.0
-8.770489428553939,-0.7868564710134678,0.0
-8.770489428553939,-0.7868564710134678,0.0
-8.770489428553939,-0.7868564710134678,0.0
-8.770489428553939,-0.7868564710134678,0.0
-8.770489428553939,-0.7868564710134678,0.0
-8.770489428553939,-0.7868564710134678,0.0
-8.770489428553939,-0.7868564710134678,0.0
-8.770489428553939,-0.7868564710134678,0.0
-8.770489428553939,-0.7868564710134678,0.0
-8.770489428553939,-0.7868564710134678,0.0
-8.770489428553939,-0.7868564710134678,0.0
-8.770489428553939,-0.7868564710134678,0.0
-8.770489428553939,-0.7868564710134678,0.0
-8.770489428553939,-0.7868564710134678,0.0
-8.770489428553939,-0.7868564710134678,0.0
-8.770489428553939,-0.7868564710134678,0.0
-8.770489428553939,-0.7868564710134678,0.0
-8.770489428553939,-0.7868564710134678,0.0
-8.770489428553939,-0.7868564710134678,0.0
-8.770489428553939,-0.7868564710134678,0.0
-8.770489428553939,-0.7868564710134678,0.0
-8.770489428553939,-0.7868564710134678,0.0
-8.770489428553939,-0.7868564710134678,0.0
-8.770489428553939,-0.7868564710134678,0.0
-8.770489428553939,-0.7868564710134678,0.0
-8.770489428553939,-0.7868564710134678,0.0
-8.770489428553939,-0.7868564710134678,0.0
-8.770489428553939,-0.7868564710134678,0.0
-8.770489428553939,-0.7868564710134678,0.0
-8.770489428553939,-0.7868564710134678,0.0
-8.770489428553939,-0.7868564710134678,0.0
-8.770489428553939,-0.7868564710134678,0.0
-8.770489428553939,-0.7868564710134678,0.0
-8.770489428553939,-0.7868564710134678,0.0
-8.770489428553939,-0.7868564710134678,0.0
-8.770489428553939,-0.7868564710134678,0.0
-8.770489428553939,-0.7868564710134678,0.0
-8.770489428553939,-0.7868564710134678,0.0
-8.770489428553939,-0.7868564710134678,0.0
-8.770489428553939,-0.7868564710134678,0.0
-8.770489428553939,-0.7868564710134678,0.0
-8.770489428553939,-0.7868564710134678,0.0
-8.770489428553939,-0.7868564710134678,0.0
-8.770489428553939,-0.7868564710134678,0.0
-8.770489428553939,-0.7868564710134678,0.0
-8.770489428553939,-0.7868564710134678,0.0
-8.770489428553939,-0.7868564710134678,0.0
-8.770489428553939,-0.7868564710134678,0.0
-8.770489428553939,-0.7868564710134678,0.0
-8.770489428553939,-0.7868564710134678,0.0
-8.770489428553939,-0.7868564710134678,0.0
-8.770489428553939,-0.7868564710134678,0.0
-8.770489428553939,-0.7868564710134678,0.0
-8.770489428553939,-0.7868564710134678,0.0
-8.770489428553939,-0.7868564710134678,0.0
-8.770489428553939,-0.7868564710134678,0.0
-8.770489428553939,-0.7868564710134678,0.0
-8.770489428553939,-0.7868564710134678,0.0
-8.770489428553939,-0.7868564710134678,0.0
-8.770489428553939,-0.7868564710134678,0.0
-8.770489428553939,-0.7868564710134678,0.0
-8.770489428553939,-0.7868564710134678,0.0
-8.770489428553939,-0.7868564710134678,0.0
-8.770489428553939,-0.7868564710134678,0.0
-8.770489428553939,-0.7868564710134678,0.0
-8.770489428553939,-0.7868564710134678,0.0
-8.770489428553939,-0.7868564710134678,0.0
-8.770489428553939,-0.7868564710134678,0.0
-8.770489428553939,-0.7868564710134678,0.0
-8.770489428553939,-0.7868564710134678,0.0
-8.770489428553939,-0.7868564710134678,0.0
-8.770489428553939,-0.7868564710134678,0.0
-8.770489428553939,-0.7868564710134678,0.0
-8.770489428553939,-0.7868564710134678,0.0
-8.770489428553939,-0.7868564710134678,0.0
-8.770489428553939,-0.7868564710134678,0.0
-8.770489428553939,-0.7868564710134678,0.0
-8.770489428553939,-0.7868564710134678,0.0
-8.770489428553939,-0.7868564710134678,0.0
-8.770489428553939,-0.7868564710134678,0.0
-8.770489428553939,-0.7868564710134678,0.0
-8.770489428553939,-0.7868564710134678,0.0
-8.770461632917725,-0.7868341467118268,0.0
-8.770228592364353,-0.7867099879478584,0.0
-8.769494373102054,-0.7857924307318122,0.0
-8.769024318508118,-0.7842002482081545,0.0
-8.769118553227841,-0.7827007121869919,0.0
-8.769839013978254,-0.7792327543288919,0.0
-8.77070829245349,-0.775523408308606,0.0
-8.772386469368028,-0.767452075740703,0.0
-8.774057477332114,-0.7588773390643448,0.0
-8.775537335833038,-0.7508982377181743,0.0
-8.778295762337002,-0.7367009915524255,0.0
-8.78048901447151,-0.7259351094775378,0.0
-8.784280490006863,-0.7078407403729632,0.0
-8.787988830326421,-0.6907507690007083,0.0
-8.791802167831055,-0.6738655041510568,0.0
-8.796287578565368,-0.6546517160463914,0.0
-8.801849504379108,-0.6314579401676245,0.0
-8.807258881125177,-0.6092382923875753,0.0
-8.814335007196338,-0.5802003748396188,0.0
-8.818238893134243,-0.5639919034822257,0.0
-8.823242937534436,-0.5429940041357482,0.0
-8.827790493101997,-0.5238103144911717,0.0
-8.832621614556546,-0.5033329806154941,0.0
-8.839067136817894,-0.475844217527797,0.0
-8.84253894176703,-0.4609818845612457,0.0
-8.84749554477093,-0.4395163487082422,0.0
-8.85060536977924,-0.4258051972455718,0.0
-8.855299696039099,-0.4036707765771853,0.0
-8.857811263162304,-0.390094975007863,0.0
-8.859883646842622,-0.3771121544940978,0.0
-8.861946634927863,-0.3614187302237014,0.0
-8.86301484879315,-0.350776725727973,0.0
-8.86404770985521,-0.3339312195190366,0.0
-8.86438786591292,-0.322976566989656,0.0
-8.864561133245584,-0.3079349261010051,0.0
-8.864568239713103,-0.3001635854523511,0.0
-8.864569053457314,-0.2928076342993946,0.0
-8.864642681203595,-0.2826040180474018,0.0
-8.864788099110003,-0.276291609651106,0.0
-8.865361776854769,-0.2660892593069867,0.0
-8.86585723698537,-0.2609673465119284,0.0
-8.866491445968693,-0.256257456263964,0.0
-8.867689216194428,-0.2499952678496539,0.0
-8.86860905077187,-0.246304941088847,0.0
-8.870253970860983,-0.2405679208104766,0.0
-8.871072121100477,-0.2377809168317665,0.0
-8.872047059860897,-0.2343208622322722,0.0
-8.872607843447472,-0.2320581017639378,0.0
-8.872901965507767,-0.2306759628431669,0.0
-8.873101515735346,-0.2298366009805486,0.0
-8.873221129861292,-0.2298118996627333,0.0
-8.873503460577869,-0.23072281584354,0.0
-8.873813365944962,-0.2319750704117147,0.0
-8.874473062692129,-0.2345398503711422,0.0
-8.8769402746249,-0.2335636942592474,0.0
-8.879236963757089,-0.2302679274456262,0.0
-8.88199931345352,-0.2274703375782412,0.0
-8.883984719512277,-0.2251892760553548,0.0
-8.88576347146132,-0.2221595485332761,0.0
-8.887051346719456,-0.2190445933621358,0.0
-8.886919677374168,-0.216889943233498,0.0
-8.886415712189526,-0.2155674714698357,0.0
-8.886073997133595,-0.2148644960613223,0.0
-8.885930304669614,-0.2143477889737474,0.0
-8.88593742801188,-0.2142232650709983,0.0
-8.885734956777032,-0.2141442698830731,0.0
-8.885480712228498,-0.2140922924510991,0.0
-8.885475807811634,-0.2140971409712568,0.0
-8.885790470590432,-0.2140696109521106,0.0
-8.885962022815912,-0.2140015415870527,0.0
-8.885991574984056,-0.2139746301603403,0.0
-8.885977050073166,-0.2139792323839042,0.0
-8.885963737312217,-0.2139566144846701,0.0
-8.885975190772124,-0.2139313441451587,0.0
-8.885925344314918,-0.2141557949636795,0.0
-8.88648710988267,-0.2139412444423475,0.0
-8.886744549953715,-0.2137989031899413,0.0
-8.887010877154879,-0.2138708384919697,0.0
-8.887263188834238,-0.2138601480549553,0.0
-8.887391160080313,-0.21387974133054,0.0
-8.88746650378526,-0.2138674857039746,0.0
-8.887514303303217,-0.2138671917754456,0.0
-8.887514303303217,-0.2138671917754456,0.0
-8.887514303303217,-0.2138671917754456,0.0
-8.887514303303217,-0.2138671917754456,0.0
-8.887514303303217,-0.2138671917754456,0.0
-8.887514303303217,-0.2138671917754456,0.0
-8.887514303303217,-0.2138671917754456,0.0
-8.887514303303217,-0.2138671917754456,0.0
-8.887514303303217,-0.2138671917754456,0.0
-8.887514303303217,-0.2138671917754456,0.0
-8.887514303303217,-0.2138671917754456,0.0
-8.887514303303217,-0.2138671917754456,0.0
-8.887514303303217,-0.2138671917754456,0.0
-8.887514303303217,-0.2138671917754456,0.0
-8.887514303303217,-0.2138671917754456,0.0
-8.887514303303217,-0.2138671917754456,0.0
-8.887514303303217,-0.2138671917754456,0.0
-8.887514303303217,-0.2138671917754456,0.0
-8.887514303303217,-0.2138671917754456,0.0
-8.887514303303217,-0.2138671917754456,0.0
-8.887514303303217,-0.2138671917754456,0.0
-8.887514303303217,-0.2138671917754456,0.0
-8.887514303303217,-0.2138671917754456,0.0
-8.887514303303217,-0.2138671917754456,0.0
-8.887514303303217,-0.2138671917754456,0.0
-8.887514303303217,-0.2138671917754456,0.0
-8.887514303303217,-0.2138671917754456,0.0
-8.887514303303217,-0.2138671917754456,0.0
-8.887514303303217,-0.2138671917754456,0.0
-8.887514303303217,-0.2138671917754456,0.0
-8.887514303303217,-0.2138671917754456,0.0
-8.887514303303217,-0.2138671917754456,0.0
-8.887514303303217,-0.2138671917754456,0.0
-8.887514303303217,-0.2138671917754456,0.0
-8.887514303303217,-0.2138671917754456,0.0
-8.887514303303217,-0.2138671917754456,0.0
-8.887514303303217,-0.2138671917754456,0.0
-8.887514303303217,-0.2138671917754456,0.0
-8.887514303303217,-0.2138671917754456,0.0
-8.887514303303217,-0.2138671917754456,0.0
-8.887514303303217,-0.2138671917754456,0.0
-8.887514303303217,-0.2138671917754456,0.0
-8.887514303303217,-0.2138671917754456,0.0
-8.887514303303217,-0.2138671917754456,0.0
-8.887514303303217,-0.2138671917754456,0.0
-8.887514303303217,-0.2138671917754456,0.0
-8.887514303303217,-0.2138671917754456,0.0
-8.887514303303217,-0.2138671917754456,0.0
-8.887514303303217,-0.2138671917754456,0.0
-8.887514303303217,-0.2138671917754456,0.0
-8.887514303303217,-0.2138671917754456,0.0
-8.887514303303217,-0.2138671917754456,0.0
-8.887514303303217,-0.2138671917754456,0.0
-8.887514292921406,-0.213866494991566,0.0
-8.88752368547222,-0.2137922396344365,0.0
-8.88759015062318,-0.213477639899191,0.0
-8.887800737184646,-0.2123385362686733,0.0
-8.888066166870301,-0.2104753458577555,0.0
-8.888284079857218,-0.2078084802776588,0.0
-8.888433614999098,-0.2046201823918964,0.0
-8.88854442714364,-0.1986330688133536,0.0
-8.888548819856146,-0.1889328038918721,0.0
-8.888768965475304,-0.1780116521005734,0.0
-8.889099639558546,-0.1680950133679668,0.0
-8.88965079019464,-0.1548517103540223,0.0
-8.890572544206567,-0.1407539135949143,0.0
-8.892836350109592,-0.1165029233366356,0.0
-8.89535128681066,-0.0956778970451175,0.0
-8.89815305467251,-0.0764401930228308,0.0
-8.902509431818261,-0.0500811331369703,0.0
-8.905350824139445,-0.0341357970074898,0.0
-8.911035690749015,-0.0044931676227038,0.0
-8.921197630118808,0.0435831849413363,0.0
-8.926569261091068,0.0676210526023537,0.0
-8.935108572207126,0.1049101617117021,0.0
-8.94096830976758,0.1304265993579049,0.0
-8.949700539515732,0.1695262456740865,0.0
-8.957040135631738,0.2040296300360415,0.0
-8.962497363127113,0.2308432621437121,0.0
-8.970214445482021,0.2714412729049293,0.0
-8.974988930652758,0.2986794898678213,0.0
-8.984224342605476,0.3585854671004297,0.0
-8.987987223717964,0.3856563585109691,0.0
-8.991445379180025,0.4124457495183026,0.0
-8.996164815010582,0.451891788654749,0.0
-8.999184192525103,0.4776183798405194,0.0
-9.005998508837406,0.5293652884356705,0.0
-9.009520058182776,0.5529829446086478,0.0
-9.013977367222068,0.5802243761808735,0.0
-9.018929834686784,0.6083971431839458,0.0
-9.02268000746127,0.6290337650389647,0.0
-9.0290328337306,0.6636959660102474,0.0
-9.033385499233786,0.6885150867687692,0.0
-9.03730202998409,0.7131026435573419,0.0
-9.039522132894325,0.7282962838012863,0.0
-9.041676242407384,0.7438383603519069,0.0
-9.044093156250026,0.7620038687620437,0.0
-9.04529034260054,0.7716438294974076,0.0
-9.047164585749682,0.7900751914821118,0.0
-9.048030993631755,0.7995635929911552,0.0
-9.0493949276981,0.8107303602757091,0.0
-9.051165881708046,0.820038510869334,0.0
-9.053950613706764,0.8288702314275037,0.0
-9.056170982020522,0.8340016895660817,0.0
-9.05790684715049,0.8367566594235041,0.0
-9.06003344025622,0.8386464346830961,0.0
-9.06212312135372,0.8390888966953586,0.0
-9.064503598924428,0.8382259793213034,0.0
-9.067102739359346,0.8359041137830024,0.0
-9.069021063300095,0.8330398876401969,0.0
-9.072688990283892,0.8318442620320607,0.0
-9.076475747078796,0.8347104295838701,0.0
-9.080592010939768,0.8367286101084871,0.0
-9.084134012743142,0.839517441295068,0.0
-9.084770970857058,0.8415559244611102,0.0
-9.084286184410814,0.8431868535939857,0.0
-9.083558822425694,0.8445535530110805,0.0
-9.0833205968545,0.8453416086868425,0.0
-9.083108920623996,0.8457802797869537,0.0
-9.082819203921426,0.845910676508092,0.0
-9.082332694151154,0.8459139614436298,0.0
-9.082208235513251,0.8458529087250469,0.0
-9.082336477200087,0.8457978004009543,0.0
-9.082624626470576,0.8456988933797472,0.0
-9.082747790055986,0.8456879184352788,0.0
-9.082945173366554,0.8457101277941105,0.0
-9.08315653201005,0.8456105544790917,0.0
-9.083335063471177,0.8455419941352552,0.0
-9.083486966301496,0.845464422796302,0.0
-9.083534507520955,0.8456083101113276,0.0
-9.083614498319813,0.8456473557041192,0.0
-9.08366818204324,0.8456654838399982,0.0
-9.083695071588354,0.8456746959781619,0.0
-9.083695071588354,0.8456746959781619,0.0
-9.083695071588354,0.8456746959781619,0.0
-9.083695071588354,0.8456746959781619,0.0
-9.083695071588354,0.8456746959781619,0.0
-9.083695071588354,0.8456746959781619,0.0
-9.083695071588354,0.8456746959781619,0.0
-9.083695071588354,0.8456746959781619,0.0
-9.083695071588354,0.8456746959781619,0.0
-9.083695071588354,0.8456746959781619,0.0
-9.083695071588354,0.8456746959781619,0.0
-9.083695071588354,0.8456746959781619,0.0
-9.083695071588354,0.8456746959781619,0.0
-9.083695071588354,0.8456746959781619,0.0
-9.083695071588354,0.8456746959781619,0.0
-9.083695071588354,0.8456746959781619,0.0
-9.083695071588354,0.8456746959781619,0.0
-9.083695071588354,0.8456746959781619,0.0
-9.083695071588354,0.8456746959781619,0.0
-9.083695071588354,0.8456746959781619,0.0
-9.083695071588354,0.8456746959781619,0.0
-9.083695071588354,0.8456746959781619,0.0
-9.083695071588354,0.8456746959781619,0.0
-9.083695071588354,0.8456746959781619,0.0
-9.083695071588354,0.8456746959781619,0.0
-9.083695071588354,0.8456746959781619,0.0
-9.083695071588354,0.8456746959781619,0.0
-9.083695071588354,0.8456746959781619,0.0
-9.083695071588354,0.8456746959781619,0.0
-9.083695071588354,0.8456746959781619,0.0
-9.083695071588354,0.8456746959781619,0.0
-9.083695071588354,0.8456746959781619,0.0
-9.083695071588354,0.8456746959781619,0.0
-9.083695071588354,0.8456746959781619,0.0
-9.083695071588354,0.8456746959781619,0.0
-9.083695071588354,0.8456746959781619,0.0
-9.083695071588354,0.8456746959781619,0.0
-9.083695071588354,0.8456746959781619,0.0
-9.083695071588354,0.8456746959781619,0.0
-9.083695071588354,0.8456746959781619,0.0
-9.083695071588354,0.8456746959781619,0.0
-9.083695071588354,0.8456746959781619,0.0
-9.083695071588354,0.8456746959781619,0.0
-9.083695071588354,0.8456746959781619,0.0
-9.083695071588354,0.8456746959781619,0.0
-9.083695071588354,0.8456746959781619,0.0
-9.083695071588354,0.8456746959781619,0.0
-9.083695071588354,0.8456746959781619,0.0
-9.083695071588354,0.8456746959781619,0.0
-9.083695071588354,0.8456746959781619,0.0
-9.083695071588354,0.8456746959781619,0.0
-9.083695071588354,0.8456746959781619,0.0
-9.083695071588354,0.8456746959781619,0.0
-9.083695071588354,0.8456746959781619,0.0
-9.083695071588354,0.8456746959781619,0.0
-9.083695071588354,0.8456746959781619,0.0
-9.083695071588354,0.8456746959781619,0.0
-9.083695071588354,0.8456746959781619,0.0
-9.083695071588354,0.8456746959781619,0.0
-9.083695071588354,0.8456746959781619,0.0
-9.083695071588354,0.8456746959781619,0.0
-9.083706165283123,0.8457018694758451,0.0
-9.08372665199857,0.8458129073709932,0.0
-9.083812546090428,0.846283248663484,0.0
-9.084020853431152,0.8468068984660866,0.0
-9.08437995595834,0.8486208526729725,0.0
-9.084548864545695,0.8500442456447695,0.0
-9.08488251186207,0.8543342059393282,0.0
-9.085356634988417,0.8624363527961161,0.0
-9.08556196806482,0.8670336089167042,0.0
-9.085897771486474,0.8811942541429411,0.0
-9.08596003379744,0.8902394470965371,0.0
-9.08616652270369,0.9089941097568326,0.0
-9.086818211978914,0.9206531723564132,0.0
-9.087912415471974,0.9336088388795212,0.0
-9.091185292528603,0.959634052433244,0.0
-9.093571210258078,0.9752025234802209,0.0
-9.097731493697305,0.999817496334968,0.0
-9.102089307406429,1.0240095199154804,0.0
-9.10654747342512,1.047449870336835,0.0
-9.11212620443549,1.0754461274007563,0.0
-9.115987437916354,1.0945108489690671,0.0
-9.12184875131716,1.1235113515603186,0.0
-9.125725510188492,1.1430018914493487,0.0
-9.13251126377322,1.1781185280888302,0.0
-9.136137566427204,1.19756392055841,0.0
-9.139650918908693,1.2168473345752762,0.0
-9.144782209063182,1.2451141429983663,0.0
-9.148223923982284,1.2633324356499658,0.0
-9.154975409127436,1.294172058750119,0.0
-9.157853626144789,1.3054871315149048,0.0
-9.162215444489105,1.3208080503643294,0.0
-9.168911434949903,1.3418886191447572,0.0
-9.173253563423472,1.3546535409212888,0.0
-9.180430222402514,1.3748066539011905,0.0
-9.184005190905712,1.3846905483486671,0.0
-9.18953221233303,1.4000915746871956,0.0
-9.19218775109166,1.4075487798383457,0.0
-9.195019134312526,1.4154856398766598,0.0
-9.198498291246633,1.424832193329563,0.0
-9.200896000460808,1.4304768231862004,0.0
-9.203501228842326,1.435658043254742,0.0
-9.205168226499255,1.4383303086002928,0.0
-9.207017581404598,1.440638184427519,0.0
-9.20912524507994,1.4422993619879816,0.0
-9.21050889901116,1.4425577778599372,0.0
-9.211714841241111,1.4424757448274923,0.0
-9.21223705093819,1.4426325163139129,0.0
-9.212368508437844,1.443182607783354,0.0
-9.212139789151976,1.4437631616806756,0.0
-9.211976864788562,1.4448698583957589,0.0
-9.212208401812882,1.4453595637397636,0.0
-9.212304109486936,1.4452243338492554,0.0
-9.212176254086184,1.4450984018100128,0.0
-9.212087422990296,1.44506594021608,0.0
-9.212076311877729,1.4450715396453346,0.0
-9.212076311877729,1.4450715396453346,0.0
-9.212076311877729,1.4450715396453346,0.0
-9.212076311877729,1.4450715396453346,0.0
-9.212076311877729,1.4450715396453346,0.0
-9.212076311877729,1.4450715396453346,0.0
-9.212076311877729,1.4450715396453346,0.0
-9.212076311877729,1.4450715396453346,0.0
-9.212076311877729,1.4450715396453346,0.0
-9.212076311877729,1.4450715396453346,0.0
-9.212076311877729,1.4450715396453346,0.0
-9.212076311877729,1.4450715396453346,0.0
-9.212076311877729,1.4450715396453346,0.0
-9.212076311877729,1.4450715396453346,0.0
-9.212076311877729,1.4450715396453346,0.0
-9.212076311877729,1.4450715396453346,0.0
-9.212076311877729,1.4450715396453346,0.0
-9.212076311877729,1.4450715396453346,0.0
-9.212076311877729,1.4450715396453346,0.0
-9.212076311877729,1.4450715396453346,0.0
-9.212076311877729,1.4450715396453346,0.0
-9.212076311877729,1.4450715396453346,0.0
-9.212076311877729,1.4450715396453346,0.0
-9.212076311877729,1.4450715396453346,0.0
-9.212076311877729,1.4450715396453346,0.0
-9.212076311877729,1.4450715396453346,0.0
-9.212076311877729,1.4450715396453346,0.0
-9.212076311877729,1.4450715396453346,0.0
-9.212076311877729,1.4450715396453346,0.0
-9.212076311877729,1.4450715396453346,0.0
-9.212076311877729,1.4450715396453346,0.0
-9.212076311877729,1.4450715396453346,0.0
-9.212076311877729,1.4450715396453346,0.0
-9.212076311877729,1.4450715396453346,0.0
-9.212076311877729,1.4450715396453346,0.0
-9.212076311877729,1.4450715396453346,0.0
-9.212076311877729,1.4450715396453346,0.0
-9.212076311877729,1.4450715396453346,0.0
-9.212076311877729,1.4450715396453346,0.0
-9.212076311877729,1.4450715396453346,0.0
-9.212076311877729,1.4450715396453346,0.0
-9.212076311877729,1.4450715396453346,0.0
-9.212076311877729,1.4450715396453346,0.0
-9.212076311877729,1.4450715396453346,0.0
-9.212076311877729,1.4450715396453346,0.0
-9.212076311877729,1.4450715396453346,0.0
-9.212076311877729,1.4450715396453346,0.0
-9.212076311877729,1.4450715396453346,0.0
-9.212076311877729,1.4450715396453346,0.0
-9.212076311877729,1.4450715396453346,0.0
-9.212076311877729,1.4450715396453346,0.0
-9.212076311877729,1.4450715396453346,0.0
-9.212076311877729,1.4450715396453346,0.0
-9.212076311877729,1.4450715396453346,0.0
-9.212076311877729,1.4450715396453346,0.0
-9.212076311877729,1.4450715396453346,0.0
-9.212076311877729,1.4450715396453346,0.0
-9.212076311877729,1.4450715396453346,0.0
-9.212076311877729,1.4450715396453346,0.0
-9.212076311877729,1.4450715396453346,0.0
-9.212076311877729,1.4450715396453346,0.0
-9.212076311877729,1.4450715396453346,0.0
-9.212076311877729,1.4450715396453346,0.0
-9.212076311877729,1.4450715396453346,0.0
-9.212076311877729,1.4450715396453346,0.0
-9.212076311877729,1.4450715396453346,0.0
-9.212076311877729,1.4450715396453346,0.0
-9.212076311877729,1.4450715396453346,0.0
-9.212076311877729,1.4450715396453346,0.0
-9.212076311877729,1.4450715396453346,0.0
-9.212076311877729,1.4450715396453346,0.0
-9.212076311877729,1.4450715396453346,0.0
-9.212076311877729,1.4450715396453346,0.0
-9.212076311877729,1.4450715396453346,0.0
-9.212076311877729,1.4450715396453346,0.0
-9.212076311877729,1.4450715396453346,0.0
-9.212076311877729,1.4450715396453346,0.0
-9.212076311877729,1.4450715396453346,0.0
-9.212076311877729,1.4450715396453346,0.0
-9.212076311877729,1.4450715396453346,0.0
-9.212076311877729,1.4450715396453346,0.0
-9.212076311877729,1.4450715396453346,0.0
-9.212076311877729,1.4450715396453346,0.0
-9.212076311877729,1.4450715396453346,0.0
-9.212076311877729,1.4450715396453346,0.0
-9.212076311877729,1.4450715396453346,0.0
-9.212076311877729,1.4450715396453346,0.0
-9.212076311877729,1.4450715396453346,0.0
-9.212076311877729,1.4450715396453346,0.0
-9.212076311877729,1.4450715396453346,0.0
-9.212076311877729,1.4450715396453346,0.0
-9.212076311877729,1.4450715396453346,0.0
-9.212076311877729,1.4450715396453346,0.0
-9.212076311877729,1.4450715396453346,0.0
-9.212076311877729,1.4450715396453346,0.0
-9.212076311877729,1.4450715396453346,0.0
-9.212076311877729,1.4450715396453346,0.0
-9.212076311877729,1.4450715396453346,0.0
-9.212076311877729,1.4450715396453346,0.0
-9.212076311877729,1.4450715396453346,0.0
-9.212076311877729,1.4450715396453346,0.0
-9.212076311877729,1.4450715396453346,0.0
-9.212076311877729,1.4450715396453346,0.0
-9.212076311877729,1.4450715396453346,0.0
-9.212076311877729,1.4450715396453346,0.0
-9.212076311877729,1.4450715396453346,0.0
-9.212076311877729,1.4450715396453346,0.0
-9.212076311877729,1.4450715396453346,0.0
-9.212076311877729,1.4450715396453346,0.0
-9.212076311877729,1.4450715396453346,0.0
-9.212076311877729,1.4450715396453346,0.0
-9.212076311877729,1.4450715396453346,0.0
-9.212076311877729,1.4450715396453346,0.0
-9.212076311877729,1.4450715396453346,0.0
-9.212076311877729,1.4450715396453346,0.0
-9.212076311877729,1.4450715396453346,0.0
-9.212076311877729,1.4450715396453346,0.0
-9.212076311877729,1.4450715396453346,0.0
-9.212076311877729,1.4450715396453346,0.0
-9.212076311877729,1.4450715396453346,0.0
-9.212076311877729,1.4450715396453346,0.0
-9.212076311877729,1.4450715396453346,0.0
-9.212076311877729,1.4450715396453346,0.0
-9.212076311877729,1.4450715396453346,0.0
-9.212076311877729,1.4450715396453346,0.0
-9.212076311877729,1.4450715396453346,0.0
-9.212076311877729,1.4450715396453346,0.0
-9.212076311877729,1.4450715396453346,0.0
-9.212076311877729,1.4450715396453346,0.0
-9.212076311877729,1.4450715396453346,0.0
-9.212076311877729,1.4450715396453346,0.0
-9.212076311877729,1.4450715396453346,0.0
-9.212076311877729,1.4450715396453346,0.0
-9.212076311877729,1.4450715396453346,0.0
-9.212076311877729,1.4450715396453346,0.0
-9.212076311877729,1.4450715396453346,0.0
-9.212076311877729,1.4450715396453346,0.0
-9.212076311877729,1.4450715396453346,0.0
-9.212076311877729,1.4450715396453346,0.0
-9.212076311877729,1.4450715396453346,0.0
-9.212076311877729,1.4450715396453346,0.0
-9.212076311877729,1.4450715396453346,0.0
-9.212076311877729,1.4450715396453346,0.0
-9.212076311877729,1.4450715396453346,0.0
-9.212076311877729,1.4450715396453346,0.0
-9.212076311877729,1.4450715396453346,0.0
-9.212076311877729,1.4450715396453346,0.0
-9.212076311877729,1.4450715396453346,0.0
-9.212076311877729,1.4450715396453346,0.0
-9.212076311877729,1.4450715396453346,0.0
-9.212076311877729,1.4450715396453346,0.0
-9.212076311877729,1.4450715396453346,0.0
-9.212076311877729,1.4450715396453346,0.0
-9.212076311877729,1.4450715396453346,0.0
-9.212076311877729,1.4450715396453346,0.0
-9.212076311877729,1.4450715396453346,0.0
-9.212076311877729,1.4450715396453346,0.0
-9.212076311877729,1.4450715396453346,0.0
-9.212076311877729,1.4450715396453346,0.0
-9.212076311877729,1.4450715396453346,0.0
-9.212076311877729,1.4450715396453346,0.0
-9.212076311877729,1.4450715396453346,0.0
-9.212076311877729,1.4450715396453346,0.0
-9.212076311877729,1.4450715396453346,0.0
-9.212076311877729,1.4450715396453346,0.0
-9.212076311877729,1.4450715396453346,0.0
-9.212076311877729,1.4450715396453346,0.0
-9.212076311877729,1.4450715396453346,0.0
-9.212076311877729,1.4450715396453346,0.0
-9.212076311877729,1.4450715396453346,0.0
-9.212076311877729,1.4450715396453346,0.0
-9.212076311877729,1.4450715396453346,0.0
-9.212076311877729,1.4450715396453346,0.0
-9.212076311877729,1.4450715396453346,0.0
-9.212076311877729,1.4450715396453346,0.0
-9.212076311877729,1.4450715396453346,0.0
-9.212076311877729,1.4450715396453346,0.0
-9.212076311877729,1.4450715396453346,0.0
-9.212076311877729,1.4450715396453346,0.0
-9.212076311877729,1.4450715396453346,0.0
-9.212076311877729,1.4450715396453346,0.0
-9.212076311877729,1.4450715396453346,0.0
-9.212076311877729,1.4450715396453346,0.0
-9.212076311877729,1.4450715396453346,0.0
-9.212076311877729,1.4450715396453346,0.0
-9.212076311877729,1.4450715396453346,0.0
-9.212076311877729,1.4450715396453346,0.0
-9.212076311877729,1.4450715396453346,0.0
-9.212076311877729,1.4450715396453346,0.0
-9.212076311877729,1.4450715396453346,0.0
-9.212076311877729,1.4450715396453346,0.0
-9.212076311877729,1.4450715396453346,0.0
-9.212076311877729,1.4450715396453346,0.0
-9.212076311877729,1.4450715396453346,0.0
-9.212076311877729,1.4450715396453346,0.0
-9.212076311877729,1.4450715396453346,0.0
-9.212076311877729,1.4450715396453346,0.0
-9.212076311877729,1.4450715396453346,0.0
-9.212076311877729,1.4450715396453346,0.0
-9.212076311877729,1.4450715396453346,0.0
-9.212076311877729,1.4450715396453346,0.0
-9.212076311877729,1.4450715396453346,0.0
-9.212076311877729,1.4450715396453346,0.0
-9.212076311877729,1.4450715396453346,0.0
-9.212076311877729,1.4450715396453346,0.0
-9.212076311877729,1.4450715396453346,0.0
-9.212076311877729,1.4450715396453346,0.0
-9.212076311877729,1.4450715396453346,0.0
-9.212076311877729,1.4450715396453346,0.0
-9.212076311877729,1.4450715396453346,0.0
-9.212076311877729,1.4450715396453346,0.0
-9.212076311877729,1.4450715396453346,0.0
-9.212076311877729,1.4450715396453346,0.0
-9.212076311877729,1.4450715396453346,0.0
-9.212076311877729,1.4450715396453346,0.0
-9.212076311877729,1.4450715396453346,0.0
-9.212076311877729,1.4450715396453346,0.0
-9.212076311877729,1.4450715396453346,0.0
-9.212076311877729,1.4450715396453346,0.0
-9.212076311877729,1.4450715396453346,0.0
-9.212076311877729,1.4450715396453346,0.0
-9.212076311877729,1.4450715396453346,0.0
-9.212076311877729,1.4450715396453346,0.0
-9.212076311877729,1.4450715396453346,0.0
-9.212076311877729,1.4450715396453346,0.0
-9.212076311877729,1.4450715396453346,0.0
-9.212076311877729,1.4450715396453346,0.0
